t,T_true,T_meas,T_out,setpoint,heater,error,T_pred,lower,upper
0.0,18.0,18.226442669706422,5.0,21.0,1,2.7735573302935776,18.226442669706422,20.5,21.5
1.0,18.0174,18.291318776766474,5.00174532903047,21.0,1,2.7086812232335262,18.940079847366988,20.5,21.5
2.0,18.034796869065804,18.3442850602834,5.003490656731796,21.0,1,2.6557149397165993,18.87394789545267,20.5,21.5
3.0,18.052190607823338,18.3733590581889,5.005235981774836,21.0,1,2.6266409418111003,18.66409903724389,20.5,21.5
4.0,18.06958121689813,18.35970792528439,5.0069813028304475,21.0,1,2.6402920747156102,18.22319659623929,20.5,21.5
5.0,18.086968696915317,18.33077591446541,5.008726618569493,21.0,1,2.669224085534591,18.041455806275604,20.5,21.5
6.0,18.104353048499647,18.31356396039307,5.010471927662839,21.0,1,2.6864360396069316,18.14144441966966,20.5,21.5
7.0,18.12173427227548,18.313320134338838,5.012217228781357,21.0,1,2.686679865661162,18.310881873796532,20.5,21.5
8.0,18.13911236886678,18.282627621179444,5.013962520595923,21.0,1,2.7173723788205564,17.9757024895855,20.5,21.5
9.0,18.156487338897126,18.326415175287956,5.015707801777423,21.0,1,2.6735848247120444,18.764290716373075,20.5,21.5
10.0,18.173859182989702,18.437947346425936,5.017453070996748,21.0,1,2.5620526535740638,19.553269057805743,20.5,21.5
11.0,18.191227901767302,18.527238175817036,5.0191983269248,21.0,1,2.472761824182964,19.420146469728035,20.5,21.5
12.0,18.208593495852334,18.533318059853674,5.020943568232491,21.0,1,2.4666819401463265,18.594116900220047,20.5,21.5
13.0,18.22595596586681,18.62004678068423,5.022688793590745,21.0,1,2.3799532193157695,19.4873339889898,20.5,21.5
14.0,18.243315312432355,18.624106182842084,5.024434001670494,21.0,1,2.375893817157916,18.66470020442062,20.5,21.5
15.0,18.260671536170204,18.55914250799622,5.026179191142689,21.0,1,2.4408574920037793,17.909505759537588,20.5,21.5
16.0,18.278024637701197,18.44454782798499,5.02792436067829,21.0,1,2.555452172015009,17.298601027872692,20.5,21.5
17.0,18.29537461764579,18.47431837085528,5.029669508948277,21.0,1,2.525681629144721,18.772023799558163,20.5,21.5
18.0,18.312721476624052,18.51917669758832,5.0314146346236415,21.0,1,2.480823302411679,18.96775996491874,20.5,21.5
19.0,18.33006521525565,18.524661248595883,5.033159736375395,21.0,1,2.4753387514041165,18.579506758671506,20.5,21.5
20.0,18.347405834159876,18.540753383336646,5.034904812874567,21.0,1,2.4592466166633535,18.701674730744276,20.5,21.5
21.0,18.36474333395562,18.638719865061763,5.036649862792205,21.0,1,2.3612801349382373,19.618384682312925,20.5,21.5
22.0,18.382077715261385,18.623922877780608,5.038394884799379,21.0,1,2.3760771222193924,18.475953004969057,20.5,21.5
23.0,18.39940897869529,18.54176527203031,5.040139877567178,21.0,1,2.458234727969689,17.720189214527345,20.5,21.5
24.0,18.416737124875066,18.662356908890718,5.0418848397667135,21.0,1,2.337643091109282,19.86827327749479,20.5,21.5
25.0,18.434062154418044,18.73145649534542,5.043629770069122,21.0,1,2.2685435046545805,19.422452359892432,20.5,21.5
26.0,18.451384067941174,18.756174540045297,5.045374667145563,21.0,1,2.243825459954703,19.003354987044073,20.5,21.5
27.0,18.468702866061015,18.77979945989491,5.047119529667221,21.0,1,2.2202005401050897,19.016048658391043,20.5,21.5
28.0,18.486018549393737,18.791663610655817,5.048864356305306,21.0,1,2.2083363893441827,18.910305118264887,20.5,21.5
29.0,18.50333111855512,18.726038284823613,5.050609145731059,21.0,1,2.2739617151763873,18.069785026501567,20.5,21.5
30.0,18.520640574160556,18.720326293405332,5.052353896615746,21.0,1,2.279673706594668,18.663206379222526,20.5,21.5
31.0,18.537946916825046,18.72384866509961,5.054098607630664,21.0,1,2.2761513349003906,18.759072382042383,20.5,21.5
32.0,18.555250147163207,18.702969845686646,5.055843277447138,21.0,1,2.2970301543133544,18.494181651557007,20.5,21.5
33.0,18.572550265789264,18.7723226045509,5.057587904736527,21.0,1,2.227677395449099,19.465850193193454,20.5,21.5
34.0,18.589847273317055,18.792860432640516,5.059332488170221,21.0,1,2.2071395673594836,18.998238713536672,20.5,21.5
35.0,18.607141170360027,18.823418420185927,5.061077026419645,21.0,1,2.176581579814073,19.128998295640034,20.5,21.5
36.0,18.62443195753124,18.891493321179055,5.062821518156257,21.0,1,2.1085066788209446,19.57224233111034,20.5,21.5
37.0,18.641719635443366,19.034394386754048,5.064565962051549,21.0,1,1.9656056132459518,20.463405042503975,20.5,21.5
38.0,18.659004204708687,19.01413523539029,5.066310356777053,21.0,1,1.9858647646097083,18.811543721752727,20.5,21.5
39.0,18.6762856659391,18.99608980756168,5.068054701004335,21.0,1,2.003910192438319,18.815635529275575,20.5,21.5
40.0,18.693564019746113,18.99247099907609,5.069798993405002,21.0,1,2.0075290009239097,18.956282914220182,20.5,21.5
41.0,18.710839266740845,19.004164830055863,5.071543232650699,21.0,1,1.9958351699441366,19.121103139853595,20.5,21.5
42.0,18.728111407534026,18.944226772580866,5.073287417413113,21.0,1,2.0557732274191345,18.344846197830886,20.5,21.5
43.0,18.745380442736003,18.9701571155667,5.075031546363969,21.0,1,2.0298428844333003,19.22946054542504,20.5,21.5
44.0,18.76264637295673,18.99996062207008,5.07677561817504,21.0,1,2.0000393779299195,19.29799568710389,20.5,21.5
45.0,18.779909198805775,19.043344815116235,5.078519631518137,21.0,1,1.9566551848837648,19.477186745577782,20.5,21.5
46.0,18.797168920892318,19.034115318418515,5.080263585065119,21.0,1,1.9658846815814854,18.941820351441308,20.5,21.5
47.0,18.81442553982515,19.054487877515527,5.08200747748789,21.0,1,1.9455121224844731,19.25821346848565,20.5,21.5
48.0,18.831679056212685,19.03418862438757,5.0837513074583995,21.0,1,1.9658113756124287,18.831196093108016,20.5,21.5
49.0,18.848929470662934,19.015412567693176,5.085495073648644,21.0,1,1.9845874323068244,18.827652000749218,20.5,21.5
50.0,18.86617678378353,19.069932694737222,5.087238774730672,21.0,1,1.930067305262778,19.615133965177687,20.5,21.5
51.0,18.88342099618172,19.147472121238422,5.088982409376578,21.0,1,1.8525278787615775,19.922866386250426,20.5,21.5
52.0,18.90066210846436,19.115334651464707,5.090725976258508,21.0,1,1.884665348535293,18.79395995372755,20.5,21.5
53.0,18.917900121237917,19.195873508955657,5.09246947404866,21.0,1,1.804126491044343,20.001262083865157,20.5,21.5
54.0,18.93513503510848,19.350682992866663,5.094212901419286,21.0,1,1.6493170071333374,20.89877783197672,20.5,21.5
55.0,18.95236685068174,19.403159292210297,5.095956257042688,21.0,1,1.5968407077897027,19.927922285646645,20.5,21.5
56.0,18.969595568563015,19.286638286819667,5.097699539591226,21.0,1,1.7133617131803334,18.12142823291336,20.5,21.5
57.0,18.986821189357222,19.25006576032126,5.099442747737315,21.0,1,1.7499342396787405,18.884340495337188,20.5,21.5
58.0,19.0040437136689,19.297497828641163,5.101185880153427,21.0,1,1.7025021713588373,19.771818511840195,20.5,21.5
59.0,19.021263142102196,19.198635088526565,5.102928935512088,21.0,1,1.801364911473435,18.21000768738059,20.5,21.5
60.0,19.03847947526088,19.178099095941093,5.1046719124858875,21.0,1,1.8219009040589071,18.97273917008637,20.5,21.5
61.0,19.055692713748325,19.2525174250953,5.106414809747473,21.0,1,1.7474825749047014,19.996700716637356,20.5,21.5
62.0,19.072902858167524,19.38903553372684,5.10815762596955,21.0,1,1.6109644662731597,20.754216620042257,20.5,21.5
63.0,19.090109909121082,19.374224742276123,5.109900359824891,21.0,1,1.6257752577238769,19.22611682776895,20.5,21.5
64.0,19.10731386721122,19.427087741756537,5.111643009986327,21.0,1,1.5729122582434627,19.95571773656068,20.5,21.5
65.0,19.124514733039778,19.400593816317688,5.113385575126755,21.0,1,1.5994061836823121,19.135654561929194,20.5,21.5
66.0,19.141712507208194,19.48457549379166,5.115128053919134,21.0,1,1.5154245062083405,20.324392268531376,20.5,21.5
67.0,19.158907190317535,19.56040959185419,5.116870445036493,21.0,1,1.4395904081458113,20.31875057247948,20.5,21.5
68.0,19.176098782968477,19.63038448743037,5.118612747151923,21.0,1,1.3696155125696308,20.330133443192175,20.5,21.5
69.0,19.193287285761315,19.666738985446063,5.120354958938587,21.0,1,1.333261014553937,20.030283965603,20.5,21.5
70.0,19.210472699295952,19.736018841711026,5.122097079069714,21.0,1,1.2639811582889742,20.428817404360654,20.5,21.5
71.0,19.227655024171906,19.682004959919464,5.123839106218604,21.0,1,1.317995040080536,19.141866142003845,20.5,21.5
72.0,19.244834260988316,19.635783557915786,5.125581039058627,21.0,1,1.3642164420842136,19.17356953787901,20.5,21.5
73.0,19.26201041034393,19.604037745887595,5.127322876263226,21.0,1,1.3959622541124048,19.286579625605683,20.5,21.5
74.0,19.279183472837115,19.598532120256074,5.129064616505916,21.0,1,1.401467879743926,19.543475863940863,20.5,21.5
75.0,19.296353449065847,19.592240409314314,5.130806258460286,21.0,1,1.4077595906856857,19.529323299896717,20.5,21.5
76.0,19.313520339627726,19.62807922142265,5.1325478008,21.0,1,1.3719207785773513,19.986467342505993,20.5,21.5
77.0,19.33068414511996,19.598608516634645,5.134289242198798,21.0,1,1.4013914833653551,19.303901468754606,20.5,21.5
78.0,19.347844866139376,19.56521627209768,5.1360305813304965,21.0,1,1.434783727902321,19.23129382672802,20.5,21.5
79.0,19.365002503282415,19.572151807839585,5.137771816868989,21.0,1,1.4278481921604147,19.64150716525865,20.5,21.5
80.0,19.382157057145132,19.5913469237489,5.13951294748825,21.0,1,1.408653076251099,19.78329808284206,20.5,21.5
81.0,19.3993085283232,19.527243659728818,5.141253971862334,21.0,1,1.4727563402711823,18.886211019527984,20.5,21.5
82.0,19.416456917411907,19.554628556516,5.142994888665372,21.0,1,1.4453714434839995,19.82847752438783,20.5,21.5
83.0,19.433602225006158,19.64556308749862,5.1447356965715825,21.0,1,1.3544369125013809,20.554908397324805,20.5,21.5
84.0,19.450744451700473,19.675092690052644,5.146476394255263,21.0,1,1.3249073099473563,19.97038871559289,20.5,21.5
85.0,19.467883598088985,19.61425519074759,5.1482169803907984,21.0,1,1.3857448092524116,19.005880197697035,20.5,21.5
86.0,19.485019664765446,19.733630155355918,5.149957453652656,21.0,1,1.2663698446440819,20.927379801439216,20.5,21.5
87.0,19.502152652323222,19.79799038281083,5.151697812715388,21.0,1,1.2020096171891694,20.441592657359955,20.5,21.5
88.0,19.5192825613553,19.815493673628104,5.153438056253638,21.0,1,1.1845063263718956,19.990526581800843,20.5,21.5
89.0,19.53640939245428,19.802422127310372,5.155178182942132,21.0,1,1.197577872689628,19.671706664133048,20.5,21.5
90.0,19.55353314621238,19.87148515309382,5.15691819145569,21.0,1,1.1285148469061816,20.562115410928282,20.5,21.5
91.0,19.57065382322143,19.843969385032487,5.158658080469219,21.0,1,1.1560306149675128,19.568811704419176,20.5,21.5
92.0,19.58777142407288,19.853421212036082,5.160397848657718,21.0,1,1.146578787963918,19.94793948207203,20.5,21.5
93.0,19.604885949357797,19.76150643845147,5.162137494696277,21.0,1,1.2384935615485304,18.842358702605345,20.5,21.5
94.0,19.621997399666864,19.843199590417836,5.163877017260082,21.0,1,1.1568004095821642,20.660131110081497,20.5,21.5
95.0,19.639105775590384,19.854849063885432,5.165616415024409,21.0,1,1.1451509361145682,19.971343798561392,20.5,21.5
96.0,19.65621107771827,19.91136419506707,5.167355686664631,21.0,1,1.088635804932931,20.47651550688344,20.5,21.5
97.0,19.67331330664006,19.953922941225947,5.169094830856218,21.0,1,1.0460770587740527,20.37951040281473,20.5,21.5
98.0,19.690412462944906,20.04503247272183,5.170833846274735,21.0,1,0.9549675272781712,20.956127787680643,20.5,21.5
99.0,19.707508547221572,20.012595810932787,5.172572731595847,21.0,1,0.9874041890672132,19.688229193042368,20.5,21.5
100.0,19.724601560058446,20.061314422313266,5.174311485495316,21.0,1,0.9386855776867336,20.548500536118063,20.5,21.5
101.0,19.741691502043533,20.021186324883352,5.176050106649007,21.0,1,0.9788136751166476,19.61990535058421,20.5,21.5
102.0,19.758778373764454,19.987816124425027,5.177788593732883,21.0,1,1.0121838755749728,19.654114119841775,20.5,21.5
103.0,19.77586217580845,20.0661842366203,5.179526945423011,21.0,1,0.9338157633797017,20.84986535857301,20.5,21.5
104.0,19.79294290876237,20.121876148589536,5.181265160395561,21.0,1,0.8781238514104643,20.67879526828191,20.5,21.5
105.0,19.810020573212697,20.02694680633915,5.183003237326805,21.0,1,0.9730531936608493,19.0776533838353,20.5,21.5
106.0,19.82709516974552,20.18666807316182,5.184741174893123,21.0,0,0.8133319268381811,21.7838807413885,20.5,21.5
107.0,19.82416669894655,20.22559257829649,5.186478971771001,21.0,0,0.7744074217035113,20.614837629643187,20.5,21.5
108.0,19.821239161401113,20.19754590156375,5.188216626637028,21.0,1,0.8024540984362503,19.91707913423636,20.5,21.5
109.0,19.83831255689416,20.15941682140957,5.189954138167908,21.0,1,0.8405831785904283,19.77812601986779,20.5,21.5
110.0,19.855382885210414,20.207079670100292,5.191691505040448,21.0,1,0.7929203298997081,20.683708157007494,20.5,21.5
111.0,19.87245014693438,20.165430348491917,5.193428725931568,21.0,1,0.8345696515080832,19.748937132408166,20.5,21.5
112.0,19.88951434265018,20.197776523699762,5.195165799518299,21.0,1,0.802223476300238,20.521238275778213,20.5,21.5
113.0,19.906575472941554,20.234509856573254,5.196902724477783,21.0,1,0.7654901434267458,20.601843185308176,20.5,21.5
114.0,19.92363353839186,20.279516848695096,5.198639499487278,21.0,1,0.7204831513049044,20.72958676991351,20.5,21.5
115.0,19.94068853958408,20.34726662389495,5.200376123224153,21.0,1,0.6527333761050507,21.024764375893486,20.5,21.5
116.0,19.95774047710081,20.31116819391388,5.202112594365893,21.0,1,0.6888318060861209,19.950183894103176,20.5,21.5
117.0,19.97478935152426,20.209534440349323,5.2038489115901,21.0,1,0.7904655596506771,19.19319690470376,20.5,21.5
118.0,19.991835163436274,20.23110483083591,5.205585073574493,21.0,1,0.7688951691640895,20.446808735701786,20.5,21.5
119.0,20.008877913418303,20.240814469621263,5.207321078996911,21.0,1,0.7591855303787369,20.33791085747479,20.5,21.5
120.0,20.02591760205142,20.267900472230156,5.209056926535307,21.0,1,0.7320995277698437,20.53876049831909,20.5,21.5
121.0,20.042954229916315,20.297335460510226,5.21079261486776,21.0,1,0.7026645394897741,20.59168534331092,20.5,21.5
122.0,20.059987797593305,20.37172219292578,5.212528142672467,21.0,1,0.6282778070742197,21.115589517081325,20.5,21.5
123.0,20.07701830566232,20.306633339730848,5.214263508627747,21.0,1,0.6933666602691524,19.65574480778152,20.5,21.5
124.0,20.094045754702915,20.312578536897153,5.215998711412046,21.0,1,0.6874214631028472,20.372030508560204,20.5,21.5
125.0,20.111070145294256,20.384829928892355,5.217733749703929,21.0,1,0.6151700711076451,21.107343848844376,20.5,21.5
126.0,20.12809147801514,20.361075233294812,5.219468622182091,21.0,1,0.6389247667051876,20.123528277319387,20.5,21.5
127.0,20.145109753443972,20.44659525265414,5.221203327525349,21.0,1,0.5534047473458585,21.301795446247432,20.5,21.5
128.0,20.16212497215879,20.499032862330203,5.222937864412651,21.0,1,0.5009671376697966,21.023408959090823,20.5,21.5
129.0,20.17913713473724,20.585424898040138,5.224672231523071,21.0,1,0.414575101959862,21.449345255139484,20.5,21.5
130.0,20.196146241756598,20.509986834248604,5.226406427535814,21.0,1,0.490013165751396,19.755606196333265,20.5,21.5
131.0,20.213152293793755,20.568960139022888,5.228140451130212,21.0,1,0.431039860977112,21.158693186765728,20.5,21.5
132.0,20.230155291425223,20.63462472669823,5.229874300985733,21.0,1,0.365375273301769,21.29127060345166,20.5,21.5
133.0,20.247155235227137,20.635458038019618,5.231607975781974,21.0,1,0.36454196198038247,20.643791151233483,20.5,21.5
134.0,20.264152125775247,20.55923685021551,5.233341474198666,21.0,1,0.44076314978449105,19.797024972174423,20.5,21.5
135.0,20.28114596364493,20.62901216720838,5.2350747949156755,21.0,1,0.37098783279162006,21.32676533713709,20.5,21.5
136.0,20.298136749411185,20.670195756369434,5.236807936613002,21.0,1,0.3298042436305657,21.082031647979978,20.5,21.5
137.0,20.315124483648624,20.607398820826614,5.2385408979707835,21.0,1,0.3926011791733863,19.979429465398407,20.5,21.5
138.0,20.332109166931488,20.630489474688957,5.240273677669294,21.0,1,0.36951052531104267,20.861396013312394,20.5,21.5
139.0,20.349090799833636,20.66087604258889,5.242006274388947,21.0,1,0.3391239574111111,20.964741721588204,20.5,21.5
140.0,20.366069382928547,20.659572491354286,5.243738686810295,21.0,1,0.340427508645714,20.646536979008257,20.5,21.5
141.0,20.383044916789324,20.582438319460152,5.24547091361403,21.0,1,0.41756168053984766,19.811096600518816,20.5,21.5
142.0,20.400017401988688,20.579550224691182,5.247202953480985,21.0,1,0.42044977530881766,20.550669277001482,20.5,21.5
143.0,20.416986839098985,20.596987552750456,5.248934805092138,21.0,1,0.40301244724954444,20.771360833343188,20.5,21.5
144.0,20.433953228692186,20.56178718860545,5.2506664671286085,21.0,1,0.4382128113945498,20.209783547155396,20.5,21.5
145.0,20.450916571339874,20.53362225880977,5.25239793827166,21.0,1,0.4663777411902288,20.25197296085298,20.5,21.5
146.0,20.46787686761326,20.5697658949384,5.254129217202701,21.0,1,0.43023410506160076,20.93120225622468,20.5,21.5
147.0,20.484834118083178,20.618956015125747,5.255860302603288,21.0,1,0.3810439848742533,21.11085721699922,20.5,21.5
148.0,20.50178832332008,20.608673515550873,5.257591193155125,21.0,1,0.3913264844491273,20.505848519802132,20.5,21.5
149.0,20.51873948389405,20.71383487688403,5.259321887540064,21.0,0,0.2861651231159712,21.76544849021559,20.5,21.5
150.0,20.51568760037478,20.792036938343593,5.261052384440103,21.0,0,0.20796306165640743,21.57405755293923,20.5,21.5
151.0,20.512636673331592,20.78569784295714,5.262782682537396,21.0,0,0.2143021570428587,20.72230688909263,20.5,21.5
152.0,20.509586702533433,20.776476091139987,5.264512780514245,21.0,0,0.22352390886001317,20.684258572968442,20.5,21.5
153.0,20.506537687749027,20.810261252321077,5.266242677053104,21.0,0,0.1897387476789234,21.148112864131974,20.5,21.5
154.0,20.503489628746888,20.735448914223234,5.267972370836584,21.0,1,0.2645510857767661,19.987325533244807,20.5,21.5
155.0,20.520442525295305,20.72220012864607,5.269701860547446,21.0,1,0.27779987135393114,20.58971227287442,20.5,21.5
156.0,20.537392377162355,20.783338540775713,5.271431144868608,21.0,1,0.21666145922428726,21.39472266207215,20.5,21.5
157.0,20.554339184915897,20.859895724318896,5.273160222483147,21.0,0,0.14010427568110373,21.62546755975073,20.5,21.5
158.0,20.55128294912341,20.89058513297727,5.274889092074293,21.0,0,0.1094148670227284,21.197479219561025,20.5,21.5
159.0,20.548227670352002,20.956710887476195,5.276617752325438,21.0,0,0.04328911252380507,21.617968432465428,20.5,21.5
160.0,20.545173348368397,20.91888231484875,5.278346201920131,21.0,0,0.08111768515124851,20.540596588574317,20.5,21.5
161.0,20.54211998293911,20.843664455072428,5.280074439542083,21.0,1,0.15633554492757185,20.091485857309195,20.5,21.5
162.0,20.55906757383043,20.774872146198806,5.281802463875166,21.0,1,0.22512785380119382,20.086949057462586,20.5,21.5
163.0,20.57601212080844,20.687623845224902,5.283530273603413,21.0,1,0.31237615477509806,19.81514083548586,20.5,21.5
164.0,20.592953624438998,20.73539351959489,5.2852578674110235,21.0,1,0.26460648040511003,21.21309026329477,20.5,21.5
165.0,20.60989208528759,20.79849276587901,5.286985243982358,21.0,1,0.2015072341209887,21.429485228720225,20.5,21.5
166.0,20.62682750391933,20.89355453571661,5.288712402001947,21.0,0,0.10644546428338941,21.844172234092603,20.5,21.5
167.0,20.623759880898945,20.89329609124048,5.290439340154481,21.0,0,0.10670390875952052,20.89071164647917,20.5,21.5
168.0,20.620693216790794,20.953067783882183,5.292166057124823,21.0,0,0.04693221611781695,21.55078471029922,20.5,21.5
169.0,20.61762751135886,20.8895577790152,5.293892551598003,21.0,1,0.11044222098480105,20.254457730345358,20.5,21.5
170.0,20.63456276436691,20.927817521139353,5.295618822259221,21.0,1,0.07218247886064688,21.310414942380895,20.5,21.5
171.0,20.651494975578487,21.001968967849145,5.297344867793846,21.0,0,-0.001968967849144576,21.74348343494706,20.5,21.5
172.0,20.64842414555693,21.10049091761125,5.299070686887419,21.0,0,-0.10049091761124984,22.085710415232302,20.5,21.5
173.0,20.645354274865195,21.166504233445938,5.300796278225654,21.0,0,-0.1665042334459379,21.82663739179282,20.5,21.5
174.0,20.642285363265866,21.1892692621312,5.302521640494438,21.0,0,-0.18926926213120154,21.416919548983838,20.5,21.5
175.0,20.63921741052131,21.110881847988765,5.304246772379833,21.0,1,-0.11088184798876455,20.327007706564395,20.5,21.5
176.0,20.656150416393682,21.047940030482103,5.305971672568076,21.0,1,-0.04794003048210271,20.418521855415484,20.5,21.5
177.0,20.67308038064492,21.02643200259531,5.30769633974558,21.0,1,-0.026432002595310422,20.811351723727388,20.5,21.5
178.0,20.69000730383674,21.00345274342193,5.309420772598936,21.0,1,-0.003452743421931359,20.77366015168814,20.5,21.5
179.0,20.706931186530493,20.99986699349246,5.311144969814913,21.0,1,0.00013300650753933496,20.964009494197754,20.5,21.5
180.0,20.72385202928715,20.993533373626587,5.3128689300804615,21.0,1,0.00646662637341322,20.930197174967848,20.5,21.5
181.0,20.74076983266731,21.00441478393119,5.314592652082709,21.0,1,-0.0044147839311889925,21.11322888697721,20.5,21.5
182.0,20.757684597231194,20.989602224656903,5.316316134508967,21.0,1,0.010397775343097493,20.841476631914038,20.5,21.5
183.0,20.77459632353865,21.063669387434807,5.318039376046729,21.0,0,-0.06366938743480688,21.80434101521385,20.5,21.5
184.0,20.771505012149152,21.143056054507234,5.31976237538367,21.0,0,-0.1430560545072339,21.936922725231504,20.5,21.5
185.0,20.768414663621797,21.169754785724983,5.321485131207652,21.0,0,-0.16975478572498304,21.436742097902474,20.5,21.5
186.0,20.765325277715316,21.03647852444882,5.3232076422067225,21.0,1,-0.03647852444882105,19.7037159116872,20.5,21.5
187.0,20.782236854188216,21.015683848564684,5.324929907069113,21.0,1,-0.01568384856468441,20.807737089723318,20.5,21.5
188.0,20.799145392798792,20.881051087078177,5.326651924483245,21.0,1,0.11894891292182308,19.534723472213102,20.5,21.5
189.0,20.81605089410513,20.834015814142294,5.328373693137726,21.0,1,0.16598418585770602,20.363663084783465,20.5,21.5
190.0,20.832953358664934,20.82325776280046,5.330095211721355,21.0,1,0.17674223719954085,20.71567724938211,20.5,21.5
191.0,20.849852787035545,21.011450027698228,5.3318164789231215,21.0,0,-0.011450027698227672,22.893372676675913,20.5,21.5
192.0,20.846749179773923,20.96952689477063,5.333537493432204,21.0,0,0.03047310522936897,20.550295565494665,20.5,21.5
193.0,20.843646537436655,21.067601058460202,5.335258253937977,21.0,0,-0.06760105846020181,22.04834269535591,20.5,21.5
194.0,20.840544859779953,21.023977060859465,5.336978759130005,21.0,0,-0.023977060859465382,20.5877370848521,20.5,21.5
195.0,20.83744414655982,21.026172178120227,5.338699007698049,21.0,0,-0.026172178120226874,21.048123350727842,20.5,21.5
196.0,20.83434439753205,21.087527223376632,5.340418998332065,21.0,0,-0.08752722337663243,21.701077675940688,20.5,21.5
197.0,20.83124561245221,21.153255146505188,5.342138729722205,21.0,0,-0.15325514650518812,21.810534377790745,20.5,21.5
198.0,20.828147791075665,21.16396238920947,5.343858200558819,21.0,0,-0.1639623892094697,21.271034816252286,20.5,21.5
199.0,20.825050933157563,21.28074958654349,5.3455774095324555,21.0,0,-0.28074958654348947,22.448621559883687,20.5,21.5
200.0,20.82195503845284,21.35627379567323,5.347296355333861,21.0,0,-0.3562737956732285,22.11151588697062,20.5,21.5
201.0,20.818860106716215,21.27818693946764,5.349015036653984,21.0,1,-0.2781869394676413,20.49731837741177,20.5,21.5
202.0,20.8357661377022,21.237717145805924,5.350733452183974,21.0,1,-0.23771714580592374,20.83301920918875,20.5,21.5
203.0,20.852669131165097,21.196212118040485,5.352451600615184,21.0,1,-0.196212118040485,20.781161840386098,20.5,21.5
204.0,20.869569087658988,21.153638084541143,5.354169480639166,21.0,1,-0.15363808454114292,20.727897749547722,20.5,21.5
205.0,20.886466007737585,21.09308486955279,5.355887090947683,21.0,1,-0.09308486955278994,20.48755271966926,20.5,21.5
206.0,20.903359891954228,21.073282148032924,5.3576044302326995,21.0,1,-0.07328214803292354,20.87525493283426,20.5,21.5
207.0,20.920250740861885,21.104373793085934,5.359321497186385,21.0,1,-0.10437379308593364,21.415290243616035,20.5,21.5
208.0,20.93713855501315,21.15686286172662,5.36103829050112,21.0,0,-0.15686286172661923,21.681753548133475,20.5,21.5
209.0,20.934023334960248,21.161829863259534,5.362754808869491,21.0,0,-0.16182986325953408,21.211499878588683,20.5,21.5
210.0,20.93090908125503,21.261091966008703,5.364471050984295,21.0,0,-0.26109196600870277,22.25371299350039,20.5,21.5
211.0,20.927795793648976,21.226321697058456,5.3661870155385385,21.0,0,-0.22632169705845584,20.878619007555987,20.5,21.5
212.0,20.924683471893353,21.22161244757401,5.36790270122544,21.0,0,-0.22161244757401022,21.174519952729554,20.5,21.5
213.0,20.92157211573922,21.17865261765559,5.3696181067384305,21.0,0,-0.17865261765559026,20.74905431847139,20.5,21.5
214.0,20.91846172493742,21.205459872966898,5.371333230771154,21.0,0,-0.20545987296689816,21.473532426079977,20.5,21.5
215.0,20.915352299238585,21.18555193103098,5.373048072017469,21.0,0,-0.18555193103097878,20.986472511671785,20.5,21.5
216.0,20.91224383839314,21.20328913787767,5.37476262917145,21.0,0,-0.20328913787766822,21.380661206344563,20.5,21.5
217.0,20.909136342151296,21.215856091292665,5.3764769009273845,21.0,0,-0.2158560912926646,21.341525625442628,20.5,21.5
218.0,20.90602981026305,21.219457054897024,5.378190885979783,21.0,0,-0.21945705489702405,21.25546669094062,20.5,21.5
219.0,20.902924242478193,21.153193619768082,5.379904583023369,21.0,1,-0.1531936197680821,20.490559268478663,20.5,21.5
220.0,20.9198196385463,21.095466555464863,5.38161799075309,21.0,1,-0.09546655546486349,20.518195912432677,20.5,21.5
221.0,20.936711998216744,21.115383703718102,5.383331107864109,21.0,1,-0.11538370371810203,21.314555186250487,20.5,21.5
222.0,20.953601322038672,21.134002124218146,5.385043933051815,21.0,1,-0.13400212421814572,21.320186329218583,20.5,21.5
223.0,20.970487610560873,21.095039888059766,5.386756465011816,21.0,1,-0.09503988805976604,20.70541752647597,20.5,21.5
224.0,20.987370864331762,21.145325367546015,5.388468702439944,21.0,0,-0.14532536754601466,21.6481801624085,20.5,21.5
225.0,20.984251083899384,21.21110452387666,5.390180644032257,21.0,0,-0.21110452387666,21.868896087183114,20.5,21.5
226.0,20.98113226981141,21.27377731853435,5.391892288485035,21.0,0,-0.27377731853434994,21.90050526511125,20.5,21.5
227.0,20.978014421815146,21.212926096711477,5.393603634494789,21.0,0,-0.21292609671147744,20.604413878482752,20.5,21.5
228.0,20.974897539657682,21.26570164725627,5.395314680758252,21.0,0,-0.26570164725627166,21.793457152704214,20.5,21.5
229.0,20.971781623085903,21.271711803299013,5.39702542597239,21.0,0,-0.2717118032990129,21.331813363726425,20.5,21.5
230.0,20.96866667184648,21.24995767364643,5.398735868834394,21.0,0,-0.2499576736464313,21.032416377120615,20.5,21.5
231.0,20.96555268568588,21.290032865742184,5.40044600804169,21.0,0,-0.2900328657421838,21.69078478669971,20.5,21.5
232.0,20.96243966435035,21.280936759353843,5.402155842291929,21.0,0,-0.28093675935384255,21.18997569547043,20.5,21.5
233.0,20.959327607585937,21.298643284035656,5.403865370283001,21.0,0,-0.29864328403565565,21.475708530853787,20.5,21.5
234.0,20.956216515138475,21.255776829077217,5.405574590713025,21.0,0,-0.25577682907721666,20.827112279492827,20.5,21.5
235.0,20.95310638675359,21.293955695730162,5.407283502280355,21.0,0,-0.2939556957301619,21.675744362259614,20.5,21.5
236.0,20.949997222176695,21.188782154385432,5.40899210368358,21.0,1,-0.18878215438543222,20.137046740938136,20.5,21.5
237.0,20.966889021152998,21.173797747604368,5.410700393621528,21.0,1,-0.17379774760436817,21.023953679793728,20.5,21.5
238.0,20.98377778342749,21.146766380691044,5.412408370793259,21.0,1,-0.14676638069104442,20.876452711557807,20.5,21.5
239.0,21.000663509544964,21.199881124959607,5.414116033898076,21.0,0,-0.19988112495960664,21.73102856764523,20.5,21.5
240.0,20.997546200049836,21.169862647747745,5.415823381635518,21.0,0,-0.1698626477477454,20.869677875629133,20.5,21.5
241.0,20.994429855486153,21.176049848481803,5.417530412705367,21.0,0,-0.17604984848180294,21.23792185582238,20.5,21.5
242.0,20.991314475597598,21.258965006842374,5.419237125807643,21.0,0,-0.25896500684237367,22.08811659044808,20.5,21.5
243.0,20.98820006012764,21.238581942981,5.420943519642611,21.0,0,-0.23858194298099988,21.034751304367262,20.5,21.5
244.0,20.985086608819543,21.180066166778726,5.422649592910777,21.0,0,-0.180066166778726,20.594908404755987,20.5,21.5
245.0,20.98197412141636,21.232994554839202,5.424355344312892,21.0,0,-0.23299455483920184,21.76227843544396,20.5,21.5
246.0,20.97886259766094,21.21280487556391,5.4260607725499534,21.0,0,-0.21280487556391137,21.010908082811007,20.5,21.5
247.0,20.975752037295916,21.164305332033273,5.4277658763232015,21.0,0,-0.16430533203327258,20.679309896726885,20.5,21.5
248.0,20.972642440063723,21.18536206795779,5.429470654334127,21.0,0,-0.1853620679577901,21.395929427202965,20.5,21.5
249.0,20.969533805706575,21.20510950794813,5.431175105284466,21.0,0,-0.20510950794813,21.40258390785153,20.5,21.5
250.0,20.96642613396649,21.104678680587483,5.432879227876206,21.0,1,-0.10467868058748309,20.100370406981014,20.5,21.5
251.0,20.98331942458527,21.10561051546731,5.434583020811583,21.0,1,-0.10561051546730837,21.11492886426556,20.5,21.5
252.0,21.000209677304518,21.17176931911283,5.4362864827930855,21.0,0,-0.17176931911282978,21.833357355568044,20.5,21.5
253.0,20.997096892665617,21.23482836488768,5.4379896125234515,21.0,0,-0.23482836488767944,21.865418822636176,20.5,21.5
254.0,20.99398507120959,21.296745329156657,5.439692408705675,21.0,0,-0.2967453291566571,21.915914971846433,20.5,21.5
255.0,20.990874212677088,21.365298645455262,5.441394870043002,21.0,0,-0.3652986454552618,22.05083180844131,20.5,21.5
256.0,20.987764316808562,21.4343784107764,5.4430969952389345,21.0,0,-0.43437841077640016,22.125176063987784,20.5,21.5
257.0,20.984655383344247,21.32808635730085,5.44479878299723,21.0,1,-0.328086357300851,20.26516582254536,20.5,21.5
258.0,21.001547412024177,21.292625768144546,5.4465002320219025,21.0,1,-0.2926257681445463,20.9380198765815,20.5,21.5
259.0,21.018436402588176,21.278493508891785,5.448201341017225,21.0,1,-0.2784935088917848,21.13717091636417,20.5,21.5
260.0,21.03532235557586,21.219420183827847,5.44990210868773,21.0,1,-0.21942018382784667,20.628686933188465,20.5,21.5
261.0,21.052205271526482,21.235297443561613,5.451602533738208,21.0,1,-0.2352974435616133,21.39407004089928,20.5,21.5
262.0,21.069085150978925,21.3274622022294,5.45330261487371,21.0,0,-0.32746220222939826,22.249109788907248,20.5,21.5
263.0,21.065961994471703,21.314748147193104,5.455002350799552,21.0,0,-0.31474814719310373,21.18760759683016,20.5,21.5
264.0,21.062839802542968,21.351310689893754,5.456701740221312,21.0,0,-0.35131068989375436,21.71693611690026,20.5,21.5
265.0,21.059718574930503,21.34024702244528,5.458400781844828,21.0,0,-0.34024702244527916,21.229610347960527,20.5,21.5
266.0,21.056598311371886,21.279652002139205,5.460099474376209,21.0,0,-0.2796520021392048,20.67370179907846,20.5,21.5
267.0,21.053479011604487,21.301677596557134,5.461797816521825,21.0,0,-0.3016775965571341,21.521933540736427,20.5,21.5
268.0,21.05036067536547,21.25822818436535,5.463495806988314,21.0,0,-0.25822818436535044,20.823734062447514,20.5,21.5
269.0,21.047243302391795,21.199996538439407,5.465193444482585,21.0,0,-0.19999653843940735,20.617680079179976,20.5,21.5
270.0,21.044126892420213,21.238241786136133,5.466890727711811,21.0,0,-0.23824178613613256,21.620694263103385,20.5,21.5
271.0,21.04101144518727,21.28568564076077,5.468587655383438,21.0,0,-0.2856856407607715,21.76012418700716,20.5,21.5
272.0,21.037896960429308,21.321183184710232,5.47028422620518,21.0,0,-0.32118318471023244,21.67615862420484,20.5,21.5
273.0,21.034783437882464,21.387092858234773,5.471980438885026,21.0,0,-0.387092858234773,22.04618959348018,20.5,21.5
274.0,21.031670877282664,21.381625632886898,5.473676292131238,21.0,0,-0.3816256328868981,21.32695337940815,20.5,21.5
275.0,21.028559278365634,21.46983312747604,5.475371784652346,21.0,0,-0.4698331274760399,22.351908073367458,20.5,21.5
276.0,21.02544864086689,21.390959769781666,5.477066915157161,21.0,0,-0.39095976978166647,20.602226192837932,20.5,21.5
277.0,21.022338964521747,21.29918522669012,5.478761682354769,21.0,1,-0.2991852266901205,20.38143979577466,20.5,21.5
278.0,21.039230249065312,21.309010310767427,5.480456084954527,21.0,1,-0.3090103107674267,21.40726115154049,20.5,21.5
279.0,21.05611849423249,21.340201673404657,5.482150121666077,21.0,0,-0.3402016734046569,21.65211529977696,20.5,21.5
280.0,21.053003700557976,21.257861651812007,5.483843791199336,21.0,1,-0.25786165181200715,20.43446143588551,20.5,21.5
281.0,21.069889868576105,21.28166335073278,5.485537092264499,21.0,0,-0.2816633507327815,21.519680339940525,20.5,21.5
282.0,21.06677299802084,21.37613929465484,5.487230023572045,21.0,0,-0.3761392946548412,22.32089873387544,20.5,21.5
283.0,21.063657089425952,21.407354898205917,5.488922583832733,21.0,0,-0.4073548982059165,21.71951093371667,20.5,21.5
284.0,21.060542142524834,21.429260003291184,5.490614771757605,21.0,0,-0.4292600032911835,21.648311054143853,20.5,21.5
285.0,21.05742815705068,21.469418541859998,5.492306586057986,21.0,0,-0.4694185418599979,21.87100392754814,20.5,21.5
286.0,21.05431513273648,21.514661180957347,5.493998025445486,21.0,0,-0.5146611809573471,21.96708757193084,20.5,21.5
287.0,21.051203069315022,21.441701009233743,5.495689088632,21.0,0,-0.4417010092337428,20.7120992919977,20.5,21.5
288.0,21.048091966518886,21.36528067344539,5.497379774329709,21.0,0,-0.3652806734453904,20.601077315561866,20.5,21.5
289.0,21.04498182408045,21.330982758919593,5.499070081251085,21.0,0,-0.3309827589195926,20.988003613661615,20.5,21.5
290.0,21.04187264173188,21.233449981555474,5.500760008108883,21.0,1,-0.23344998155547358,20.258122207914283,20.5,21.5
291.0,21.058764419205158,21.287053180101157,5.502449553616151,21.0,0,-0.2870531801011573,21.823085165557995,20.5,21.5
292.0,21.05565315623204,21.29326115306975,5.504138716486227,21.0,0,-0.29326115306975,21.355340882755677,20.5,21.5
293.0,21.05254285334409,21.37040322024354,5.50582749543274,21.0,0,-0.37040322024353856,22.141823891981424,20.5,21.5
294.0,21.049433510272507,21.374537306968566,5.507515889169611,21.0,0,-0.37453730696856624,21.415878174218843,20.5,21.5
295.0,21.046325126748286,21.483912658392317,5.509203896411055,21.0,0,-0.4839126583923168,22.577666172629822,20.5,21.5
296.0,21.04321770250222,21.308717952405313,5.510891515871581,21.0,1,-0.3087179524053134,19.55677089253528,20.5,21.5
297.0,21.06011123726489,21.373838598976942,5.512578746265993,21.0,0,-0.37383859897694194,22.025045064693227,20.5,21.5
298.0,21.057001730766693,21.315202134703732,5.514265586309392,21.0,0,-0.31520213470373193,20.728837491971632,20.5,21.5
299.0,21.053893183537802,21.244992412495773,5.515952034717176,21.0,0,-0.24499241249577253,20.54289519041618,20.5,21.5
300.0,21.05078559530804,21.206359670575193,5.5176380902050415,21.0,0,-0.20635967057519267,20.820032251369394,20.5,21.5
301.0,21.04767896580702,21.301943988810116,5.519323751488983,21.0,0,-0.3019439888101161,22.25778717115935,20.5,21.5
302.0,21.044573294764156,21.288511742011842,5.521009017285297,21.0,0,-0.28851174201184193,21.1541892740291,20.5,21.5
303.0,21.04146858190866,21.37629207626996,5.522693886310579,21.0,0,-0.37629207626995864,22.254095418851126,20.5,21.5
304.0,21.03836482696954,21.41738499295306,5.524378357281729,21.0,0,-0.4173849929530604,21.828314159784078,20.5,21.5
305.0,21.035262029675604,21.39948076888562,5.5260624289159495,21.0,0,-0.39948076888562056,21.220438528211222,20.5,21.5
306.0,21.03216018975545,21.375444883374065,5.527746099930746,21.0,0,-0.37544488337406534,21.135086028258513,20.5,21.5
307.0,21.029059306937487,21.331258344011495,5.529429369043929,21.0,0,-0.3312583440114949,20.88939295038579,20.5,21.5
308.0,21.02595938094991,21.269193440293684,5.531112234973618,21.0,0,-0.26919344029368375,20.648544403115572,20.5,21.5
309.0,21.022860411520714,21.38127213688273,5.532794696438235,21.0,0,-0.3812721368827283,22.502059102773174,20.5,21.5
310.0,21.019762398377697,21.458417877678613,5.534476752156514,21.0,0,-0.4584178776786132,22.229875285637462,20.5,21.5
311.0,21.01666534124845,21.52898751849814,5.536158400847495,21.0,0,-0.5289875184981412,22.23468392669342,20.5,21.5
312.0,21.01356923986037,21.52913394853644,5.537839641230532,21.0,0,-0.5291339485364404,21.530598248919432,20.5,21.5
313.0,21.010474093940644,21.486085927139587,5.539520472025284,21.0,0,-0.4860859271395874,21.055605713171058,20.5,21.5
314.0,21.00737990321626,21.425314311504287,5.5412008919517275,21.0,0,-0.42531431150428745,20.817598155151288,20.5,21.5
315.0,21.004286667414007,21.309257524702247,5.542880899730148,21.0,1,-0.30925752470224666,20.14868965668184,20.5,21.5
316.0,21.021194386260472,21.296952929735813,5.544560494081149,21.0,1,-0.2969529297358129,21.173906980071475,20.5,21.5
317.0,21.038099059482036,21.290849118884683,5.546239673725643,21.0,1,-0.2908491188846831,21.229811010373385,20.5,21.5
318.0,21.055000687604885,21.30833130477796,5.547918437384865,21.0,1,-0.30833130477795834,21.48315316371071,20.5,21.5
319.0,21.07189927115484,21.31391950042148,5.549596783780361,21.0,1,-0.31391950042148054,21.369801456856703,20.5,21.5
320.0,21.088794810657365,21.422782809143705,5.551274711633998,21.0,0,-0.4227828091437047,22.511415896365946,20.5,21.5
321.0,21.08568730663756,21.40863073620192,5.5529522196679615,21.0,0,-0.40863073620192125,21.267110006784087,20.5,21.5
322.0,21.082580759620164,21.464108830205856,5.554629306604756,21.0,0,-0.4641088302058556,22.0188897702452,20.5,21.5
323.0,21.079475169329562,21.453673610428858,5.556305971167205,21.0,0,-0.4536736104288579,21.34932141265888,20.5,21.5
324.0,21.07637053548993,21.449074455262974,5.557982212078459,21.0,0,-0.4490744552629735,21.40308290360413,20.5,21.5
325.0,21.073266857825246,21.40626059181424,5.5596580280619845,21.0,0,-0.4062605918142417,20.978121957326923,20.5,21.5
326.0,21.070164136059294,21.33370414157645,5.561333417841576,21.0,0,-0.333704141576451,20.608139639198544,20.5,21.5
327.0,21.06706236991565,21.28800697531431,5.563008380141351,21.0,0,-0.2880069753143104,20.831035312692904,20.5,21.5
328.0,21.063961559117697,21.315147033500097,5.564682913685753,21.0,0,-0.31514703350009654,21.586547615357958,20.5,21.5
329.0,21.06086170338861,21.31323465947835,5.566357017199552,21.0,0,-0.3132346594783506,21.29411091926089,20.5,21.5
330.0,21.05776280245137,21.358087969336154,5.568030689407845,21.0,0,-0.35808796933615383,21.806621067914186,20.5,21.5
331.0,21.05466485602876,21.408519847907797,5.569703929036058,21.0,0,-0.4085198479077974,21.912838633624233,20.5,21.5
332.0,21.051567863843363,21.39629272007892,5.571376734809947,21.0,0,-0.3962927200789217,21.274021441790165,20.5,21.5
333.0,21.048471825617558,21.31788696593902,5.573049105455596,21.0,0,-0.3178869659390209,20.533829424540013,20.5,21.5
334.0,21.045376741073525,21.215793567963196,5.5747210396994245,21.0,1,-0.21579356796319615,20.19485958820495,20.5,21.5
335.0,21.062282609933252,21.081743296554947,5.5763925362681785,21.0,1,-0.08174329655494716,19.741240582472457,20.5,21.5
336.0,21.079185431918518,21.028705470308672,5.578063593888944,21.0,1,-0.02870547030867243,20.498327207845925,20.5,21.5
337.0,21.09608520755091,21.031713035030574,5.579734211289135,21.0,1,-0.03171303503057388,21.06178868224959,20.5,21.5
338.0,21.11298193735166,21.135294303777517,5.581404387196505,21.0,0,-0.13529430377751694,22.171106991246948,20.5,21.5
339.0,21.109875621841628,21.21459014702119,5.583074120339143,21.0,0,-0.21459014702119106,22.007548579457932,20.5,21.5
340.0,21.106770261541328,21.27649619379053,5.5847434094454735,21.0,0,-0.27649619379052837,21.8955566614839,20.5,21.5
341.0,21.10366585617091,21.32653635124262,5.58641225324426,21.0,0,-0.3265363512426198,21.826937925763534,20.5,21.5
342.0,21.100562405450326,21.477307128926014,5.588080650464608,21.0,0,-0.47730712892601446,22.98501490575996,20.5,21.5
343.0,21.097459909099328,21.495668569416253,5.589748599835957,21.0,0,-0.49566856941625304,21.67928297431864,20.5,21.5
344.0,21.094358366837476,21.469763958765213,5.591416100088093,21.0,0,-0.4697639587652134,21.210717852254817,20.5,21.5
345.0,21.091257778384126,21.548869627806436,5.593083149951142,21.0,0,-0.548869627806436,22.339926318218662,20.5,21.5
346.0,21.08815814345844,21.57189936317048,5.5947497481555715,21.0,0,-0.5718993631704805,21.802196716810926,20.5,21.5
347.0,21.08505946177938,21.46454679607601,5.596415893432196,21.0,1,-0.4645467960760108,20.391021125131314,20.5,21.5
348.0,21.10196173306571,21.428251274258628,5.598081584512173,21.0,1,-0.42825127425862775,21.065296056084797,20.5,21.5
349.0,21.118860957036,21.481496016497,5.599746820127006,21.0,0,-0.481496016497001,22.013943438880734,20.5,21.5
350.0,21.115757134208618,21.401929916863352,5.6014115990085465,21.0,0,-0.40192991686335233,20.606268920526865,20.5,21.5
351.0,21.11265426510158,21.508325852296576,5.603075919888991,21.0,0,-0.5083258522965757,22.57228520662881,20.5,21.5
352.0,21.109552349432537,21.544485096373457,5.604739781500889,21.0,0,-0.5444850963734567,21.906077537142266,20.5,21.5
353.0,21.106451386918952,21.57520156910606,5.606403182577136,21.0,0,-0.5752015691060599,21.882366296432092,20.5,21.5
354.0,21.103351377278084,21.56810382977472,5.608066121850981,21.0,0,-0.5681038297747207,21.49712643646133,20.5,21.5
355.0,21.100252320227,21.65140894074296,5.609728598056021,21.0,0,-0.6514089407429609,22.484460050425362,20.5,21.5
356.0,21.097154215482565,21.543715666094702,5.611390609926211,21.0,1,-0.5437156660947018,20.46678291961211,20.5,21.5
357.0,21.114057062761454,21.46702682064725,5.613052156195855,21.0,1,-0.46702682064724854,20.700138366172716,20.5,21.5
358.0,21.13095686178014,21.382779778789896,5.6147132355996145,21.0,1,-0.3827797787898959,20.54030936021637,20.5,21.5
359.0,21.147853613054906,21.44404562583599,5.616373846872503,21.0,0,-0.44404562583599017,22.056704096296933,20.5,21.5
360.0,21.144747317101668,21.347258856737035,5.618033988749895,21.0,1,-0.34725885673703516,20.379391165747485,20.5,21.5
361.0,21.161641974435998,21.339644218170687,5.619693659967519,21.0,1,-0.3396442181706867,21.263497832507202,20.5,21.5
362.0,21.178533584773103,21.35030581739802,5.621352859261464,21.0,1,-0.35030581739802,21.456921809671353,20.5,21.5
363.0,21.195422148628,21.437703235727966,5.623011585368176,21.0,0,-0.437703235727966,22.311677419027426,20.5,21.5
364.0,21.19230766651535,21.33015968898925,5.624669837024465,21.0,1,-0.3301596889892515,20.254724221602107,20.5,21.5
365.0,21.209194138949453,21.316208108156804,5.626327612967499,21.0,1,-0.316208108156804,21.17669229983233,20.5,21.5
366.0,21.226077565644257,21.32198591734575,5.62798491193481,21.0,1,-0.32198591734574933,21.379764009235203,20.5,21.5
367.0,21.242957947113513,21.398983626049336,5.629641732664292,21.0,0,-0.39898362604933624,22.168960713085205,20.5,21.5
368.0,21.239835283870622,21.37731589799836,5.631298073894205,21.0,0,-0.3773158979983613,21.160638617488612,20.5,21.5
369.0,21.236713576428627,21.487006710280436,5.632953934363172,21.0,0,-0.4870067102804363,22.583914833101186,20.5,21.5
370.0,21.233592824500214,21.57557342672617,5.634609312810184,21.0,0,-0.5755734267261694,22.4612405911835,20.5,21.5
371.0,21.230473027797874,21.61770691574057,5.636264207974598,21.0,0,-0.6177069157405697,22.039041805884573,20.5,21.5
372.0,21.22735418603391,21.62514259261983,5.63791861859614,21.0,0,-0.6251425926198309,21.699499361412443,20.5,21.5
373.0,21.224236298920424,21.602771104216114,5.6395725434149035,21.0,0,-0.6027711042161137,21.379056220178942,20.5,21.5
374.0,21.221119366169322,21.547952466131598,5.6412259811713525,21.0,0,-0.5479524661315978,20.99976608528644,20.5,21.5
375.0,21.218003387492324,21.51254756149577,5.642878930606323,21.0,0,-0.5125475614957686,21.158498515137477,20.5,21.5
376.0,21.214888362600945,21.540470729067625,5.644531390461022,21.0,0,-0.5404707290676249,21.819702404786188,20.5,21.5
377.0,21.211774291206517,21.471745740964746,5.646183359477029,21.0,0,-0.47174574096474586,20.784495859935955,20.5,21.5
378.0,21.20866117302017,21.56190623170921,5.6478348363962985,21.0,0,-0.5619062317092087,22.463511139153837,20.5,21.5
379.0,21.205549007752847,21.55024452851036,5.649485819961159,21.0,0,-0.5502445285103583,21.433627496521854,20.5,21.5
380.0,21.202437795115287,21.60931699334889,5.651136308914314,21.0,0,-0.6093169933488909,22.200041641734217,20.5,21.5
381.0,21.199327534818046,21.57924721767889,5.652786301998844,21.0,0,-0.5792472176788905,21.278549460978887,20.5,21.5
382.0,21.19621822657148,21.542683661985784,5.654435797958207,21.0,0,-0.5426836619857838,21.177048105054716,20.5,21.5
383.0,21.19310987008576,21.436803230022747,5.656084795536243,21.0,1,-0.4368032300227469,20.377998910392378,20.5,21.5
384.0,21.21000246507085,21.380104741183036,5.6577332934771665,21.0,1,-0.38010474118303605,20.813119852785928,20.5,21.5
385.0,21.226892011236533,21.354160705566386,5.659381290525575,21.0,1,-0.354160705566386,21.094720349399886,20.5,21.5
386.0,21.24377850909239,21.354213207962395,5.661028785426446,21.0,1,-0.3542132079623954,21.35473823192249,20.5,21.5
387.0,21.260661959147658,21.48178248832841,5.662675776925142,21.0,0,-0.48178248832840964,22.757475291988552,20.5,21.5
388.0,21.257542361911213,21.540458918531804,5.664322263767406,21.0,0,-0.5404589185318045,22.127223220565753,20.5,21.5
389.0,21.254423717891584,21.617315973072053,5.665968244699369,21.0,0,-0.6173159730720528,22.385886518474535,20.5,21.5
390.0,21.251306026796946,21.62162959272817,5.667613718467542,21.0,0,-0.6216295927281692,21.664765789289333,20.5,21.5
391.0,21.24818928833528,21.62595299197326,5.669258683818827,21.0,0,-0.6259529919732607,21.669186984424176,20.5,21.5
392.0,21.245073502214375,21.559112212173044,5.67090313950051,21.0,0,-0.5591122121730443,20.89070441417088,20.5,21.5
393.0,21.24195866814183,21.573245817732737,5.672547084260268,21.0,0,-0.5732458177327366,21.71458187332966,20.5,21.5
394.0,21.238844785825055,21.55502971180304,5.674190516846164,21.0,0,-0.5550297118030407,21.37286865250608,20.5,21.5
395.0,21.23573185497126,21.526382092108218,5.675833436006654,21.0,0,-0.5263820921082178,21.23990589515999,20.5,21.5
396.0,21.232619875287465,21.481795704174335,5.677475840490583,21.0,0,-0.4817957041743348,21.035931824835505,20.5,21.5
397.0,21.229508846480506,21.44742564627146,5.679117729047188,21.0,0,-0.44742564627145853,21.103725067242696,20.5,21.5
398.0,21.22639876825702,21.456764709572695,5.6807591004261,21.0,0,-0.45676470957269544,21.550155342585064,20.5,21.5
399.0,21.223289640323454,21.456814102661504,5.6823999533773435,21.0,0,-0.4568141026615038,21.457308033549587,20.5,21.5
400.0,21.220181462386066,21.406757497177562,5.684040286651338,21.0,0,-0.40675749717756204,20.906191442338145,20.5,21.5
401.0,21.217074234150918,21.434182515469985,5.685680098998897,21.0,0,-0.43418251546998476,21.708432698394212,20.5,21.5
402.0,21.213967955323888,21.503269046731564,5.687319389171233,21.0,0,-0.5032690467315639,22.194134359347355,20.5,21.5
403.0,21.21086262561066,21.460840840275004,5.688958155919954,21.0,0,-0.4608408402750044,21.03655877570941,20.5,21.5
404.0,21.20775824471672,21.46095020872508,5.690596397997069,21.0,0,-0.4609502087250803,21.46204389322584,20.5,21.5
405.0,21.20465481234738,21.45889990238112,5.692234114154986,21.0,0,-0.4588999023811198,21.438396838941514,20.5,21.5
406.0,21.20155232820774,21.511385355807185,5.693871303146512,21.0,0,-0.5113853558071852,22.03623989006784,20.5,21.5
407.0,21.198450792002728,21.533173214390484,5.695507963724856,21.0,0,-0.5331732143904837,21.75105180022347,20.5,21.5
408.0,21.195350203437073,21.54481074640479,5.6971440946436305,21.0,0,-0.5448107464047887,21.661186066547838,20.5,21.5
409.0,21.192250562215314,21.49115400813967,5.69877969465685,21.0,0,-0.49115400813967014,20.954586625488485,20.5,21.5
410.0,21.1891518680418,21.533209191701808,5.7004147625189345,21.0,0,-0.5332091917018076,21.953761027323182,20.5,21.5
411.0,21.186054120620696,21.468052946004683,5.702049296984709,21.0,0,-0.4680529460046827,20.816490489033434,20.5,21.5
412.0,21.18295731965597,21.36958786492969,5.703683296809404,21.0,1,-0.36958786492969153,20.38493705417978,20.5,21.5
413.0,21.1998614648514,21.408522457992483,5.705316760748657,21.0,0,-0.40852245799248266,21.797868388620394,20.5,21.5
414.0,21.196762555910578,21.46617471773492,5.706949687558514,21.0,0,-0.46617471773491914,22.042697315159284,20.5,21.5
415.0,21.19366459333691,21.528181348334783,5.708582075995432,21.0,0,-0.5281813483347833,22.148247654333424,20.5,21.5
416.0,21.19056757683344,21.528064522505932,5.710213924816274,21.0,0,-0.5280645225059324,21.526896264217424,20.5,21.5
417.0,21.187471506103037,21.56476488868413,5.711845232778318,21.0,0,-0.564764888684131,21.931768550466117,20.5,21.5
418.0,21.184376380848374,21.464744074097517,5.71347599863925,21.0,1,-0.46474407409751706,20.464535928231378,20.5,21.5
419.0,21.20128220077193,21.481545137337886,5.715106221157173,21.0,0,-0.4815451373378856,21.64955576974157,20.5,21.5
420.0,21.198184965576008,21.45147903924983,5.716735899090601,21.0,0,-0.45147903924982913,21.150818058369264,20.5,21.5
421.0,21.19508867576271,21.472903072849313,5.718365031198462,21.0,0,-0.4729030728493129,21.68714340884415,20.5,21.5
422.0,21.1919933310338,21.431263782136362,5.719993616240102,21.0,0,-0.4312637821363623,21.014870875006856,20.5,21.5
423.0,21.18889893109084,21.445353354230242,5.7216216529752835,21.0,0,-0.44535335423024236,21.586249075169043,20.5,21.5
424.0,21.185805475635217,21.44211351545024,5.723249140164184,21.0,0,-0.4421135154502416,21.409715127650234,20.5,21.5
425.0,21.182712964368122,21.450733978767445,5.724876076567403,21.0,0,-0.45073397876744536,21.536938611939483,20.5,21.5
426.0,21.179621396990562,21.464748003369778,5.726502460945957,21.0,0,-0.4647480033697775,21.6048882493931,20.5,21.5
427.0,21.176530773203353,21.55457196869694,5.728128292061283,21.0,0,-0.5545719686969406,22.45281162196857,20.5,21.5
428.0,21.173441092707126,21.605391726862198,5.729753568675239,21.0,0,-0.605391726862198,22.113589308514772,20.5,21.5
429.0,21.17035235520232,21.595407815850187,5.731378289550109,21.0,0,-0.5954078158501872,21.49556870573008,20.5,21.5
430.0,21.16726456038919,21.60154268592412,5.733002453448594,21.0,0,-0.6015426859241195,21.662891386663443,20.5,21.5
431.0,21.164177707967802,21.619319369132107,5.734626059133825,21.0,0,-0.6193193691321071,21.797086201211982,20.5,21.5
432.0,21.161091797638036,21.533526333318214,5.736249105369356,21.0,0,-0.5335263333182141,20.675595975179284,20.5,21.5
433.0,21.158006829099584,21.558521056027054,5.737871590919164,21.0,0,-0.5585210560270539,21.808468283115452,20.5,21.5
434.0,21.15492280205195,21.52445420757137,5.739493514547658,21.0,0,-0.5244542075713703,21.183785723014534,20.5,21.5
435.0,21.15183971619445,21.59747860514122,5.741114875019672,21.0,0,-0.5974786051412195,22.327722580839712,20.5,21.5
436.0,21.148757571226213,21.523985662208126,5.742735671100469,21.0,0,-0.5239856622081263,20.789056232877194,20.5,21.5
437.0,21.14567636684619,21.59819755721391,5.7443559015557435,21.0,0,-0.5981975572139113,22.340316507271762,20.5,21.5
438.0,21.14259610275313,21.51011748769455,5.745975565151618,21.0,0,-0.5101174876945507,20.629316792500944,20.5,21.5
439.0,21.13951677864561,21.59406642066719,5.747594660654649,21.0,0,-0.5940664206671897,22.43355575039358,20.5,21.5
440.0,21.13643839422201,21.54178142091005,5.749213186831824,21.0,0,-0.5417814209100484,21.018931423338636,20.5,21.5
441.0,21.133360949180535,21.50599250751068,5.750831142450566,21.0,0,-0.5059925075106797,21.148103373516992,20.5,21.5
442.0,21.13028444321919,21.43925842085743,5.752448526278731,21.0,0,-0.4392584208574313,20.771917554324947,20.5,21.5
443.0,21.1272088760358,21.515763673529353,5.7540653370846115,21.0,0,-0.5157636735293529,22.28081620024857,20.5,21.5
444.0,21.124134247328012,21.416261447210132,5.7556815736369344,21.0,1,-0.4162614472101325,20.421239184017928,20.5,21.5
445.0,21.141060556793274,21.39319953119899,5.757297234704866,21.0,1,-0.39319953119899154,21.162580371087582,20.5,21.5
446.0,21.157983804128857,21.491442266955456,5.75891231905801,21.0,0,-0.4914422669554561,22.473869624520102,20.5,21.5
447.0,21.154903989831844,21.493653267254338,5.7605268254664095,21.0,0,-0.4936532672543379,21.515763270243156,20.5,21.5
448.0,21.15182511439897,21.477817479624683,5.762140752700548,21.0,0,-0.477817479624683,21.319459603328134,20.5,21.5
449.0,21.14874717752663,21.552045357585477,5.763754099531349,21.0,0,-0.5520453575854773,22.29432413719342,20.5,21.5
450.0,21.145670178911033,21.499176461155997,5.765366864730179,21.0,0,-0.49917646115599723,20.970487496861196,20.5,21.5
451.0,21.142594118248198,21.47282641465484,5.766979047068848,21.0,0,-0.47282641465483977,21.209325949643265,20.5,21.5
452.0,21.139518995233963,21.518496896987678,5.768590645319607,21.0,0,-0.5184968969876778,21.975201720316058,20.5,21.5
453.0,21.13644480956398,21.506639117747447,5.770201658255156,21.0,0,-0.5066391177474472,21.38806132534514,20.5,21.5
454.0,21.133371560933718,21.45725515416439,5.771812084648637,21.0,0,-0.45725515416438967,20.963415518333814,20.5,21.5
455.0,21.130299249038462,21.522706777015934,5.7734219232736415,21.0,0,-0.5227067770159337,22.177223005531374,20.5,21.5
456.0,21.127227873573307,21.568048871839352,5.775031172904206,21.0,0,-0.5680488718393519,22.021469820073534,20.5,21.5
457.0,21.124157434233172,21.510738787580568,5.776639832314817,21.0,0,-0.5107387875805678,20.937637944992726,20.5,21.5
458.0,21.12108793071279,21.54023222295219,5.778247900280412,21.0,0,-0.5402322229521914,21.835166576668428,20.5,21.5
459.0,21.118019362706704,21.60489776339105,5.779855375576377,21.0,0,-0.6048977633910511,22.251553167779647,20.5,21.5
460.0,21.11495172990928,21.55914047729684,5.781462256978547,21.0,0,-0.5591404772968396,21.101567616354725,20.5,21.5
461.0,21.111885032014694,21.528637557409958,5.783068543263215,21.0,0,-0.528637557409958,21.223608358541142,20.5,21.5
462.0,21.108819268716942,21.480945042030463,5.784674233207123,21.0,0,-0.48094504203046284,21.00401988823551,20.5,21.5
463.0,21.10575443970984,21.420476896899693,5.786279325587468,21.0,0,-0.42047689689969303,20.815795445591995,20.5,21.5
464.0,21.102690544687018,21.4054838175789,5.787883819181902,21.0,0,-0.40548381757890084,21.25555302437098,20.5,21.5
465.0,21.099627583341917,21.422459436412176,5.789487712768534,21.0,0,-0.42245943641217565,21.592215624744924,20.5,21.5
466.0,21.096565555367803,21.366238542272914,5.79109100512593,21.0,0,-0.36623854227291375,20.804029600880295,20.5,21.5
467.0,21.093504460457755,21.442616672318223,5.792693695033112,21.0,0,-0.44261667231822344,22.20639797277132,20.5,21.5
468.0,21.09044429830467,21.41473295715632,5.794295781269561,21.0,0,-0.4147329571563212,21.1358958055373,20.5,21.5
469.0,21.087385068601264,21.320842094760394,5.79589726261522,21.0,1,-0.32084209476039405,20.381933470801123,20.5,21.5
470.0,21.104326771040068,21.350146774065227,5.797498137850493,21.0,0,-0.35014677406522665,21.643193567113553,20.5,21.5
471.0,21.10126540531343,21.39165342577048,5.79909840575624,21.0,0,-0.39165342577047824,21.806719942822994,20.5,21.5
472.0,21.098204971913518,21.359424495225753,5.80069806511379,21.0,0,-0.3594244952257526,21.037135189778496,20.5,21.5
473.0,21.095145470532156,21.375313512031944,5.802297114704932,21.0,0,-0.3753135120319442,21.53420368009386,20.5,21.5
474.0,21.09208690086099,21.44568628005384,5.8038955533119205,21.0,0,-0.4456862800538417,22.149413960272817,20.5,21.5
475.0,21.08902926259148,21.442249063487385,5.805493379717475,21.0,0,-0.4422490634873846,21.407876897822813,20.5,21.5
476.0,21.085972555414905,21.39339775462185,5.80709059270478,21.0,0,-0.39339775462185145,20.90488466596652,20.5,21.5
477.0,21.082916779022362,21.43380250911362,5.80868719105749,21.0,0,-0.43380250911361884,21.837850054031293,20.5,21.5
478.0,21.07986193310477,21.448783003117953,5.810283173559725,21.0,0,-0.4487830031179527,21.59858794316129,20.5,21.5
479.0,21.07680801735286,21.497709749223702,5.811878538996075,21.0,0,-0.49770974922370215,21.986977210281196,20.5,21.5
480.0,21.07375503145719,21.446950272478915,5.8134732861516,21.0,0,-0.44695027247891517,20.939355505031045,20.5,21.5
481.0,21.070702975108127,21.471560196407175,5.815067413811831,21.0,0,-0.47156019640717517,21.717659435689775,20.5,21.5
482.0,21.06765184799587,21.52958089162497,5.81666092076277,21.0,0,-0.5295808916249705,22.109787843802923,20.5,21.5
483.0,21.064601649810424,21.49331277394907,5.818253805790892,21.0,0,-0.49331277394907147,21.13063159719008,20.5,21.5
484.0,21.06155238024162,21.349914866520443,5.819846067683145,21.0,1,-0.349914866520443,19.91593579223416,20.5,21.5
485.0,21.07850403897911,21.421897189342992,5.821437705226955,21.0,0,-0.42189718934299236,22.141720417568486,20.5,21.5
486.0,21.07545262571236,21.44911851014575,5.823028717210217,21.0,0,-0.44911851014575177,21.721331718173346,20.5,21.5
487.0,21.07240214093066,21.363961898028528,5.82461910242131,21.0,0,-0.36396189802852774,20.512395776856287,20.5,21.5
488.0,21.069352584322957,21.34840703861524,5.826208859649084,21.0,0,-0.3484070386152389,21.19285844448235,20.5,21.5
489.0,21.06630395557802,21.384629019166056,5.827797987682869,21.0,0,-0.38462901916605574,21.746848824674224,20.5,21.5
490.0,21.06325625438444,21.297288456411337,5.829386485312478,21.0,1,-0.29728845641133717,20.42388282886415,20.5,21.5
491.0,21.08020948043063,21.261764743854112,5.830974351328199,21.0,1,-0.26176474385411197,20.90652761828186,20.5,21.5
492.0,21.097159633404807,21.293771240152733,5.8325615845208025,21.0,0,-0.2937712401527328,21.61383620313894,20.5,21.5
493.0,21.094106713795032,21.31720664958725,5.834148183681542,21.0,0,-0.31720664958724853,21.551560743932406,20.5,21.5
494.0,21.09105472208901,21.34248046179382,5.835734147602153,21.0,0,-0.3424804617938193,21.595218583859527,20.5,21.5
495.0,21.088003657974113,21.368122141993698,5.837319475074856,21.0,0,-0.3681221419936982,21.624538943992487,20.5,21.5
496.0,21.084953521137532,21.388354458367864,5.838904164892354,21.0,0,-0.3883544583678642,21.590677622109524,20.5,21.5
497.0,21.081904311266282,21.352626960444727,5.840488215847837,21.0,0,-0.3526269604447272,20.995351981213357,20.5,21.5
498.0,21.0788560280472,21.344860898098,5.842071626734982,21.0,0,-0.34486089809799836,21.26720027463071,20.5,21.5
499.0,21.075808671166936,21.395638764487625,5.843654396347952,21.0,0,-0.39563876448762514,21.903417428383893,20.5,21.5
500.0,21.07276224031197,21.364196010857846,5.8452365234813985,21.0,0,-0.3641960108578459,21.049768474560054,20.5,21.5
501.0,21.069716735168605,21.3451220957805,5.846818006930464,21.0,0,-0.3451220957804999,21.15438294500704,20.5,21.5
502.0,21.066672155422957,21.355793636572184,5.84839884549078,21.0,0,-0.35579363657218366,21.46250904448902,20.5,21.5
503.0,21.06362850076097,21.355389735971052,5.8499790379584695,21.0,0,-0.35538973597105183,21.351350729959734,20.5,21.5
504.0,21.06058577086841,21.349879177003924,5.851558583130146,21.0,0,-0.349879177003924,21.294773587332646,20.5,21.5
505.0,21.057543965430863,21.37380440863469,5.853137479802917,21.0,0,-0.37380440863469033,21.613056724942354,20.5,21.5
506.0,21.05450308413374,21.41600587133768,5.854715726774385,21.0,0,-0.4160058713376813,21.83802049836759,20.5,21.5
507.0,21.051463126662266,21.39389118622927,5.856293322842646,21.0,0,-0.39389118622926844,21.17274433514514,20.5,21.5
508.0,21.048424092701502,21.47583177115194,5.857870266806292,21.0,0,-0.47583177115194175,22.295237620378675,20.5,21.5
509.0,21.045385981936324,21.43665731337832,5.859446557464411,21.0,0,-0.43665731337831915,21.044912735642093,20.5,21.5
510.0,21.042348794051428,21.418957055262638,5.8610221936165905,21.0,0,-0.4189570552626378,21.241954474105825,20.5,21.5
511.0,21.03931252873134,21.418108196686365,5.8625971740629135,21.0,0,-0.4181081966863651,21.409619610923638,20.5,21.5
512.0,21.036277185660406,21.505947452444676,5.864171497603965,21.0,0,-0.5059474524446763,22.38434001002779,20.5,21.5
513.0,21.033242764522797,21.42041686977083,5.8657451630408275,21.0,0,-0.42041686977082904,20.565111043032356,20.5,21.5
514.0,21.0302092650025,21.323336184733712,5.867318169175088,21.0,1,-0.3233361847337122,20.352529334362544,20.5,21.5
515.0,21.047176686783335,21.30650029241574,5.868890514808834,21.0,1,-0.30650029241574117,21.13814136923603,20.5,21.5
516.0,21.06414102954894,21.273611842218955,5.870462198744655,21.0,1,-0.27361184221895485,20.94472734025109,20.5,21.5
517.0,21.081102293782777,21.214421752754895,5.872033219785646,21.0,1,-0.2144217527548946,20.622520858114292,20.5,21.5
518.0,21.098060479967977,21.29091332323575,5.8736035767354045,21.0,0,-0.29091332323574903,22.055829028044293,20.5,21.5
519.0,21.09501558858733,21.347085942915072,5.875173268398037,21.0,0,-0.3470859429150721,21.908812139708303,20.5,21.5
520.0,21.091971620123292,21.37301626196038,5.876742293578155,21.0,0,-0.3730162619603803,21.632319452413462,20.5,21.5
521.0,21.088928574257984,21.376830919087276,5.878310651080877,21.0,0,-0.3768309190872756,21.41497749035623,20.5,21.5
522.0,21.08588645067335,21.35972501282086,5.87987833971183,21.0,0,-0.35972501282086,21.188665950156704,20.5,21.5
523.0,21.082845249051157,21.32111378405253,5.881445358277152,21.0,0,-0.32111378405253177,20.93500149636925,20.5,21.5
524.0,21.079804969073002,21.31371164731916,5.88301170558349,21.0,0,-0.3137116473191597,21.23969027998544,20.5,21.5
525.0,21.076765610420306,21.332649622943784,5.884577380438002,21.0,0,-0.33264962294378364,21.522029379190023,20.5,21.5
526.0,21.07372717277431,21.274605462584915,5.88614238164836,21.0,0,-0.27460546258491547,20.694163858996234,20.5,21.5
527.0,21.070689655816082,21.336937620807287,5.887706708022744,21.0,0,-0.3369376208072872,21.960259203031004,20.5,21.5
528.0,21.067653059226522,21.329684444952083,5.889270358369855,21.0,0,-0.3296844449520826,21.257152686400037,20.5,21.5
529.0,21.06461738268635,21.451331732387768,5.890833331498904,21.0,0,-0.4513317323877679,22.66780460674462,20.5,21.5
530.0,21.061582625876113,21.48893524320004,5.892395626219617,21.0,0,-0.48893524320003934,21.864970351322754,20.5,21.5
531.0,21.05854878847618,21.544083033467867,5.8939572413422425,21.0,0,-0.5440830334678672,22.095560936146146,20.5,21.5
532.0,21.055515870166754,21.474099580986376,5.895518175677539,21.0,0,-0.47409958098637617,20.774265056171465,20.5,21.5
533.0,21.052483870627857,21.514896913077127,5.89707842803679,21.0,0,-0.514896913077127,21.922870233984636,20.5,21.5
534.0,21.049452789539338,21.40278665637536,5.898637997231793,21.0,1,-0.4027866563753584,20.28168408935767,20.5,21.5
535.0,21.066422626580877,21.350554065519113,5.90019688207487,21.0,1,-0.3505540655191126,20.828228156956655,20.5,21.5
536.0,21.083389381431974,21.31244286099684,5.9017550813788615,21.0,1,-0.31244286099683904,20.931330815774103,20.5,21.5
537.0,21.100353054571965,21.35973583873206,5.903312593957131,21.0,0,-0.3597358387320604,21.832665616084274,20.5,21.5
538.0,21.097313646479844,21.292570858296063,5.904869418623566,21.0,0,-0.2925708582960631,20.62092105393609,20.5,21.5
539.0,21.09427515763427,21.325072699668446,5.906425554192575,21.0,0,-0.3250726996684463,21.65009111339228,20.5,21.5
540.0,21.091237587713582,21.32854159985903,5.9079809994790935,21.0,0,-0.32854159985902953,21.36323060176486,20.5,21.5
541.0,21.088200936395936,21.362313389352835,5.9095357532985835,21.0,0,-0.36231338935283475,21.700031284290887,20.5,21.5
542.0,21.085165203359317,21.364910670230127,5.911089814467031,21.0,0,-0.36491067023012747,21.390883479003055,20.5,21.5
543.0,21.082130388281538,21.398248659659718,5.912643181800951,21.0,0,-0.3982486596597177,21.73162855395562,20.5,21.5
544.0,21.079096490840243,21.41282371572771,5.914195854117389,21.0,0,-0.41282371572771126,21.558574276407647,20.5,21.5
545.0,21.0760635107129,21.412967916900374,5.915747830233913,21.0,0,-0.4129679169003744,21.414409928627006,20.5,21.5
546.0,21.073031447576803,21.42743925107238,5.9172991089686295,21.0,0,-0.42743925107237857,21.57215259279242,20.5,21.5
547.0,21.07000030110908,21.325011151249022,5.918849689140171,21.0,1,-0.32501115124902213,20.300730153015458,20.5,21.5
548.0,21.086970070986684,21.3010066898254,5.920399569567703,21.0,1,-0.3010066898253996,21.060962075589174,20.5,21.5
549.0,21.1039367568864,21.233151589953973,5.921948749070925,21.0,1,-0.23315158995397312,20.55460059123971,20.5,21.5
550.0,21.12090035928484,21.204005152580372,5.923497226470068,21.0,1,-0.20400515258037188,20.91254077884436,20.5,21.5
551.0,21.137860878658277,21.17885173989406,5.9250450005859,21.0,1,-0.17885173989406056,20.927317613030947,20.5,21.5
552.0,21.15481831548266,21.33327060322589,5.926592070239724,21.0,0,-0.3332706032258912,22.877459236544198,20.5,21.5
553.0,21.151772670233612,21.347810415780646,5.928138434253378,21.0,0,-0.3478104157806463,21.493208541328197,20.5,21.5
554.0,21.148727943386415,21.37851274495698,5.929684091449239,21.0,0,-0.3785127449569785,21.6855360367203,20.5,21.5
555.0,21.14568413461603,21.44609236063014,5.931229040650223,21.0,0,-0.44609236063013924,22.121888517361747,20.5,21.5
556.0,21.142641243597236,21.427849858597945,5.932773280679783,21.0,0,-0.4278498585979449,21.245424838276,20.5,21.5
557.0,21.139599270004652,21.34086187973343,5.934316810361912,21.0,1,-0.3408618797334313,20.470982091088295,20.5,21.5
558.0,21.156558213512724,21.338253879992713,5.935859628521147,21.0,1,-0.3382538799927133,21.312173882585533,20.5,21.5
559.0,21.173514073795726,21.368371543627138,5.937401733982563,21.0,0,-0.36837154362713775,21.669548179971382,20.5,21.5
560.0,21.170466851327763,21.261786308896905,5.9389431255717815,21.0,1,-0.26178630889690524,20.19593396159458,20.5,21.5
561.0,21.18742054658261,21.34909449094159,5.940483802114964,21.0,0,-0.34909449094158873,22.222176311388424,20.5,21.5
562.0,21.184371159233716,21.365890770655565,5.94202376243882,21.0,0,-0.3658907706555645,21.533853567795322,20.5,21.5
563.0,21.181322689754357,21.404179058381043,5.943563005370601,21.0,0,-0.4041790583810432,21.78706193563583,20.5,21.5
564.0,21.17827513781748,21.492985472510828,5.945101529738108,21.0,0,-0.4929854725108278,22.381049613808674,20.5,21.5
565.0,21.175228503095862,21.550011286308028,5.946639334369687,21.0,0,-0.5500112863080275,22.120269424280025,20.5,21.5
566.0,21.172182785262116,21.512643819312203,5.948176418094232,21.0,0,-0.5126438193122027,21.138969149353954,20.5,21.5
567.0,21.169137983988684,21.4542493410367,5.949712779741189,21.0,0,-0.4542493410367001,20.870304558281674,20.5,21.5
568.0,21.166094098947834,21.44560552559791,5.95124841814055,21.0,0,-0.4456055255979088,21.359167371209995,20.5,21.5
569.0,21.163051129811674,21.344312157626867,5.952783332122861,21.0,1,-0.3443121576268666,20.331378477916445,20.5,21.5
570.0,21.180009076252137,21.31762858011363,5.954317520519217,21.0,1,-0.31762858011363093,21.050792804981274,20.5,21.5
571.0,21.19696393794099,21.335703699652065,5.955850982161267,21.0,0,-0.3357036996520648,21.516454895036404,20.5,21.5
572.0,21.19391571534983,21.42125980383968,5.957383715881214,21.0,0,-0.4212598038396784,22.276820845715815,20.5,21.5
573.0,21.19086840894994,21.44596685119749,5.958915720511813,21.0,0,-0.4459668511974897,21.693037324775602,20.5,21.5
574.0,21.187822018412252,21.49542556795472,5.960446994886378,21.0,0,-0.4954255679547188,21.99001273552701,20.5,21.5
575.0,21.184776543407548,21.655003575600404,5.961977537838775,21.0,0,-0.6550035756004036,23.25078365205725,20.5,21.5
576.0,21.181731983606433,21.68663174303463,5.96350734820343,21.0,0,-0.6866317430346314,22.00291341737691,20.5,21.5
577.0,21.17868833867935,21.618244009066434,5.9650364248153265,21.0,0,-0.6182440090664336,20.934366669384456,20.5,21.5
578.0,21.175645608296577,21.661413495364748,5.966564766510005,21.0,0,-0.6614134953647479,22.09310835834789,20.5,21.5
579.0,21.17260379212822,21.65709088846781,5.968092372123566,21.0,0,-0.6570908884678097,21.613864819498428,20.5,21.5
580.0,21.16956288984422,21.564807236935593,5.969619240492674,21.0,0,-0.564807236935593,20.641970721613426,20.5,21.5
581.0,21.166522901114348,21.516044667914638,5.9711453704545505,21.0,0,-0.5160446679146382,21.02841897770509,20.5,21.5
582.0,21.163483825608218,21.537976500473633,5.972670760846981,21.0,0,-0.5379765004736328,21.75729482606358,20.5,21.5
583.0,21.160445662995265,21.47782570882335,5.974195410508315,21.0,0,-0.4778257088233495,20.876317792320517,20.5,21.5
584.0,21.15740841294477,21.45858417672454,5.9757193182774655,21.0,0,-0.4585841767245391,21.266168855736435,20.5,21.5
585.0,21.154372075125835,21.477274222550697,5.97724248299391,21.0,0,-0.4772742225506974,21.66417468081228,20.5,21.5
586.0,21.15133664920741,21.41418718506406,5.978764903497693,21.0,0,-0.4141871850640584,20.783316810197668,20.5,21.5
587.0,21.148302134858266,21.399434394993346,5.980286578629424,21.0,0,-0.3994343949933459,21.25190649428622,20.5,21.5
588.0,21.14526853174702,21.44501862270729,5.981807507230282,21.0,0,-0.4450186227072912,21.900860899846744,20.5,21.5
589.0,21.142235839542117,21.522990838078584,5.983327688142013,21.0,0,-0.5229908380785844,22.302712991791516,20.5,21.5
590.0,21.139204057911837,21.368554434701846,5.984847120206934,21.0,1,-0.3685544347018457,19.82419040093446,20.5,21.5
591.0,21.156173186524295,21.368475373897866,5.986365802267931,21.0,1,-0.36847537389786567,21.367684765858066,20.5,21.5
592.0,21.173139225047443,21.37302734690156,5.987883733168462,21.0,1,-0.3730273469015586,21.418547076938488,20.5,21.5
593.0,21.190102173949068,21.34753384574443,5.989400911752556,21.0,1,-0.34753384574442947,21.09259883417314,20.5,21.5
594.0,21.20706203369663,21.267889140337196,5.990917336864815,21.0,1,-0.26788914033719635,20.471442086264865,20.5,21.5
595.0,21.224018804757264,21.391880921450188,5.992433007350416,21.0,0,-0.3918809214501877,22.6317987325801,20.5,21.5
596.0,21.220972487597784,21.509440176372173,5.993947922055111,21.0,0,-0.5094401763721734,22.68503272559203,20.5,21.5
597.0,21.217927082684675,21.563103622221366,5.9954620798252245,21.0,0,-0.5631036222213659,22.09973808071329,20.5,21.5
598.0,21.214882589684102,21.485422349438384,5.99697547950766,21.0,0,-0.4854223494383838,20.708609621608563,20.5,21.5
599.0,21.211839008262068,21.54188197408514,5.9984881199499,21.0,0,-0.5418819740851397,22.1064782205527,20.5,21.5
600.0,21.208796338084404,21.574333108303758,6.0,21.0,0,-0.5743331083037582,21.898844450489943,20.5,21.5
601.0,21.205754578816787,21.530564209193603,6.001511118506599,21.0,0,-0.5305642091936029,21.09287521809205,20.5,21.5
602.0,21.202713730124724,21.509857122941895,6.003021474318914,21.0,0,-0.5098571229418951,21.302786260424817,20.5,21.5
603.0,21.199673791673565,21.515800973608197,6.004531066286745,21.0,0,-0.5158009736081972,21.575239480271218,20.5,21.5
604.0,21.196634763128486,21.4059262758636,6.0060398932604695,21.0,1,-0.40592627586359953,20.307179298417623,20.5,21.5
605.0,21.213596644154514,21.36327394715809,6.007547954091052,21.0,1,-0.36327394715808836,20.936750660102977,20.5,21.5
606.0,21.2305554344165,21.37834707216077,6.009055247630038,21.0,0,-0.37834707216077135,21.5290783221876,20.5,21.5
607.0,21.227511134379146,21.46435208400114,6.010561772729559,21.0,0,-0.46435208400113837,22.32440220240481,20.5,21.5
608.0,21.224467744506814,21.488967263698395,6.012067528242327,21.0,0,-0.48896726369839527,21.735119060670964,20.5,21.5
609.0,21.221425264463562,21.554388620709524,6.013572513021648,21.0,0,-0.5543886207095241,22.208602190820812,20.5,21.5
610.0,21.218383693913275,21.602770301743067,6.015076725921408,21.0,0,-0.6027703017430674,22.0865871120785,20.5,21.5
611.0,21.215343032519677,21.613934919672147,6.016580165796085,21.0,0,-0.6139349196721469,21.72558109896294,20.5,21.5
612.0,21.212303279946333,21.48678486645527,6.018082831500743,21.0,1,-0.4867848664552703,20.215284334286505,20.5,21.5
613.0,21.229264435856646,21.493775057751574,6.019584721891037,21.0,0,-0.4937750577515736,21.563676970714607,20.5,21.5
614.0,21.226222499913852,21.483746769030432,6.021085835823211,21.0,0,-0.48374676903043223,21.38346388181902,20.5,21.5
615.0,21.223181472581036,21.432868710655633,6.022586172154104,21.0,0,-0.43286871065563304,20.92408812690764,20.5,21.5
616.0,21.22014135352095,21.430458988163902,6.024085729741143,21.0,0,-0.4304589881639025,21.406361763246597,20.5,21.5
617.0,21.217102142396197,21.506677926830715,6.02558450744235,21.0,0,-0.5066779268307151,22.26886731349884,20.5,21.5
618.0,21.214063838869205,21.48051360727129,6.02708250411634,21.0,0,-0.4805136072712912,21.218870411677052,20.5,21.5
619.0,21.211026442602254,21.483982673931358,6.028579718622325,21.0,0,-0.48398267393135797,21.518673340532025,20.5,21.5
620.0,21.207989953257457,21.47899483897569,6.0300761498201085,21.0,0,-0.47899483897569084,21.42911648941902,20.5,21.5
621.0,21.20495437049677,21.456965109115096,6.031571796570095,21.0,0,-0.4569651091150959,21.236667810509147,20.5,21.5
622.0,21.20191969398198,21.408281629306334,6.033066657733284,21.0,0,-0.4082816293063338,20.921446831218713,20.5,21.5
623.0,21.198885923374732,21.44574959411997,6.034560732171273,21.0,0,-0.4457495941199703,21.820429242256335,20.5,21.5
624.0,21.195853058336493,21.413295480166916,6.036054018746261,21.0,0,-0.41329548016691575,21.08875434063637,20.5,21.5
625.0,21.192821098528576,21.49896058004204,6.037546516321043,21.0,0,-0.49896058004204136,22.355611578793297,20.5,21.5
626.0,21.189790043612135,21.502134184485417,6.039038223759019,21.0,0,-0.502134184485417,21.533870228919174,20.5,21.5
627.0,21.186759893248166,21.53595192124585,6.040529139924188,21.0,0,-0.5359519212458501,21.87412928885018,20.5,21.5
628.0,21.1837306470975,21.52002416810316,6.042019263681153,21.0,0,-0.5200241681031592,21.36074663667625,20.5,21.5
629.0,21.18070230482082,21.49235643521812,6.043508593895119,21.0,0,-0.4923564352181202,21.21567910636773,20.5,21.5
630.0,21.177674866078632,21.45235373470871,6.044997129431898,21.0,0,-0.45235373470870854,21.05232672961459,20.5,21.5
631.0,21.1746483305313,21.421647011904724,6.046484869157903,21.0,0,-0.4216470119047244,21.114579783864883,20.5,21.5
632.0,21.171622697839027,21.44004512343053,6.047971811940158,21.0,0,-0.4400451234305294,21.62402623868858,20.5,21.5
633.0,21.168597967661846,21.477250984720644,6.04945795664629,21.0,0,-0.4772509847206443,21.849309597621794,20.5,21.5
634.0,21.165574139659643,21.555252629044645,6.050943302144535,21.0,0,-0.5552526290446451,22.335269072284653,20.5,21.5
635.0,21.16255121349214,21.54421190620747,6.052427847303739,21.0,0,-0.5442119062074688,21.433804677835706,20.5,21.5
636.0,21.1595291888189,21.549044292844847,6.053911590993355,21.0,0,-0.5490442928448473,21.597368159218632,20.5,21.5
637.0,21.156508065299334,21.433341357573713,6.055394532083448,21.0,1,-0.4333413575737133,20.276312004862373,20.5,21.5
638.0,21.173487842592692,21.416727153462,6.056876669444694,21.0,1,-0.4167271534619985,21.25058511234485,20.5,21.5
639.0,21.190464520358063,21.40615649638847,6.058358001948381,21.0,1,-0.4061564963884692,21.300449925653176,20.5,21.5
640.0,21.207438099054382,21.36138932815732,6.059838528466409,21.0,1,-0.36138932815731906,20.913717645845818,20.5,21.5
641.0,21.224408579140263,21.40021071883509,6.061318247871295,21.0,0,-0.4002107188350905,21.788424625612805,20.5,21.5
642.0,21.22137596107401,21.45468950154234,6.062797159036165,21.0,0,-0.4546895015423402,21.999477328614837,20.5,21.5
643.0,21.218344245313602,21.45248980030545,6.064275260834767,21.0,0,-0.4524898003054503,21.43049278793655,20.5,21.5
644.0,21.215313431516705,21.472809078578223,6.0657525521414595,21.0,0,-0.47280907857822285,21.67600186130595,20.5,21.5
645.0,21.21228351934083,21.46437967622399,6.067229031831223,21.0,0,-0.46437967622399157,21.38008565268168,20.5,21.5
646.0,21.209254508443326,21.492092809833995,6.068704698779653,21.0,0,-0.49209280983399495,21.76922414593403,20.5,21.5
647.0,21.206226398481395,21.49351797290178,6.070179551862964,21.0,0,-0.4935179729017811,21.507769603579643,20.5,21.5
648.0,21.20319918911207,21.533975776280037,6.071653589957993,21.0,0,-0.5339757762800375,21.9385538100626,20.5,21.5
649.0,21.200172879992238,21.53331624506969,6.0731268119421955,21.0,0,-0.5333162450696918,21.526720932966235,20.5,21.5
650.0,21.197147470778628,21.526407013875108,6.074599216693647,21.0,0,-0.526407013875108,21.45731470192927,20.5,21.5
651.0,21.19412296112781,21.520105610480808,6.07607080309105,21.0,0,-0.5201056104808082,21.45709157653781,20.5,21.5
652.0,21.191099350696202,21.50477290749121,6.077541570013726,21.0,0,-0.5047729074912084,21.35144587759521,20.5,21.5
653.0,21.188076639140064,21.434710336933215,6.079011516341622,21.0,0,-0.4347103369332146,20.734084631353277,20.5,21.5
654.0,21.185054826115504,21.358096134787107,6.08048064095531,21.0,0,-0.35809613478710745,20.591954113326036,20.5,21.5
655.0,21.182033911278474,21.435213720404036,6.081948942735988,21.0,0,-0.43521372040403605,22.206389576573322,20.5,21.5
656.0,21.179013894284765,21.3078409910883,6.083416420565479,21.0,1,-0.30784099108830176,20.03411369793096,20.5,21.5
657.0,21.19599477479002,21.330581734842045,6.084883073326237,21.0,0,-0.33058173484204545,21.557989172379482,20.5,21.5
658.0,21.192972552449728,21.38047393727887,6.086348899901341,21.0,0,-0.3804739372788717,21.879395961647134,20.5,21.5
659.0,21.189951227719217,21.436917771303815,6.087813899174501,21.0,0,-0.4369177713038148,22.001356111553246,20.5,21.5
660.0,21.186930800253506,21.368788848593493,6.089278070030054,21.0,0,-0.3687888485934927,20.68749962149027,20.5,21.5
661.0,21.183911269707462,21.46240366192744,6.0907414113529725,21.0,0,-0.4624036619274392,22.398551795266904,20.5,21.5
662.0,21.18089263573579,21.43178042764894,6.092203922028858,21.0,0,-0.4317804276489383,21.12554808486393,20.5,21.5
663.0,21.17787489799305,21.512689356866552,6.093665600943945,21.0,0,-0.5126893568665523,22.32177864904269,20.5,21.5
664.0,21.17485805613364,21.408605742436357,6.0951264469851,21.0,1,-0.4086057424363574,20.36776959813441,20.5,21.5
665.0,21.191842109811812,21.43780704041442,6.096586459039828,21.0,0,-0.43780704041441965,21.729820020195042,20.5,21.5
666.0,21.18882305868166,21.418973850783953,6.098045635996264,21.0,0,-0.4189738507839529,21.230641954479285,20.5,21.5
667.0,21.185804903197123,21.457232532095393,6.099503976743181,21.0,0,-0.45723253209539294,21.839819345209794,20.5,21.5
668.0,21.18278764301183,21.303343179923864,6.100961480169991,21.0,1,-0.30334317992386417,19.764449658208576,20.5,21.5
669.0,21.199771277779263,21.402242989952803,6.102418145166741,21.0,0,-0.4022429899528035,22.391241090242197,20.5,21.5
670.0,21.19675180715274,21.50333959494372,6.103873970624116,21.0,0,-0.5033395949437214,22.5143056448529,20.5,21.5
671.0,21.193733231585433,21.545879337796645,6.105328955433444,21.0,0,-0.5458793377966451,21.971276766325882,20.5,21.5
672.0,21.190715550730204,21.540416772587868,6.106783098486688,21.0,0,-0.5404167725878679,21.485791120500096,20.5,21.5
673.0,21.187698764239755,21.600855403613522,6.108236398676457,21.0,0,-0.6008554036135223,22.205241713870066,20.5,21.5
674.0,21.184682871766643,21.5695347688293,6.109688854895999,21.0,0,-0.5695347688292998,21.256328420987074,20.5,21.5
675.0,21.18166787296327,21.429546697148577,6.111140466039204,21.0,1,-0.4295466971485773,20.029665980341353,20.5,21.5
676.0,21.198653767481886,21.399864310581354,6.11259123100061,21.0,1,-0.3998643105813535,21.103040444909116,20.5,21.5
677.0,21.21563655497459,21.360318622508267,6.114041148675393,21.0,1,-0.36031862250826663,20.964861741777398,20.5,21.5
678.0,21.23261623589333,21.367350573074905,6.11549021795938,21.0,1,-0.36735057307490493,21.437670078741288,20.5,21.5
679.0,21.249592810689744,21.402749311664316,6.116938437749042,21.0,0,-0.4027493116643157,21.756736697558424,20.5,21.5
680.0,21.246566279815156,21.422337147664983,6.118385806941494,21.0,0,-0.4223371476649831,21.618215507671657,20.5,21.5
681.0,21.243540643720582,21.466046281675208,6.119832324434503,21.0,0,-0.466046281675208,21.903137621777457,20.5,21.5
682.0,21.240515902056725,21.42684759664714,6.121277989126483,21.0,0,-0.4268475966471392,21.03486074636645,20.5,21.5
683.0,21.23749205447414,21.43734971670322,6.122722799916498,21.0,0,-0.43734971670322054,21.542370917264034,20.5,21.5
684.0,21.234469100623226,21.460698456567734,6.124166755704261,21.0,0,-0.46069845656773367,21.694185855212865,20.5,21.5
685.0,21.231447040154244,21.48638687661209,6.125609855390137,21.0,0,-0.4863868766120909,21.743271077055663,20.5,21.5
686.0,21.228425872717292,21.513244215621786,6.1270520978751435,21.0,0,-0.5132442156217856,21.781817605718732,20.5,21.5
687.0,21.22540559796232,21.63749209308402,6.128493482060948,21.0,0,-0.6374920930840204,22.87997086770637,20.5,21.5
688.0,21.222386215539142,21.66698376906083,6.129934006849876,21.0,0,-0.6669837690608311,21.961900528828938,20.5,21.5
689.0,21.219367725097406,21.596073391311727,6.131373671144904,21.0,0,-0.5960733913117267,20.886969613820682,20.5,21.5
690.0,21.216350126286617,21.707294780081284,6.132812473849666,21.0,0,-0.7072947800812841,22.81950866777686,20.5,21.5
691.0,21.21333341875613,21.631535292125882,6.1342504138684495,21.0,0,-0.6315352921258821,20.873940412571862,20.5,21.5
692.0,21.21031760215515,21.589240831952395,6.135687490106203,21.0,0,-0.5892408319523952,21.166296230217526,20.5,21.5
693.0,21.20730267613274,21.54120437453127,6.137123701468528,21.0,0,-0.5412043745312687,21.060839800320004,20.5,21.5
694.0,21.204288640337808,21.566637151031383,6.138559046861689,21.0,0,-0.566637151031383,21.820964916032526,20.5,21.5
695.0,21.20127549441911,21.414328747083204,6.139993525192606,21.0,1,-0.41432874708320355,19.89124470760141,20.5,21.5
696.0,21.218263238025266,21.383572466830564,6.141427135368863,21.0,1,-0.38357246683056445,21.076009664304173,20.5,21.5
697.0,21.235247870804734,21.473912333193994,6.1428598762987034,21.0,0,-0.4739123331939936,22.377310996828285,20.5,21.5
698.0,21.232229393205834,21.504094840947694,6.1442917468910325,21.0,0,-0.504094840947694,21.805919918484697,20.5,21.5
699.0,21.22921180567657,21.55746866143271,6.145722746055418,21.0,0,-0.5574686614327113,22.091206866282885,20.5,21.5
700.0,21.226195107864648,21.65871874167988,6.147152872702092,21.0,0,-0.6587187416798805,22.671219544151572,20.5,21.5
701.0,21.223179299417616,21.686279637501137,6.148582125741951,21.0,0,-0.6862796375011371,21.961888595713702,20.5,21.5
702.0,21.22016437998288,21.63080805659525,6.150010504086557,21.0,0,-0.6308080565952494,21.076092247536373,20.5,21.5
703.0,21.2171503492077,21.624968187802036,6.151438006648137,21.0,0,-0.6249681878020361,21.566569499869903,20.5,21.5
704.0,21.21413720673919,21.61914307070579,6.152864632339586,21.0,0,-0.619143070705789,21.560891899743318,20.5,21.5
705.0,21.21112495222431,21.555425010951264,6.1542903800744675,21.0,0,-0.5554250109512644,20.91824441340602,20.5,21.5
706.0,21.20811358530988,21.577436826166302,6.15571524876701,21.0,0,-0.5774368261663021,21.79755497831668,20.5,21.5
707.0,21.20510310564257,21.597824328776404,6.157139237332117,21.0,0,-0.5978243287764045,21.801699354877428,20.5,21.5
708.0,21.20209351286891,21.562715480959174,6.1585623446853575,21.0,0,-0.5627154809591737,21.211627002786866,20.5,21.5
709.0,21.199084806635273,21.53855773928003,6.159984569742974,21.0,0,-0.53855773928003,21.296980322488594,20.5,21.5
710.0,21.196076986587894,21.514960388820498,6.1614059114218795,21.0,0,-0.5149603888204979,21.278986884225176,20.5,21.5
711.0,21.19307005237286,21.504231045635677,6.162826368639661,21.0,0,-0.5042310456356773,21.396937613787472,20.5,21.5
712.0,21.190064003636113,21.41027717055069,6.164245940314579,21.0,1,-0.4102771705506889,20.470738419700805,20.5,21.5
713.0,21.20705884002345,21.42468075182127,6.165664625365567,21.0,0,-0.4246807518212705,21.568716564527087,20.5,21.5
714.0,21.20405056118052,21.4581516630799,6.167082422712235,21.0,0,-0.4581516630798994,21.79286077566619,20.5,21.5
715.0,21.201043167552825,21.458441339786184,6.168499331274869,21.0,0,-0.45844133978618373,21.461338106849027,20.5,21.5
716.0,21.19803665878557,21.423158064371925,6.169915349974431,21.0,0,-0.4231580643719255,21.070325310229343,20.5,21.5
717.0,21.195031034523804,21.441669323287122,6.171330477732561,21.0,0,-0.4416693232871225,21.626781912439093,20.5,21.5
718.0,21.192026294412447,21.44452467248501,6.1727447134715785,21.0,0,-0.4445246724850094,21.473078164463878,20.5,21.5
719.0,21.18902243809626,21.47567730386565,6.17415805611448,21.0,0,-0.4756773038656483,21.787203617672038,20.5,21.5
720.0,21.186019465219864,21.55524712582802,6.175570504584947,21.0,0,-0.5552471258280214,22.350945345451752,20.5,21.5
721.0,21.183017375427738,21.630835650151873,6.176982057807334,21.0,0,-0.630835650151873,22.38672089339039,20.5,21.5
722.0,21.180016168364215,21.75585929878722,6.178392714706684,21.0,0,-0.7558592987872217,23.006095785140708,20.5,21.5
723.0,21.177015843673484,21.735787712215377,6.179802474208721,21.0,0,-0.7357877122153766,21.535071846496926,20.5,21.5
724.0,21.17401640099959,21.713105331910356,6.181211335239851,21.0,0,-0.7131053319103557,21.486281528860147,20.5,21.5
725.0,21.17101783998644,21.677988535691313,6.1826192967271645,21.0,0,-0.6779885356913127,21.326820573500882,20.5,21.5
726.0,21.168020160277788,21.689620590633556,6.184026357598439,21.0,0,-0.689620590633556,21.80594114005599,20.5,21.5
727.0,21.165023361517253,21.601625106726765,6.185432516782136,21.0,0,-0.6016251067267646,20.72167026765885,20.5,21.5
728.0,21.162027443348308,21.63439361353183,6.186837773207403,21.0,0,-0.6343936135318309,21.962078681582494,20.5,21.5
729.0,21.15903240541428,21.655493496803434,6.188242125804077,21.0,0,-0.6554934968034338,21.866492329519463,20.5,21.5
730.0,21.156038247358357,21.624343909789197,6.189645573502682,21.0,0,-0.6243439097891965,21.312848039646823,20.5,21.5
731.0,21.153044968823586,21.546445471613673,6.191048115234433,21.0,0,-0.5464454716136729,20.767461089858436,20.5,21.5
732.0,21.150052569452868,21.523272687734426,6.192449749931232,21.0,0,-0.5232726877344263,21.29154484894196,20.5,21.5
733.0,21.147061048888965,21.56198048173506,6.1938504765256726,21.0,0,-0.5619804817350591,21.949058421741388,20.5,21.5
734.0,21.144070406774492,21.518477458492463,6.195250293951043,21.0,0,-0.5184774584924625,21.083447226066497,20.5,21.5
735.0,21.141080642751927,21.554489842038862,6.196649201141318,21.0,0,-0.554489842038862,21.914613677502857,20.5,21.5
736.0,21.138091756463606,21.53080450643011,6.198047197031172,21.0,0,-0.5308045064301083,21.293951150342572,20.5,21.5
737.0,21.13510374755172,21.560491314375835,6.199444280555968,21.0,0,-0.5604913143758345,21.857359393833097,20.5,21.5
738.0,21.132116615658322,21.40414844848207,6.200840450651768,21.0,1,-0.40414844848206855,19.84071978954441,20.5,21.5
739.0,21.14913036042532,21.293552862527356,6.202235706255326,21.0,1,-0.29355286252735624,20.187597002980233,20.5,21.5
740.0,21.166140981494486,21.20567847557995,6.203630046304096,21.0,1,-0.20567847557995123,20.3269346061059,20.5,21.5
741.0,21.183148479307448,21.27632517492573,6.2050234697362265,21.0,0,-0.2763251749257307,21.982792168383526,20.5,21.5
742.0,21.180152854305533,21.213158357123252,6.206415975490565,21.0,0,-0.21315835712325182,20.581490179098463,20.5,21.5
743.0,21.17715810692977,21.229684585012702,6.207807562506657,21.0,0,-0.22968458501270206,21.394946863907204,20.5,21.5
744.0,21.174164236820886,21.285787122029493,6.209198229724749,21.0,0,-0.2857871220294932,21.846812492197405,20.5,21.5
745.0,21.171171243619465,21.266959228066046,6.2105879760857885,21.0,0,-0.266959228066046,21.078680288431574,20.5,21.5
746.0,21.16817912696596,21.26921818812621,6.211976800531422,21.0,0,-0.2692181881262101,21.29180778872785,20.5,21.5
747.0,21.16518788650067,21.331779331883062,6.213364702003999,21.0,0,-0.3317793318830624,21.957390769451585,20.5,21.5
748.0,21.16219752186377,21.479914236576967,6.214751679446573,21.0,0,-0.47991423657696686,22.96126328351601,20.5,21.5
749.0,21.159208032695286,21.500185374391904,6.216137731802901,21.0,0,-0.5001853743919042,21.702896752541278,20.5,21.5
750.0,21.156219418635107,21.524299332942356,6.217522858017441,21.0,0,-0.5242993329423555,21.76543891844687,20.5,21.5
751.0,21.153231679322985,21.448154885681372,6.218907057035362,21.0,0,-0.4481548856813724,20.68671041307154,20.5,21.5
752.0,21.150244814398526,21.4756231792172,6.220290327802536,21.0,0,-0.47562317921720165,21.750306114575494,20.5,21.5
753.0,21.147258823501208,21.449749516343115,6.22167266926554,21.0,0,-0.44974951634311466,21.191012887602245,20.5,21.5
754.0,21.14427370627036,21.444697618380538,6.2230540803716625,21.0,0,-0.44469761838053756,21.394178638754767,20.5,21.5
755.0,21.14128946234518,21.44784273093719,6.224434560068898,21.0,0,-0.4478427309371895,21.47929385650371,20.5,21.5
756.0,21.138306091364726,21.534724977518604,6.225814107305953,21.0,0,-0.5347249775186036,22.403547443332744,20.5,21.5
757.0,21.135323592967914,21.51614451757846,6.227192721032241,21.0,0,-0.5161445175784607,21.33033991817703,20.5,21.5
758.0,21.132341966793526,21.459358536610342,6.228570400197887,21.0,0,-0.45935853661034187,20.891498726929154,20.5,21.5
759.0,21.129361212480205,21.470477006194095,6.229947143753728,21.0,0,-0.4704770061940948,21.581661702031624,20.5,21.5
760.0,21.12638132966646,21.51428825080463,6.231322950651316,21.0,0,-0.5142882508046291,21.952400696909972,20.5,21.5
761.0,21.12340231799066,21.4751284511141,6.2326978198429135,21.0,0,-0.47512845111409874,21.083530454208795,20.5,21.5
762.0,21.12042417709103,21.426473930494048,6.2340717502814975,21.0,0,-0.4264739304940477,20.939928724293537,20.5,21.5
763.0,21.117446906605668,21.40598613877365,6.23544474092076,21.0,0,-0.405986138773649,21.201108221569662,20.5,21.5
764.0,21.11447050617253,21.407087329738665,6.236816790715109,21.0,0,-0.40708732973866546,21.41809923938883,20.5,21.5
765.0,21.111494975429437,21.437852423119885,6.2381878986196675,21.0,0,-0.43785242311988526,21.745503356932083,20.5,21.5
766.0,21.108520314014076,21.428419301651214,6.23955806359028,21.0,0,-0.4284193016512141,21.334088086964503,20.5,21.5
767.0,21.10554652156399,21.38087088932874,6.240927284583504,21.0,0,-0.38087088932874025,20.905386766104,20.5,21.5
768.0,21.102573597716596,21.381361496343107,6.24229556055662,21.0,0,-0.3813614963431071,21.386267566486776,20.5,21.5
769.0,21.099601542109163,21.376666434955375,6.2436628904676255,21.0,0,-0.376666434955375,21.329715821078054,20.5,21.5
770.0,21.096630354378835,21.273215881208607,6.2450292732752395,21.0,1,-0.27321588120860696,20.238710343740927,20.5,21.5
771.0,21.113660034162613,21.264578993727376,6.246394707938901,21.0,1,-0.26457899372737614,21.178210118915068,20.5,21.5
772.0,21.13068658109737,21.324076410391243,6.247759193418772,21.0,0,-0.3240764103912426,21.919050577029907,20.5,21.5
773.0,21.12770999561983,21.37408504416381,6.249122728675739,21.0,0,-0.3740850441638095,21.87417138188948,20.5,21.5
774.0,21.124734278166443,21.33048239042369,6.25048531267141,21.0,0,-0.33048239042368976,20.894455853022492,20.5,21.5
775.0,21.121759428373345,21.41060752981933,6.251846944368118,21.0,0,-0.41060752981933035,22.211858923775736,20.5,21.5
776.0,21.118785445876544,21.36055367125567,6.253207622728921,21.0,0,-0.3605536712556692,20.860015085619057,20.5,21.5
777.0,21.115812330311915,21.317662484051077,6.254567346717603,21.0,0,-0.3176624840510769,20.888750612005154,20.5,21.5
778.0,21.112840081315195,21.333710790846844,6.255926115298676,21.0,0,-0.33371079084684396,21.494193858804515,20.5,21.5
779.0,21.109868698521993,21.411504626050974,6.257283927437378,21.0,0,-0.4115046260509736,22.18944297809227,20.5,21.5
780.0,21.106898181567775,21.393791466944702,6.258640782099675,21.0,0,-0.3937914669447018,21.216659875881984,20.5,21.5
781.0,21.10392853008788,21.431223949308183,6.259996678252264,21.0,0,-0.4312239493081833,21.805548772943,20.5,21.5
782.0,21.100959743717514,21.456204580274118,6.261351614862573,21.0,0,-0.45620458027411814,21.706010889933467,20.5,21.5
783.0,21.097991822091743,21.386889518708784,6.262705590898755,21.0,0,-0.3868895187087844,20.693738903055447,20.5,21.5
784.0,21.095024764845505,21.325788475609908,6.264058605329701,21.0,0,-0.3257884756099081,20.714778044621145,20.5,21.5
785.0,21.092058571613602,21.409475908732567,6.265410657125032,21.0,0,-0.409475908732567,22.246350239959156,20.5,21.5
786.0,21.089093242030703,21.49898807106586,6.2667617452551,21.0,0,-0.49898807106585963,22.394109694398786,20.5,21.5
787.0,21.086128775731346,21.45323430338776,6.268111868690994,21.0,0,-0.4532343033877595,20.995696626606758,20.5,21.5
788.0,21.08316517234994,21.42963845028639,6.269461026404535,21.0,0,-0.42963845028639014,21.193679919272697,20.5,21.5
789.0,21.08020243152075,21.47858247774159,6.2708092173682815,21.0,0,-0.4785824777415897,21.968022752293585,20.5,21.5
790.0,21.077240552877917,21.34273816543909,6.272156440555528,21.0,1,-0.34273816543909064,19.9842950424141,20.5,21.5
791.0,21.094279536055453,21.27579322614406,6.273502694940304,21.0,1,-0.2757932261440601,20.606343833193755,20.5,21.5
792.0,21.11131538068723,21.30487024531077,6.2748479794973795,21.0,0,-0.3048702453107701,21.59564043697787,20.5,21.5
793.0,21.10834808720699,21.366395861822546,6.276192293202261,21.0,0,-0.36639586182254646,21.98165202694031,20.5,21.5
794.0,21.10538165604819,21.337532804493645,6.277535635031195,21.0,0,-0.33753280449364453,21.048902231204625,20.5,21.5
795.0,21.102416086843988,21.359164419102193,6.27887800396117,21.0,0,-0.35916441910219277,21.575480565187675,20.5,21.5
796.0,21.09945137922741,21.330137388054293,6.280219398969911,21.0,0,-0.33013738805429327,21.0398670775753,20.5,21.5
797.0,21.096487532831357,21.308536486563163,6.2815598190358894,21.0,0,-0.30853648656316324,21.092527471651863,20.5,21.5
798.0,21.0935245472886,21.27005424668922,6.282899263138315,21.0,0,-0.2700542466892202,20.88523184794979,20.5,21.5
799.0,21.09056242223177,21.29175310207151,6.2842377302571455,21.0,0,-0.2917531020715103,21.50874165589441,20.5,21.5
800.0,21.087601157293374,21.346715420380384,6.2855752193730785,21.0,0,-0.3467154203803844,21.896338603469125,20.5,21.5
801.0,21.08464075210579,21.26897876473784,6.286911729467558,21.0,1,-0.26897876473784166,20.491612208312414,20.5,21.5
802.0,21.101681206301265,21.35284889598198,6.288247259522773,21.0,0,-0.35284889598198177,22.191550208423383,20.5,21.5
803.0,21.09871851951191,21.42048305709086,6.28958180852166,21.0,0,-0.4204830570908591,22.096824668179632,20.5,21.5
804.0,21.09575669216971,21.361160875164135,6.290915375447901,21.0,0,-0.36116087516413486,20.767939055896893,20.5,21.5
805.0,21.092795723906367,21.363656419032928,6.292247959285928,21.0,0,-0.3636564190329281,21.38861185772086,20.5,21.5
806.0,21.089835614353444,21.449088412845917,6.293579559020919,21.0,0,-0.44908841284591716,22.303408350975808,20.5,21.5
807.0,21.086876363142377,21.40671409774459,6.2949101736388045,21.0,0,-0.4067140977445902,20.98297094673132,20.5,21.5
808.0,21.083917969904476,21.39243226863102,6.296239802126262,21.0,0,-0.3924322686310191,21.249613977495308,20.5,21.5
809.0,21.08096043427092,21.48227126233306,6.297568443470722,21.0,0,-0.48227126233306095,22.38066119935348,20.5,21.5
810.0,21.07800375587276,21.525476513522513,6.298896096660367,21.0,0,-0.5254765135225128,21.95752902541703,20.5,21.5
811.0,21.07504793434092,21.501672987655688,6.3002227606841315,21.0,0,-0.501672987655688,21.26363772898744,20.5,21.5
812.0,21.072092969306187,21.50612917366134,6.301548434531702,21.0,0,-0.5061291736613391,21.55069103371785,20.5,21.5
813.0,21.06913886039923,21.473239492531103,6.302873117193521,21.0,0,-0.4732394925311034,21.144342681228746,20.5,21.5
814.0,21.066185607250592,21.40073637553867,6.304196807660785,21.0,0,-0.4007363755386706,20.675705205614342,20.5,21.5
815.0,21.063233209490672,21.358564442008795,6.305519504925445,21.0,0,-0.3585644420087952,20.93684510671004,20.5,21.5
816.0,21.06028166674976,21.41054774112896,6.306841207980211,21.0,0,-0.4105477411289584,21.93038073233059,20.5,21.5
817.0,21.057330978658005,21.497013075878293,6.308161915818548,21.0,0,-0.4970130758782929,22.361666423371638,20.5,21.5
818.0,21.054381144845436,21.503255786505505,6.309481627434679,21.0,0,-0.5032557865055054,21.56568289277763,20.5,21.5
819.0,21.051432164941954,21.535197955284172,6.310800341823588,21.0,0,-0.5351979552841719,21.854619643070837,20.5,21.5
820.0,21.048484038577328,21.47534823751709,6.3121180579810146,21.0,0,-0.475348237517089,20.87685105984626,20.5,21.5
821.0,21.045536765381208,21.436559043226985,6.313434774903461,21.0,0,-0.43655904322698547,21.04866710032595,20.5,21.5
822.0,21.04259034498311,21.43224057870689,6.314750491588192,21.0,0,-0.4322405787068888,21.389055933505922,20.5,21.5
823.0,21.03964477701243,21.360426368966223,6.316065207033229,21.0,0,-0.36042636896622327,20.642284271559568,20.5,21.5
824.0,21.036700061098436,21.258283926188746,6.317378920237361,21.0,1,-0.25828392618874574,20.23685949841397,20.5,21.5
825.0,21.053756196870264,21.27946652001375,6.318691630200138,21.0,1,-0.2794665200137487,21.49129245826378,20.5,21.5
826.0,21.07080918395693,21.34298584312067,6.320003335921873,21.0,0,-0.34298584312066893,21.97817907418987,20.5,21.5
827.0,21.06785902278732,21.279657937896626,6.321314036403647,21.0,0,-0.2796579378966264,20.6463788856562,20.5,21.5
828.0,21.064909713790044,21.39692131375606,6.322623730647304,21.0,0,-0.3969213137560601,22.569555072350397,20.5,21.5
829.0,21.061961256593417,21.445006250145294,6.323932417655453,21.0,0,-0.44500625014529405,21.925855614037634,20.5,21.5
830.0,21.05901365082563,21.475853788549816,6.325240096431475,21.0,0,-0.4758537885498164,21.78432917259504,20.5,21.5
831.0,21.05606689611475,21.487212087204615,6.326546765979513,21.0,0,-0.4872120872046146,21.600795073752597,20.5,21.5
832.0,21.053120992088722,21.519036502318706,6.327852425304483,21.0,0,-0.5190365023187056,21.837280653459615,20.5,21.5
833.0,21.050175938375364,21.40718421212964,6.329157073412068,21.0,1,-0.4071842121296392,20.288661310238975,20.5,21.5
834.0,21.067231734602373,21.426836430480655,6.3304607093087215,21.0,0,-0.42683643048065534,21.623358613990817,20.5,21.5
835.0,21.064284380397314,21.449517672158816,6.331763332001668,21.0,0,-0.4495176721588159,21.67633008894042,20.5,21.5
836.0,21.061337876187636,21.380001861897536,6.333064940498905,21.0,0,-0.3800018618975365,20.684843759284743,20.5,21.5
837.0,21.0583922216005,21.272071824752448,6.3343655338091995,21.0,1,-0.27207182475244807,20.192771453301564,20.5,21.5
838.0,21.07544741626294,21.366605026909816,6.335665110942093,21.0,0,-0.36660502690981644,22.3119370484835,20.5,21.5
839.0,21.072499459801875,21.277715252634234,6.3369636709079025,21.0,1,-0.27771525263423413,20.38881750987841,20.5,21.5
840.0,21.089552352644098,21.225830539935977,6.3382612127177165,21.0,1,-0.22583053993597701,20.706983412953406,20.5,21.5
841.0,21.106602094416115,21.23449080333295,6.339557735383401,21.0,1,-0.23449080333294958,21.321093437302675,20.5,21.5
842.0,21.123648685544307,21.284393456456492,6.340853237917598,21.0,0,-0.28439345645649183,21.783419987691914,20.5,21.5
843.0,21.12069212645478,21.27893077042399,6.342147719333726,21.0,0,-0.2789307704239903,21.224303910098975,20.5,21.5
844.0,21.117736417573358,21.4348460192894,6.34344117864598,21.0,0,-0.4348460192893988,22.993998507943484,20.5,21.5
845.0,21.11478155852557,21.43001750304836,6.344733614869336,21.0,0,-0.4300175030483615,21.38173234063799,20.5,21.5
846.0,21.11182754893684,21.444784601445793,6.346025027019547,21.0,0,-0.444784601445793,21.592455585420108,20.5,21.5
847.0,21.108874388432458,21.440573629722987,6.347315414113146,21.0,0,-0.4405736297229872,21.39846391249493,20.5,21.5
848.0,21.105922076637594,21.475511616464594,6.348604775167447,21.0,0,-0.47551161646459406,21.824891483880663,20.5,21.5
849.0,21.1029706131773,21.38927740197327,6.349893109200545,21.0,0,-0.38927740197327054,20.526935257060035,20.5,21.5
850.0,21.100019997676505,21.390193424832944,6.351180415231321,21.0,0,-0.39019342483294395,21.399353653429678,20.5,21.5
851.0,21.097070229760014,21.37593085068105,6.352466692279431,21.0,0,-0.37593085068105125,21.233305109162124,20.5,21.5
852.0,21.094121309052518,21.334677638672815,6.3537519393653215,21.0,0,-0.3346776386728152,20.922145518590455,20.5,21.5
853.0,21.09117323517858,21.27606758211087,6.35503615551022,21.0,0,-0.2760675821108691,20.68996701649141,20.5,21.5
854.0,21.088226007762646,21.31757256847238,6.3563193397361415,21.0,0,-0.3175725684723787,21.732622432087474,20.5,21.5
855.0,21.085279626429042,21.325948605764676,6.357601491065884,21.0,0,-0.3259486057646761,21.40970897868765,20.5,21.5
856.0,21.082334090801968,21.340853298301163,6.358882608523033,21.0,0,-0.3408532983011625,21.489900223666027,20.5,21.5
857.0,21.079389400505512,21.348182325996774,6.360162691131963,21.0,0,-0.348182325996774,21.42147260295289,20.5,21.5
858.0,21.076445555163637,21.399552896209066,6.361441737917835,21.0,0,-0.399552896209066,21.913258598331986,20.5,21.5
859.0,21.07350255440019,21.36437907049991,6.3627197479066,21.0,0,-0.36437907049991125,21.012640813408364,20.5,21.5
860.0,21.07056039783889,21.343735516545696,6.363996720124997,21.0,0,-0.3437355165456957,21.13729997700354,20.5,21.5
861.0,21.067619085103345,21.386657959575704,6.365272653600556,21.0,0,-0.3866579595757038,21.815882389875785,20.5,21.5
862.0,21.064678615817044,21.44763435300016,6.3665475473615984,21.0,0,-0.4476343530001614,22.057398287244737,20.5,21.5
863.0,21.061738989603352,21.368772461925374,6.367821400437236,21.0,0,-0.3687724619253743,20.580153551177503,20.5,21.5
864.0,21.058800206085518,21.37243739629612,6.3690942118573775,21.0,0,-0.37243739629612094,21.409086740003588,20.5,21.5
865.0,21.055862264886674,21.357673658772363,6.370365980652718,21.0,0,-0.357673658772363,21.210036283534784,20.5,21.5
866.0,21.052925165629826,21.231622865217084,6.371636705854753,21.0,1,-0.23162286521708353,19.97111492966429,20.5,21.5
867.0,21.069988907937873,21.234775194013217,6.372906386495767,21.0,1,-0.234775194013217,21.26629848197455,20.5,21.5
868.0,21.087049491433586,21.28795964644007,6.3741750216088455,21.0,0,-0.28795964644006844,21.819804170708583,20.5,21.5
869.0,21.08410691653962,21.3048894856354,6.375442610227868,21.0,0,-0.30488948563539964,21.47418787758871,20.5,21.5
870.0,21.08116518367836,21.343884590386008,6.376709151387508,21.0,0,-0.3438845903860077,21.73383563789209,20.5,21.5
871.0,21.0782242924719,21.361558455608215,6.377974644123241,21.0,0,-0.36155845560821476,21.538297107830285,20.5,21.5
872.0,21.07528424254223,21.3591801739348,6.37923908747134,21.0,0,-0.3591801739347993,21.335397357200645,20.5,21.5
873.0,21.07234503351122,21.282503970283702,6.380502480468874,21.0,0,-0.28250397028370244,20.515741933772734,20.5,21.5
874.0,21.06940666500061,21.301253710665286,6.381764822153716,21.0,0,-0.3012537106652857,21.48875111448112,20.5,21.5
875.0,21.06646913663204,21.247960985645697,6.383026111564538,21.0,0,-0.24796098564569746,20.715033735449815,20.5,21.5
876.0,21.063532448027026,21.28856595396669,6.384286347740813,21.0,0,-0.28856595396668894,21.694615637176604,20.5,21.5
877.0,21.060596598806967,21.268849834475123,6.385545529722816,21.0,0,-0.2688498344751231,21.071688639559465,20.5,21.5
878.0,21.05766158859315,21.248463338171177,6.386803656551626,21.0,0,-0.24846333817117738,21.04459837513172,20.5,21.5
879.0,21.05472741700674,21.211886068506793,6.3880607272691226,21.0,0,-0.21188606850679292,20.84611337186295,20.5,21.5
880.0,21.051794083668796,21.238380047354134,6.3893167409179945,21.0,0,-0.2383800473541342,21.503319835827547,20.5,21.5
881.0,21.048861588200246,21.21613857339478,6.3905716965417305,21.0,0,-0.2161385733947796,20.993723833801234,20.5,21.5
882.0,21.045929930221913,21.21634002196192,6.391825593184628,21.0,0,-0.21634002196191915,21.218354507633315,20.5,21.5
883.0,21.042999109354504,21.241573971613324,6.393078429891791,21.0,0,-0.24157397161332383,21.49391346812737,20.5,21.5
884.0,21.04006912521861,21.16631078920691,6.394330205709129,21.0,1,-0.16631078920691067,20.41367896514278,20.5,21.5
885.0,21.05713997743471,21.228734533469304,6.39558091968336,21.0,0,-0.2287345334693036,21.852971976093233,20.5,21.5
886.0,21.05420766562316,21.18499787635788,6.3968305708620115,21.0,0,-0.18499787635787968,20.74763130524364,20.5,21.5
887.0,21.05127619020421,21.181990707863072,6.39807915829342,21.0,0,-0.18199070786307203,21.151919022914996,20.5,21.5
888.0,21.048345550797826,21.236037706689025,6.39932668102673,21.0,0,-0.23603770668902513,21.776507694948556,20.5,21.5
889.0,21.04541574702387,21.37176487602078,6.400573138111902,21.0,0,-0.3717648760207801,22.72903656933833,20.5,21.5
890.0,21.042486778502088,21.30508863218147,6.401818528599701,21.0,0,-0.3050886321814694,20.638326193788362,20.5,21.5
891.0,21.039558644852107,21.440425054977727,6.403062851541711,21.0,0,-0.44042505497772666,22.7937892829403,20.5,21.5
892.0,21.036631345693444,21.455374466973915,6.404306105990325,21.0,0,-0.4553744669739146,21.604868586935794,20.5,21.5
893.0,21.0337048806455,21.45088390721224,6.40554829099875,21.0,0,-0.4508839072122406,21.4059783095955,20.5,21.5
894.0,21.030779249327573,21.363113270050007,6.406789405621008,21.0,1,-0.3631132700500075,20.485406898427676,20.5,21.5
895.0,21.04785445135883,21.34362983695607,6.408029448911937,21.0,1,-0.34362983695606886,21.148795506016683,20.5,21.5
896.0,21.064926486358342,21.302413913776512,6.409268419927189,21.0,1,-0.30241391377651183,20.89025468198094,20.5,21.5
897.0,21.081995354745057,21.32996149505616,6.410506317723235,21.0,0,-0.32996149505616046,21.605437307852647,20.5,21.5
898.0,21.079061056937654,21.402972977966364,6.411743141357362,21.0,0,-0.402972977966364,22.1330878070684,20.5,21.5
899.0,21.07612759335454,21.4596948817696,6.412978889887674,21.0,0,-0.45969488176960027,22.026913919801963,20.5,21.5
900.0,21.073194963613844,21.588659486524676,-8.585786437626904,21.0,0,-0.5886594865246764,22.878305534075437,20.5,21.5
901.0,21.067263167333596,21.569330743877057,-8.584552842126632,21.0,0,-0.5693307438770567,21.37604331740086,20.5,21.5
902.0,21.061332804131705,21.552394844713213,-8.583320324550943,21.0,0,-0.5523948447132128,21.383035853074773,20.5,21.5
903.0,21.05540387350597,21.468464078138346,-8.582088885838452,21.0,0,-0.46846407813834645,20.629156412389683,20.5,21.5
904.0,21.0494763749541,21.50313339765738,-8.580858526926958,21.0,0,-0.5031333976573791,21.849826592847705,20.5,21.5
905.0,21.043550307973725,21.517892491773928,-8.57962924875343,21.0,0,-0.517892491773928,21.665483432939418,20.5,21.5
906.0,21.03762567206238,21.498650379235645,-8.578401052254016,21.0,0,-0.49865037923564515,21.306229253852816,20.5,21.5
907.0,21.031702466717515,21.421309685154622,-8.57717393836404,21.0,0,-0.42130968515462186,20.64790274434439,20.5,21.5
908.0,21.0257806914365,21.401652741139387,-8.575947908018007,21.0,0,-0.40165274113938665,21.205083300987035,20.5,21.5
909.0,21.01986034571661,21.36577555210097,-8.57472296214959,21.0,0,-0.36577555210097046,21.00700366171681,20.5,21.5
910.0,21.013941429055034,21.222780334470002,-8.573499101691636,21.0,1,-0.22278033447000212,19.79282815816032,20.5,21.5
911.0,21.028023940948884,21.183899082117815,-8.572276327576173,21.0,1,-0.18389908211781503,20.795086558595944,20.5,21.5
912.0,21.04210388089518,21.191934284735893,-8.571054640734394,21.0,1,-0.19193428473589336,21.272286310916677,20.5,21.5
913.0,21.056181249190853,21.238252216681463,-8.569834042096666,21.0,0,-0.23825221668146312,21.70143153613716,20.5,21.5
914.0,21.050256046132596,21.216552716345454,-8.568614532592528,21.0,0,-0.21655271634545414,20.999557712985364,20.5,21.5
915.0,21.04433227201685,21.289595795063974,-8.567396113150693,21.0,0,-0.28959579506397404,22.020026582249173,20.5,21.5
916.0,21.038409926339817,21.279156416544758,-8.566178784699034,21.0,0,-0.2791564165447582,21.1747626313526,20.5,21.5
917.0,21.032489008597608,21.322489838361086,-8.564962548164605,21.0,0,-0.32248983836108636,21.755824056524368,20.5,21.5
918.0,21.026569518286255,21.305346052787986,-8.563747404473622,21.0,0,-0.30534605278798566,21.13390819705698,20.5,21.5
919.0,21.020651454901703,21.327931196409782,-8.56253335455147,21.0,0,-0.3279311964097822,21.553782632627748,20.5,21.5
920.0,21.01473481793981,21.21233029941007,-8.561320399322698,21.0,1,-0.21233029941006976,20.056321329412945,20.5,21.5
921.0,21.02881960689636,21.27575929008693,-8.560108539711027,21.0,0,-0.27575929008693123,21.910049196855546,20.5,21.5
922.0,21.022901821267038,21.248713671131178,-8.55889777663934,21.0,0,-0.2487136711311777,20.978257481573642,20.5,21.5
923.0,21.016985461347456,21.24268376320537,-8.557688111029684,21.0,0,-0.24268376320537044,21.182384683947298,20.5,21.5
924.0,21.01107052663298,21.27811228946109,-8.556479543803276,21.0,0,-0.2781122894610917,21.632397552018304,20.5,21.5
925.0,21.005157016618895,21.31052862007515,-8.555272075880488,21.0,0,-0.31052862007515003,21.634691926215734,20.5,21.5
926.0,20.999244930800394,21.32846771397486,-8.554065708180865,21.0,0,-0.3284677139748595,21.507858652971954,20.5,21.5
927.0,20.993334268672598,21.355616098796254,-8.552860441623102,21.0,0,-0.3556160987962542,21.6270999470102,20.5,21.5
928.0,20.987425029730538,21.361568693949202,-8.551656277125065,21.0,0,-0.3615686939492022,21.421094645478682,20.5,21.5
929.0,20.981517213469168,21.257330248662743,-8.550453215603778,21.0,1,-0.25733024866274334,20.214945795798155,20.5,21.5
930.0,20.995610819383355,21.25619793463838,-8.549251257975424,21.0,1,-0.25619793463837937,21.24487479439474,20.5,21.5
931.0,21.009701846967882,21.272555147068456,-8.548050405155347,21.0,1,-0.27255514706845574,21.43612727136922,20.5,21.5
932.0,21.023790296517458,21.316404877873914,-8.546850658058048,21.0,0,-0.31640487787391436,21.7549021859285,20.5,21.5
933.0,21.01787616832654,21.34450780789624,-8.545652017597186,21.0,0,-0.3445078078962389,21.625537108119484,20.5,21.5
934.0,21.011963462689355,21.3913878833304,-8.544454484685579,21.0,0,-0.391387883330399,21.860188637672,20.5,21.5
935.0,21.00605217909988,21.393714880237802,-8.5432580602352,21.0,0,-0.3937148802378019,21.41698484931183,20.5,21.5
936.0,21.00014231705201,21.40890441641431,-8.542062745157176,21.0,0,-0.40890441641430897,21.56079977817938,20.5,21.5
937.0,20.99423387603957,21.33141801491885,-8.540868540361796,21.0,0,-0.3314180149188495,20.556553999964255,20.5,21.5
938.0,20.988326855556288,21.243650335668413,-8.539675446758496,21.0,1,-0.24365033566841277,20.365973543164046,20.5,21.5
939.0,21.002421255095825,21.24069311818503,-8.538483465255869,21.0,1,-0.24069311818502825,21.211120943351183,20.5,21.5
940.0,21.016513074151757,21.291226123096415,-8.53729259676166,21.0,0,-0.2912261230964148,21.79655617221028,20.5,21.5
941.0,21.010602313017575,21.16590671004978,-8.536102842182768,21.0,1,-0.16590671004977864,19.912712579583417,20.5,21.5
942.0,21.024692971986536,21.1332632346751,-8.534914202425242,21.0,1,-0.13326323467509837,20.806828480928296,20.5,21.5
943.0,21.038781050551652,21.155518909131125,-8.533726678394284,21.0,1,-0.15551890913112487,21.37807565369139,20.5,21.5
944.0,21.052866549005863,21.11722794063882,-8.532540270994247,21.0,1,-0.11722794063881992,20.73431825571577,20.5,21.5
945.0,21.066949467641862,21.118780721172435,-8.53135498112863,21.0,1,-0.11878072117243477,21.134308526508583,20.5,21.5
946.0,21.08102980675211,21.17606451916166,-8.530170809700081,21.0,0,-0.17606451916165966,21.74890249905391,20.5,21.5
947.0,21.07510756662882,21.266378696853213,-8.528987757610398,21.0,0,-0.2663786968532129,22.169520473768745,20.5,21.5
948.0,21.069186747563972,21.29470161641006,-8.527805825760531,21.0,0,-0.2947016164100589,21.57793081197852,20.5,21.5
949.0,21.06326734904931,21.33563655022602,-8.52662501505057,21.0,0,-0.33563655022602035,21.744985888385635,20.5,21.5
950.0,21.05734937057649,21.334309345291736,-8.525445326379753,21.0,0,-0.33430934529173584,21.32103729594889,20.5,21.5
951.0,21.0514328116371,21.367725617851924,-8.524266760646462,21.0,0,-0.36772561785192437,21.70188834345381,20.5,21.5
952.0,21.045517671722642,21.354982289960823,-8.523089318748234,21.0,0,-0.35498228996082304,21.22754901104981,20.5,21.5
953.0,21.039603950324548,21.39124205015644,-8.521913001581733,21.0,0,-0.3912420501564391,21.7538396521126,20.5,21.5
954.0,21.033691646934166,21.38162373124684,-8.520737810042782,21.0,0,-0.38162373124684024,21.28544054215085,20.5,21.5
955.0,21.02778076104277,21.4270087333032,-8.519563745026336,21.0,0,-0.4270087333032002,21.8808587538668,20.5,21.5
956.0,21.021871292141554,21.36693828141305,-8.5183908074265,21.0,0,-0.36693828141304863,20.766233762511533,20.5,21.5
957.0,21.01596323972164,21.424600726476786,-8.517218998136515,21.0,0,-0.42460072647678615,22.00122517711416,20.5,21.5
958.0,21.010056603274066,21.41084750032137,-8.516048318048767,21.0,0,-0.4108475003213705,21.273315238767214,20.5,21.5
959.0,21.004151382289802,21.440607931069355,-8.514878768054778,21.0,0,-0.4406079310693549,21.7382122385492,20.5,21.5
960.0,20.998247576259732,21.366778826624074,-8.513710349045212,21.0,0,-0.36677882662407413,20.628487782171266,20.5,21.5
961.0,20.992345184674672,21.33644622224297,-8.51254306190987,21.0,0,-0.3364462222429694,21.033120178431922,20.5,21.5
962.0,20.986444207025354,21.253758618439115,-8.511376907537691,21.0,1,-0.2537586184391145,20.426882580400566,20.5,21.5
963.0,21.000544642802442,21.2117325543895,-8.510211886816755,21.0,1,-0.21173255438949923,20.791471913893346,20.5,21.5
964.0,21.014642491496517,21.193432496595637,-8.509048000634277,21.0,1,-0.1934324965956371,21.010431918657016,20.5,21.5
965.0,21.02873775339809,21.258255935689625,-8.507885249876601,21.0,0,-0.25825593568962546,21.90649032662951,20.5,21.5
966.0,21.022830428797434,21.354681705242243,-8.506723635429218,21.0,0,-0.35468170524224263,22.318939400768414,20.5,21.5
967.0,21.016924517984588,21.39275870542196,-8.505563158176745,21.0,0,-0.39275870542196145,21.77352870721915,20.5,21.5
968.0,21.011020020449354,21.4023824077082,-8.504403819002937,21.0,0,-0.402382407708199,21.498619430570574,20.5,21.5
969.0,21.005116935681464,21.316628587800942,-8.503245618790679,21.0,1,-0.31662858780094183,20.45909038872837,20.5,21.5
970.0,21.01921526317057,21.239345017890763,-8.502088558421995,21.0,1,-0.2393450178907628,20.466509318788972,20.5,21.5
971.0,21.03331100240625,21.291790794612,-8.500932638778036,21.0,0,-0.29179079461200175,21.81624856182439,20.5,21.5
972.0,21.027404153678013,21.260500658741044,-8.49977786073908,21.0,0,-0.26050065874104433,20.94759930003147,20.5,21.5
973.0,21.02149871727513,21.32969834561714,-8.498624225184546,21.0,0,-0.32969834561713895,22.021675214378085,20.5,21.5
974.0,21.015594692686637,21.466781030106866,-8.497471732992977,21.0,0,-0.46678103010686556,22.83760787500413,20.5,21.5
975.0,21.0096920794015,21.523594680463944,-8.496320385042045,21.0,0,-0.523594680463944,22.091731184034728,20.5,21.5
976.0,21.00379087690861,21.42816193565453,-8.49517018220855,21.0,1,-0.4281619356545292,20.47383448756038,20.5,21.5
977.0,21.017891084696785,21.423312556242553,-8.494021125368425,21.0,1,-0.4233125562425535,21.374818762122796,20.5,21.5
978.0,21.031988702254772,21.39211704561143,-8.492873215396724,21.0,1,-0.39211704561142824,21.080161939300176,20.5,21.5
979.0,21.046083729871242,21.3208540878018,-8.491726453167631,21.0,1,-0.32085408780179847,20.6082245097055,20.5,21.5
980.0,21.060176167834634,21.29763606224969,-8.490580839554456,21.0,1,-0.2976360622496905,21.06545580672861,20.5,21.5
981.0,21.074266016433157,21.369575682416098,-8.489436375429634,21.0,0,-0.36957568241609806,22.088971884080173,20.5,21.5
982.0,21.068353275954784,21.44796671657453,-8.48829306166472,21.0,0,-0.44796671657453047,22.231877058158855,20.5,21.5
983.0,21.06244194668726,21.30842429997425,-8.487150899130404,21.0,1,-0.3084242999742486,19.91300013397143,20.5,21.5
984.0,21.0765320281181,21.347935400624767,-8.486009888696486,21.0,0,-0.3479354006247668,21.74304640712995,20.5,21.5
985.0,21.070619519734734,21.32461863486192,-8.484870031231901,21.0,0,-0.32461863486192044,21.091450977233457,20.5,21.5
986.0,21.06470842182454,21.231376297927852,-8.483731327604696,21.0,1,-0.2313762979278522,20.29895292858717,20.5,21.5
987.0,21.078798733874656,21.21599159381021,-8.482593778682045,21.0,1,-0.21599159381020883,21.062144552633775,20.5,21.5
988.0,21.092886455372145,21.30666789469417,-8.481457385330238,21.0,0,-0.30666789469416855,22.213430903533766,20.5,21.5
989.0,21.086971586604005,21.36219586807424,-8.480322148414693,21.0,0,-0.36219586807424164,21.917475601874973,20.5,21.5
990.0,21.081058127857002,21.380489697765515,-8.479188068799939,21.0,0,-0.38048969776551544,21.563427994678253,20.5,21.5
991.0,21.07514607861767,21.427082615247144,-8.478055147349625,21.0,0,-0.4270826152471443,21.893011790063433,20.5,21.5
992.0,21.069235438372477,21.396390060909617,-8.476923384926526,21.0,0,-0.39639006090961715,21.089464517534346,20.5,21.5
993.0,21.06332620660782,21.387160292370158,-8.475792782392524,21.0,0,-0.38716029237015803,21.294862606975567,20.5,21.5
994.0,21.05741838281002,21.319038510080954,-8.474663340608624,21.0,0,-0.3190385100809543,20.637820687188917,20.5,21.5
995.0,21.051511966465338,21.305089398259376,-8.473535060434942,21.0,0,-0.3050893982593763,21.165598280043596,20.5,21.5
996.0,21.045606957059956,21.314108439401032,-8.472407942730715,21.0,0,-0.31410843940103206,21.40429885081759,20.5,21.5
997.0,21.039703354079997,21.31755574175519,-8.471281988354292,21.0,0,-0.3175557417551893,21.35202876529676,20.5,21.5
998.0,21.03380115701151,21.298143473849702,-8.470157198163136,21.0,0,-0.2981434738497022,21.10402079479483,20.5,21.5
999.0,21.027900365340475,21.28489980214909,-8.469033573013824,21.0,0,-0.2848998021490914,21.152463085142983,20.5,21.5
1000.0,21.022000978552803,21.38478881504305,-8.467911113762044,21.0,0,-0.3847888150430485,22.38367894398262,20.5,21.5
1001.0,21.01610299613434,21.3757637480928,-8.466789821262598,21.0,0,-0.3757637480928011,21.285513078590327,20.5,21.5
1002.0,21.01020641757086,21.383552645416533,-8.465669696369401,21.0,0,-0.38355264541653256,21.461441618653847,20.5,21.5
1003.0,21.00431124234807,21.403226931565026,-8.464550739935476,21.0,0,-0.4032269315650261,21.59996979304996,20.5,21.5
1004.0,20.99841746995161,21.480701693152163,-8.463432952812953,21.0,0,-0.48070169315216305,22.255449309023533,20.5,21.5
1005.0,20.99252509986706,21.45730264701273,-8.462316335853082,21.0,0,-0.4573026470127317,21.22331218561842,20.5,21.5
1006.0,20.986634131579915,21.396189545506243,-8.461200889906209,21.0,0,-0.3961895455062425,20.78505853044135,20.5,21.5
1007.0,20.98074456457562,21.32374716433672,-8.460086615821801,21.0,0,-0.32374716433671935,20.599323352641488,20.5,21.5
1008.0,20.97485639833954,21.334183463770195,-8.458973514448422,21.0,0,-0.33418346377019503,21.438546458104952,20.5,21.5
1009.0,20.968969632356984,21.2182018320135,-8.457861586633747,21.0,1,-0.21820183201349863,20.058385514446535,20.5,21.5
1010.0,20.983084266113185,21.17922041279858,-8.456750833224561,21.0,1,-0.17922041279857837,20.789406220649376,20.5,21.5
1011.0,20.997196299093318,21.187067414582494,-8.455641255066746,21.0,1,-0.18706741458249354,21.265537432421645,20.5,21.5
1012.0,21.011305731582485,21.173329415146448,-8.454532853005297,21.0,1,-0.17332941514644773,21.03594942078599,20.5,21.5
1013.0,21.02541256386557,21.238192568018412,-8.453425627884311,21.0,0,-0.2381925680184125,21.88682409673806,20.5,21.5
1014.0,21.01951679622722,21.346617104211315,-8.452319580546988,21.0,0,-0.3466171042113153,22.430862466140344,20.5,21.5
1015.0,21.013622428951862,21.30521216889207,-8.451214711835629,21.0,0,-0.30521216889206926,20.89116281569961,20.5,21.5
1016.0,21.007729461523706,21.342157397299466,-8.45011102259164,21.0,0,-0.3421573972994665,21.71160968137344,20.5,21.5
1017.0,21.00183789342688,21.379322378183517,-8.449008513655532,21.0,0,-0.37932237818351666,21.75097218702402,20.5,21.5
1018.0,20.995947724145463,21.34390471111526,-8.447907185866908,21.0,0,-0.3439047111152611,20.989728040432706,20.5,21.5
1019.0,20.99005895316346,21.25012639596025,-8.446807040064481,21.0,1,-0.2501263959602511,20.31234324441015,20.5,21.5
1020.0,21.00417157996481,21.275333301653543,-8.445708077086058,21.0,0,-0.27533330165354286,21.52740235858646,20.5,21.5
1021.0,20.9982816040334,21.300234728588585,-8.444610297768548,21.0,0,-0.3002347285885847,21.549248997939003,20.5,21.5
1022.0,20.99239302565304,21.332203619283764,-8.443513702947957,21.0,0,-0.33220361928376363,21.651892526235553,20.5,21.5
1023.0,20.98650584430732,21.33940552229667,-8.442418293459392,21.0,0,-0.3394055222966692,21.411424552425725,20.5,21.5
1024.0,20.980620059479765,21.361963429130792,-8.441324070137052,21.0,0,-0.3619634291307925,21.587542497472025,20.5,21.5
1025.0,20.974735670653843,21.380233870983332,-8.440231033814236,21.0,0,-0.38023387098333217,21.56293828950873,20.5,21.5
1026.0,20.96885267731295,21.301494162062497,-8.439139185323342,21.0,0,-0.3014941620624967,20.514097072854142,20.5,21.5
1027.0,20.96297107894042,21.25407841137624,-8.438048525495855,21.0,0,-0.2540784113762413,20.779920904513688,20.5,21.5
1028.0,20.95709087501953,21.211761480077243,-8.436959055162362,21.0,0,-0.21176148007724294,20.78859216708726,20.5,21.5
1029.0,20.951212065033495,21.229562286734797,-8.435870775152544,21.0,0,-0.22956228673479728,21.40757035331034,20.5,21.5
1030.0,20.945334648465458,21.148668614632633,-8.434783686295173,21.0,1,-0.14866861463263348,20.339731893610995,20.5,21.5
1031.0,20.959458624798508,21.202937448122956,-8.433697789418112,21.0,0,-0.202937448122956,21.74562578302618,20.5,21.5
1032.0,20.953579993515664,21.266028908398376,-8.43261308534832,21.0,0,-0.26602890839837556,21.89694351115257,20.5,21.5
1033.0,20.94770275489989,21.25345183629701,-8.431529574911849,21.0,0,-0.2534518362970104,21.12768111528336,20.5,21.5
1034.0,20.941826908433928,21.222749399653956,-8.430447258933835,21.0,0,-0.22274939965395646,20.915725033223417,20.5,21.5
1035.0,20.935952453600454,21.365279203280558,-8.42936613823851,21.0,0,-0.36527920328055785,22.79057723954657,20.5,21.5
1036.0,20.930079389882085,21.292484982155486,-8.428286213649196,21.0,0,-0.2924849821554858,20.564542770904765,20.5,21.5
1037.0,20.92420771676138,21.290933217476695,-8.427207485988301,21.0,0,-0.2909332174766952,21.27541557068879,20.5,21.5
1038.0,20.91833743372083,21.284886788055665,-8.426129956077325,21.0,0,-0.28488678805566536,21.224422493845367,20.5,21.5
1039.0,20.91246854024287,21.34143820428795,-8.425053624736853,21.0,0,-0.34143820428795024,21.9069523666108,20.5,21.5
1040.0,20.906601035809874,21.206946138088473,-8.423978492786556,21.0,1,-0.2069461380884725,19.862025476093695,20.5,21.5
1041.0,20.920734919904156,21.29452814569077,-8.422904561045197,21.0,0,-0.29452814569076935,22.170348221713738,20.5,21.5
1042.0,20.914866192007967,21.205675506009086,-8.421831830330618,21.0,1,-0.20567550600908646,20.317149109192258,20.5,21.5
1043.0,20.9289988524035,21.203257870808503,-8.420760301459755,21.0,1,-0.20325787080850333,21.179081518802672,20.5,21.5
1044.0,20.943128900572727,21.202960022878198,-8.41968997524862,21.0,1,-0.20296002287819803,21.199981543575145,20.5,21.5
1045.0,20.957256336797563,21.200322190355273,-8.418620852512314,21.0,1,-0.20032219035527277,21.17394386512602,20.5,21.5
1046.0,20.9713811613597,21.19445296517363,-8.41755293406502,21.0,1,-0.19445296517363175,21.13576071335722,20.5,21.5
1047.0,20.985503374540617,21.222093772164797,-8.416486220720007,21.0,1,-0.2220937721647971,21.49850184207645,20.5,21.5
1048.0,20.999622976621566,21.19456175578489,-8.415420713289619,21.0,1,-0.1945617557848891,20.91924159198581,20.5,21.5
1049.0,21.013739967883584,21.164567756837204,-8.41435641258529,21.0,1,-0.16456775683720437,20.864627767360357,20.5,21.5
1050.0,21.02785434860749,21.249630892111824,-8.41329331941753,21.0,0,-0.2496308921118242,22.100262244858023,20.5,21.5
1051.0,21.021966119073888,21.26907424418068,-8.412231434595931,21.0,0,-0.26907424418067905,21.463507764869227,20.5,21.5
1052.0,21.016079279563154,21.306356329097223,-8.411170758929163,21.0,0,-0.3063563290972233,21.679177178262666,20.5,21.5
1053.0,21.010193829555455,21.35512019633608,-8.410111293224979,21.0,0,-0.35512019633608105,21.84275886872466,20.5,21.5
1054.0,21.0043097685309,21.346638899766567,-8.409053038290208,21.0,0,-0.3466388997665675,21.26182593407143,20.5,21.5
1055.0,20.998427095969536,21.349663096478558,-8.407995994930756,21.0,0,-0.3496630964785581,21.379905063598464,20.5,21.5
1056.0,20.992545811351356,21.38475423775308,-8.406940163951607,21.0,0,-0.3847542377530786,21.735665650498284,20.5,21.5
1057.0,20.986665914156294,21.343463575817076,-8.405885546156824,21.0,0,-0.34346357581707565,20.930556956457046,20.5,21.5
1058.0,20.98078740386423,21.387687800665255,-8.404832142349543,21.0,0,-0.38768780066525466,21.829930049147045,20.5,21.5
1059.0,20.974910279954987,21.36599863001967,-8.403779953331977,21.0,0,-0.36599863001967137,21.14910692356384,20.5,21.5
1060.0,20.96903454190833,21.319827251212807,-8.402728979905415,21.0,0,-0.3198272512128071,20.858113463144164,20.5,21.5
1061.0,20.963160189203965,21.231307206611312,-8.401679222870216,21.0,1,-0.2313072066113122,20.346106760596363,20.5,21.5
1062.0,20.97728722132155,21.300028486707888,-8.400630683025819,21.0,0,-0.3000284867078875,21.98724128767364,20.5,21.5
1063.0,20.97141163774068,21.2562201474261,-8.39958336117073,21.0,0,-0.2562201474260988,20.81813675460821,20.5,21.5
1064.0,20.9655374387409,21.286526446551342,-8.398537258102532,21.0,0,-0.28652644655134196,21.589589437803774,20.5,21.5
1065.0,20.95966462380153,21.258087915218688,-8.39749237461788,21.0,0,-0.2580879152186881,20.97370260189215,20.5,21.5
1066.0,20.953793192401847,21.249990870024437,-8.396448711512491,21.0,0,-0.24999087002443687,21.169020418081924,20.5,21.5
1067.0,20.947923144021065,21.175361151228742,-8.395406269581168,21.0,1,-0.17536115122874207,20.429063963271794,20.5,21.5
1068.0,20.962054478138345,21.263878943160684,-8.394365049617772,21.0,0,-0.26387894316068383,22.1490568624801,20.5,21.5
1069.0,20.956183194232793,21.180579592626113,-8.393325052415236,21.0,1,-0.18057959262611334,20.34758608728041,20.5,21.5
1070.0,20.970313292583462,21.22159072319738,-8.392286278765566,21.0,0,-0.22159072319738016,21.63170202891005,20.5,21.5
1071.0,20.964440772669192,21.316667618145125,-8.391248729459832,21.0,0,-0.3166676181451251,22.267436567622575,20.5,21.5
1072.0,20.958569634768768,21.27843280754882,-8.390212405288171,21.0,0,-0.27843280754882116,20.89608470158578,20.5,21.5
1073.0,20.952699878360757,21.270344569954773,-8.389177307039795,21.0,0,-0.27034456995477285,21.18946219401429,20.5,21.5
1074.0,20.946831502923676,21.357919582772162,-8.388143435502968,21.0,0,-0.35791958277216196,22.233669710946053,20.5,21.5
1075.0,20.94096450793599,21.43429023211105,-8.387110791465034,21.0,0,-0.43429023211104933,22.197996725499923,20.5,21.5
1076.0,20.935098892876113,21.315709170150637,-8.386079375712395,21.0,1,-0.3157091701506367,20.12989855054651,20.5,21.5
1077.0,20.949234657222394,21.371120302689707,-8.385049189030521,21.0,0,-0.3711203026897074,21.925231628080414,20.5,21.5
1078.0,20.943367800453142,21.359578974331292,-8.38402023220394,21.0,0,-0.35957897433129205,21.24416569074714,20.5,21.5
1079.0,20.937502322846612,21.312923642137708,-8.382992506016247,21.0,0,-0.31292364213770796,20.846370320201867,20.5,21.5
1080.0,20.93163822388084,21.248200823023275,-8.381966011250105,21.0,0,-0.24820082302327506,20.600972631878946,20.5,21.5
1081.0,20.92577550303381,21.30378841447926,-8.38094074868723,21.0,0,-0.30378841447926064,21.859664329039116,20.5,21.5
1082.0,20.919914159783467,21.32928753890336,-8.379916719108408,21.0,0,-0.32928753890335827,21.584278783144335,20.5,21.5
1083.0,20.91405419360769,21.27047060426357,-8.378893923293479,21.0,0,-0.2704706042635685,20.68230125786567,20.5,21.5
1084.0,20.90819560398431,21.320782826980178,-8.377872362021346,21.0,0,-0.320782826980178,21.823905054146273,20.5,21.5
1085.0,20.902338390391108,21.317380730189996,-8.376852036069975,21.0,0,-0.3173807301899956,21.28335976228817,20.5,21.5
1086.0,20.896482552305816,21.29666751687069,-8.375832946216388,21.0,0,-0.2966675168706914,21.08953538367765,20.5,21.5
1087.0,20.89062808920611,21.14488462431097,-8.374815093236665,21.0,1,-0.1448846243109685,19.62705569871374,20.5,21.5
1088.0,20.90477500056962,21.013458428654758,-8.373798477905945,21.0,1,-0.013458428654757881,19.699196472092652,20.5,21.5
1089.0,20.918919285873926,21.011917457571748,-8.372783100998426,21.0,1,-0.011917457571748002,20.99650774674165,20.5,21.5
1090.0,20.93306094539655,20.985387774685986,-8.371768963287362,21.0,1,0.014612225314014182,20.720090945828364,20.5,21.5
1091.0,20.947199979414815,21.050983758480204,-8.370756065545063,21.0,0,-0.050983758480203534,21.70694359642238,20.5,21.5
1092.0,20.941336388205823,21.182973932818452,-8.369744408542893,21.0,0,-0.1829739328184523,22.50287567620094,20.5,21.5
1093.0,20.935474172046472,21.315665243785276,-8.368733993051272,21.0,0,-0.3156652437852756,22.64257835345351,20.5,21.5
1094.0,20.929613330413453,21.279113161581353,-8.36772481983968,21.0,0,-0.27911316158135335,20.91359233954213,20.5,21.5
1095.0,20.923753862783403,21.250142458074723,-8.366716889676642,21.0,0,-0.25014245807472335,20.960435423008423,20.5,21.5
1096.0,20.91789576863291,21.170907844520038,-8.365710203329744,21.0,1,-0.1709078445200376,20.37856170897318,20.5,21.5
1097.0,20.93203904743852,21.096599277414565,-8.364704761565617,21.0,1,-0.09659927741456542,20.353513606359844,20.5,21.5
1098.0,20.94617969867672,21.057361233698874,-8.363700565149953,21.0,1,-0.057361233698873804,20.664980796541958,20.5,21.5
1099.0,20.960317722623955,21.070423953135652,-8.36269761484749,21.0,1,-0.07042395313565208,21.201051147503435,20.5,21.5
1100.0,20.97445311955646,21.1826960576896,-8.361695911422016,21.0,0,-0.18269605768960062,22.305417103229086,20.5,21.5
1101.0,20.968585889750265,21.18802182817009,-8.360695455636375,21.0,0,-0.18802182817008983,21.241279532974982,20.5,21.5
1102.0,20.962720033481187,21.3043071880249,-8.359696248252456,21.0,0,-0.3043071880249002,22.467160786573004,20.5,21.5
1103.0,20.95685555022484,21.388892762185115,-8.3586982900312,21.0,0,-0.38889276218511526,22.234748503787266,20.5,21.5
1104.0,20.95099243945679,21.370613363771877,-8.357701581732591,21.0,0,-0.37061336377187715,21.187819379639496,20.5,21.5
1105.0,20.945130700652552,21.31899135560085,-8.356706124115673,21.0,0,-0.31899135560085057,20.802771273890585,20.5,21.5
1106.0,20.9392703332876,21.346396824183362,-8.355711917938525,21.0,0,-0.34639682418336193,21.620451510008476,20.5,21.5
1107.0,20.933411336837352,21.31053021128303,-8.35471896395828,21.0,0,-0.31053021128303016,20.951864082279712,20.5,21.5
1108.0,20.927553710777193,21.250224732133713,-8.353727262931116,21.0,0,-0.250224732133713,20.64716994064054,20.5,21.5
1109.0,20.92169745458245,21.36592925102285,-8.352736815612257,21.0,0,-0.36592925102284823,22.5229744399142,20.5,21.5
1110.0,20.91584256772841,21.26233995866004,-8.351747622755969,21.0,1,-0.26233995866003923,20.22644703503195,20.5,21.5
1111.0,20.929989049690313,21.269518195401453,-8.350759685115568,21.0,1,-0.26951819540145294,21.34130056281559,20.5,21.5
1112.0,20.94413289994335,21.218626733436984,-8.34977300344341,21.0,1,-0.21862673343698447,20.7097121137923,20.5,21.5
1113.0,20.958274118762674,21.26501577436546,-8.348787578490896,21.0,0,-0.26501577436545887,21.728906183650203,20.5,21.5
1114.0,20.952412706423225,21.24312312303517,-8.347803411008472,21.0,0,-0.24312312303516848,21.024196609732265,20.5,21.5
1115.0,20.94655266319974,21.357380992814317,-8.346820501745622,21.0,0,-0.357380992814317,22.499959690605802,20.5,21.5
1116.0,20.94069398856675,21.283589890112687,-8.345838851450877,21.0,0,-0.28358989011268676,20.545678863096384,20.5,21.5
1117.0,20.934836681998746,21.349916767402064,-8.344858460871801,21.0,0,-0.349916767402064,22.013185540295837,20.5,21.5
1118.0,20.92898074297017,21.328941273063798,-8.343879330755012,21.0,0,-0.3289412730637977,21.119186329681135,20.5,21.5
1119.0,20.923126170955427,21.293849944870523,-8.342901461846154,21.0,0,-0.29384994487052296,20.942936662937775,20.5,21.5
1120.0,20.917272965428868,21.317624800333245,-8.341924854889918,21.0,0,-0.31762480033324536,21.55537335496047,20.5,21.5
1121.0,20.911421125864806,21.34597690626709,-8.340949510630033,21.0,0,-0.3459769062670901,21.629497965605538,20.5,21.5
1122.0,20.905570651737506,21.279073043716373,-8.339975429809265,21.0,0,-0.2790730437163731,20.610034418209203,20.5,21.5
1123.0,20.899721542521196,21.21216918116566,-8.339002613169422,21.0,0,-0.21216918116565964,20.543130555658525,20.5,21.5
1124.0,20.89387379769006,21.191434694973196,-8.338031061451343,21.0,0,-0.19143469497319643,20.984089833048564,20.5,21.5
1125.0,20.88802741671823,21.117245463031022,-8.33706077539491,21.0,1,-0.11724546303102201,20.375353143609278,20.5,21.5
1126.0,20.90218239907981,21.182082259067002,-8.336091755739034,21.0,0,-0.18208225906700193,21.8304502194268,20.5,21.5
1127.0,20.896334744248847,21.23842755174885,-8.33512400322167,21.0,0,-0.238427551748849,21.80188047856732,20.5,21.5
1128.0,20.89048845249935,21.30031882837724,-8.3341575185798,21.0,0,-0.30031882837723956,21.919231594661145,20.5,21.5
1129.0,20.884643523305137,21.230141885201377,-8.333192302549447,21.0,0,-0.2301418852013768,20.52837245344275,20.5,21.5
1130.0,20.878799956139964,21.292651262025707,-8.332228355865663,21.0,0,-0.2926512620257071,21.91774503026901,20.5,21.5
1131.0,20.872957750477564,21.19971153813456,-8.331265679262536,21.0,1,-0.19971153813456155,20.270314299223106,20.5,21.5
1132.0,20.887116905791615,21.131467838971698,-8.330304273473187,21.0,1,-0.13146783897169811,20.449030847343064,20.5,21.5
1133.0,20.90127342155576,21.154973386115607,-8.329344139229766,21.0,1,-0.15497338611560707,21.390028857554697,20.5,21.5
1134.0,20.915427298043603,21.23121271731539,-8.32838527726346,21.0,0,-0.2312127173153904,21.993606029313224,20.5,21.5
1135.0,20.909578535528542,21.17666599747664,-8.327427688304482,21.0,0,-0.1766659974766398,20.631198799089134,20.5,21.5
1136.0,20.903731134283774,21.226525224937497,-8.326471373082077,21.0,0,-0.22652522493749672,21.725117499546066,20.5,21.5
1137.0,20.8978850937823,21.290368042334403,-8.325516332324522,21.0,0,-0.2903680423344035,21.92879621630347,20.5,21.5
1138.0,20.892040413497078,21.219357906773173,-8.324562566759123,21.0,0,-0.21935790677317257,20.509256551160863,20.5,21.5
1139.0,20.88619709290103,21.140733454362334,-8.323610077112212,21.0,1,-0.14073345436233353,20.354488930253943,20.5,21.5
1140.0,20.900355131467027,21.163689735378192,-8.322658864109151,21.0,1,-0.16368973537819187,21.393252545536775,20.5,21.5
1141.0,20.91451052866791,21.160551784419035,-8.321708928474333,21.0,1,-0.1605517844190345,21.12917227482746,20.5,21.5
1142.0,20.928663284776484,21.161644817275068,-8.320760270931174,21.0,1,-0.16164481727506796,21.172575145835403,20.5,21.5
1143.0,20.942813400065344,21.160232222308572,-8.319812892202116,21.0,1,-0.16023222230857215,21.146106272643614,20.5,21.5
1144.0,20.95696087480689,21.21143630345009,-8.318866793008631,21.0,0,-0.211436303450089,21.723477114865258,20.5,21.5
1145.0,20.951105709273325,21.176267825332893,-8.317921974071215,21.0,0,-0.17626782533289287,20.82458304416093,20.5,21.5
1146.0,20.945251903736654,21.191504001976945,-8.316978436109387,21.0,0,-0.19150400197694495,21.343865768417466,20.5,21.5
1147.0,20.939399457668685,21.234476185567477,-8.316036179841694,21.0,0,-0.23447618556747685,21.664198021472796,20.5,21.5
1148.0,20.933548370541182,21.287157710119867,-8.315095205985704,21.0,0,-0.28715771011986746,21.813972955643774,20.5,21.5
1149.0,20.927698641825877,21.217185052136802,-8.314155515258012,21.0,0,-0.21718505213680217,20.51745847230615,20.5,21.5
1150.0,20.92185027099446,21.222590846467632,-8.313217108374229,21.0,0,-0.22259084646763228,21.276648789775933,20.5,21.5
1151.0,20.91600325751859,21.20161521993588,-8.312279986048996,21.0,0,-0.20161521993588138,20.991858954618372,20.5,21.5
1152.0,20.910157600869876,21.1390073917588,-8.31134414899597,21.0,0,-0.13900739175879906,20.512929109987976,20.5,21.5
1153.0,20.904313300519902,21.15580303247956,-8.310409597927833,21.0,0,-0.15580303247956095,21.32375943968718,20.5,21.5
1154.0,20.898470355940212,21.241425202644738,-8.309476333556287,21.0,0,-0.24142520264473788,22.097646904296507,20.5,21.5
1155.0,20.892628766602314,21.24353315651633,-8.308544356592053,21.0,0,-0.24353315651633167,21.26461269523227,20.5,21.5
1156.0,20.886788531977675,21.242932047717094,-8.30761366774487,21.0,0,-0.24293204771709398,21.236920959724717,20.5,21.5
1157.0,20.88094965153773,21.273856165771452,-8.306684267723503,21.0,0,-0.273856165771452,21.583097346315032,20.5,21.5
1158.0,20.875112124753876,21.174226236818566,-8.305756157235725,21.0,1,-0.17422623681856564,20.177926947289702,20.5,21.5
1159.0,20.889275951097478,21.091721095242356,-8.304829336988336,21.0,1,-0.09172109524235594,20.26666967948026,20.5,21.5
1160.0,20.903437130039862,21.12620606438187,-8.30390380768715,21.0,1,-0.12620606438186854,21.471055755776995,20.5,21.5
1161.0,20.917595661852317,21.203528339520865,-8.302979570036992,21.0,0,-0.20352833952086513,21.97675109091083,20.5,21.5
1162.0,20.911751546805938,21.204266829737062,-8.302056624741716,21.0,0,-0.20426682973706178,21.21165173189903,20.5,21.5
1163.0,20.90590878517163,21.286953437628846,-8.301134972504183,21.0,0,-0.2869534376288456,22.113819516546684,20.5,21.5
1164.0,20.900067376420093,21.369135729866453,-8.300214614026272,21.0,0,-0.3691357298664535,22.190958652242532,20.5,21.5
1165.0,20.894227320022004,21.309310608159027,-8.299295550008875,21.0,0,-0.3093106081590271,20.711059391084763,20.5,21.5
1166.0,20.888388615447997,21.13820034384864,-8.298377781151897,21.0,1,-0.13820034384864144,19.427097700744785,20.5,21.5
1167.0,20.90255126216868,21.119071955314602,-8.297461308154263,21.0,1,-0.11907195531460246,20.927788069974213,20.5,21.5
1168.0,20.916711259654615,21.10875976600845,-8.296546131713905,21.0,1,-0.1087597660084505,21.00563787294693,20.5,21.5
1169.0,20.930868608176343,21.148113406548575,-8.295632252527769,21.0,0,-0.14811340654857474,21.541649811949817,20.5,21.5
1170.0,20.925023308004203,21.151807535064442,-8.294719671291816,21.0,0,-0.15180753506444233,21.18874882022312,20.5,21.5
1171.0,20.919179359408343,21.273093943546506,-8.293808388701013,21.0,0,-0.27309394354650607,22.485958028367143,20.5,21.5
1172.0,20.91333676185872,21.22206837474535,-8.292898405449346,21.0,0,-0.22206837474535135,20.711812686733804,20.5,21.5
1173.0,20.907495514825257,21.163050438467984,-8.291989722229802,21.0,0,-0.16305043846798384,20.57287107569431,20.5,21.5
1174.0,20.901655617777845,21.091258955497384,-8.291082339734384,21.0,1,-0.09125895549738416,20.373344125791387,20.5,21.5
1175.0,20.915817070186343,21.146036063698567,-8.290176258654107,21.0,0,-0.14603606369856692,21.693807145710394,20.5,21.5
1176.0,20.909975871520576,21.054545262018802,-8.289271479678987,21.0,1,-0.054545262018802276,20.139637245221156,20.5,21.5
1177.0,20.924136022050337,21.108289520335944,-8.288368003498054,21.0,0,-0.10828952033594419,21.645732103507363,20.5,21.5
1178.0,20.91829352124523,21.101523570263467,-8.287465830799343,21.0,0,-0.10152357026346692,21.033864069538694,20.5,21.5
1179.0,20.91245236937482,21.18615664789077,-8.286564962269901,21.0,0,-0.18615664789076902,22.03248742416379,20.5,21.5
1180.0,20.90661256590849,21.208181797808656,-8.285665398595775,21.0,0,-0.2081817978086562,21.428433296987528,20.5,21.5
1181.0,20.900774110315588,21.234589900150247,-8.284767140462025,21.0,0,-0.2345899001502474,21.49867092356616,20.5,21.5
1182.0,20.894937002065433,21.228617729724874,-8.283870188552712,21.0,0,-0.22861772972487415,21.168896025471142,20.5,21.5
1183.0,20.88910124062731,21.273254364229935,-8.282974543550903,21.0,0,-0.27325436422993477,21.71962070928054,20.5,21.5
1184.0,20.88326682547047,21.15944126621806,-8.282080206138671,21.0,1,-0.1594412662180602,20.021310286099315,20.5,21.5
1185.0,20.89743375606415,21.08976601856035,-8.281187176997094,21.0,1,-0.0897660185603506,20.393013541983255,20.5,21.5
1186.0,20.91159803187754,21.11185026842528,-8.280295456806254,21.0,1,-0.1118502684252789,21.332692767074562,20.5,21.5
1187.0,20.925759653179803,21.15034019963417,-8.27940504624523,21.0,0,-0.15034019963416867,21.535239511723066,20.5,21.5
1188.0,20.91991862023992,21.14085909603564,-8.278515945992112,21.0,0,-0.14085909603564062,21.04604806005036,20.5,21.5
1189.0,20.91407893332667,21.132361545518336,-8.277628156723988,21.0,0,-0.1323615455183358,21.047386040345287,20.5,21.5
1190.0,20.908240591908662,21.17404579478379,-8.276741679116949,21.0,0,-0.17404579478379034,21.590888287438336,20.5,21.5
1191.0,20.902403595454455,21.216541910570303,-8.275856513846083,21.0,0,-0.21654191057030303,21.64150306843543,20.5,21.5
1192.0,20.896567943432593,21.19277113988499,-8.274972661585485,21.0,0,-0.1927711398849894,20.955063433031853,20.5,21.5
1193.0,20.89073363531159,21.197600756876632,-8.274090123008246,21.0,0,-0.19760075687663203,21.24589692679306,20.5,21.5
1194.0,20.884900670559926,21.25836595564207,-8.273208898786457,21.0,0,-0.2583659556420699,21.86601794329645,20.5,21.5
1195.0,20.879069048646056,21.239481490568682,-8.272328989591209,21.0,0,-0.23948149056868218,21.050636839834805,20.5,21.5
1196.0,20.87323876903841,21.197659069742677,-8.27145039609259,21.0,0,-0.19765906974267722,20.779434861482628,20.5,21.5
1197.0,20.867409831205382,21.147032874311506,-8.270573118959689,21.0,0,-0.14703287431150613,20.640770919999795,20.5,21.5
1198.0,20.861582234615348,21.169170963501426,-8.269697158860591,21.0,0,-0.16917096350142558,21.39055185540062,20.5,21.5
1199.0,20.855755978736653,21.159814433786824,-8.268822516462375,21.0,0,-0.15981443378682414,21.06624913664081,20.5,21.5
1200.0,20.849931063037612,21.132215072922754,-8.267949192431123,21.0,0,-0.13221507292275447,20.856221464282058,20.5,21.5
1201.0,20.84410748698652,21.2297680565694,-8.267077187431905,21.0,0,-0.22976805656940158,22.205297893035873,20.5,21.5
1202.0,20.838285250051637,21.202963075205293,-8.266206502128794,21.0,0,-0.2029630752052931,20.93491326156421,20.5,21.5
1203.0,20.8324643517012,21.189815257288704,-8.265337137184854,21.0,0,-0.18981525728870352,21.058337078122808,20.5,21.5
1204.0,20.826644791403425,21.164813010346137,-8.264469093262143,21.0,0,-0.16481301034613693,20.91479054092047,20.5,21.5
1205.0,20.82082656862649,21.168056864807475,-8.263602371021715,21.0,0,-0.1680568648074754,21.20049540942086,20.5,21.5
1206.0,20.81500968283856,21.09737099666491,-8.262736971123617,21.0,1,-0.09737099666491034,20.39051231523926,20.5,21.5
1207.0,20.82919413350777,21.161685532150056,-8.26187289422689,21.0,0,-0.16168553215005588,21.80483088700151,20.5,21.5
1208.0,20.823375920102222,21.176500118730093,-8.261010140989562,21.0,0,-0.1765001187300932,21.324645984530466,20.5,21.5
1209.0,20.817559042890004,21.181386324666096,-8.260148712068661,21.0,0,-0.1813863246660965,21.23024838402613,20.5,21.5
1210.0,20.811743501339013,21.208565853185394,-8.259288608120201,21.0,0,-0.20856585318539445,21.480361138378374,20.5,21.5
1211.0,20.80592929491712,21.23413963486673,-8.258429829799189,21.0,0,-0.23413963486672884,21.489877451680073,20.5,21.5
1212.0,20.800116423092177,21.226587571857426,-8.257572377759622,21.0,0,-0.22658757185742573,21.151066941764395,20.5,21.5
1213.0,20.794304885332007,21.194392280042443,-8.256716252654485,21.0,0,-0.19439228004244313,20.872439361892617,20.5,21.5
1214.0,20.78849468110441,21.147994498456306,-8.255861455135758,21.0,0,-0.1479944984563062,20.684016682594937,20.5,21.5
1215.0,20.78268580987716,21.111767558238636,-8.255007985854405,21.0,0,-0.11176755823863616,20.749498156061936,20.5,21.5
1216.0,20.776878271118015,21.11382729066501,-8.254155845460382,21.0,0,-0.11382729066501085,21.134424614928758,20.5,21.5
1217.0,20.7710720642947,21.088038349954907,-8.253305034602626,21.0,0,-0.08803834995490689,20.830148942853867,20.5,21.5
1218.0,20.76526718887492,21.04442012252671,-8.25245555392907,21.0,0,-0.04442012252670935,20.608237848244734,20.5,21.5
1219.0,20.75946364432636,21.16282053960084,-8.25160740408663,21.0,0,-0.16282053960084042,22.34682471034215,20.5,21.5
1220.0,20.753661430116676,21.13085769231595,-8.250760585721208,21.0,0,-0.13085769231594924,20.811229219467037,20.5,21.5
1221.0,20.747860545713507,21.068942931966383,-8.249915099477695,21.0,1,-0.06894293196638301,20.44979532847072,20.5,21.5
1222.0,20.76206099058447,21.05298326760815,-8.249070945999964,21.0,1,-0.05298326760814831,20.8933866240258,20.5,21.5
1223.0,20.776258764197152,21.093061720953713,-8.248228125930876,21.0,1,-0.09306172095371323,21.493846254409362,20.5,21.5
1224.0,20.790453866819128,21.065148713594034,-8.247386639912273,21.0,1,-0.06514871359403429,20.786018639997245,20.5,21.5
1225.0,20.80464629871778,21.11973262908206,-8.246546488584984,21.0,0,-0.1197326290820584,21.6655717839623,20.5,21.5
1226.0,20.79883606016032,21.13374689053506,-8.245707672588821,21.0,0,-0.13374689053506117,21.27388950506509,20.5,21.5
1227.0,20.79302715141377,21.11839369313531,-8.244870192562582,21.0,0,-0.11839369313531023,20.9648617191378,20.5,21.5
1228.0,20.787219571944977,21.070790407005283,-8.24403404914404,21.0,0,-0.07079040700528338,20.594757545705015,20.5,21.5
1229.0,20.78141332122076,21.05710925974201,-8.243199242969954,21.0,0,-0.057109259742009755,20.920297787109273,20.5,21.5
1230.0,20.775608398707924,21.029067900292915,-8.24236577467607,21.0,0,-0.029067900292915283,20.74865430580197,20.5,21.5
1231.0,20.769804803873246,21.01916313109154,-8.241533644897107,21.0,0,-0.019163131091538332,20.92011543907777,20.5,21.5
1232.0,20.76400253618349,21.016098052426617,-8.240702854266768,21.0,0,-0.016098052426617215,20.985447265777406,20.5,21.5
1233.0,20.7582015951054,21.077040445092084,-8.239873403417736,21.0,0,-0.0770404450920843,21.686464371746755,20.5,21.5
1234.0,20.752401980105695,21.056379518716035,-8.239045292981675,21.0,0,-0.05637951871603519,20.849770254955544,20.5,21.5
1235.0,20.746603690651078,21.07249625580281,-8.238218523589229,21.0,0,-0.07249625580281105,21.23366362667057,20.5,21.5
1236.0,20.74080672620823,21.03913891143232,-8.237393095870015,21.0,0,-0.039138911432321066,20.70556546772742,20.5,21.5
1237.0,20.735011086243816,21.048252102430176,-8.236569010452635,21.0,0,-0.04825210243017608,21.139384012408726,20.5,21.5
1238.0,20.729216770224475,20.99912384277905,-8.235746267964664,21.0,0,0.0008761572209508017,20.50784124626778,20.5,21.5
1239.0,20.723423777616837,20.890119256795384,-8.234924869032657,21.0,1,0.1098807432046165,19.800073396958727,20.5,21.5
1240.0,20.737632107887507,20.910036047261325,-8.234104814282146,21.0,1,0.08996395273867464,21.109203951920744,20.5,21.5
1241.0,20.751837760503072,20.89634851718938,-8.233286104337637,21.0,1,0.1036514828106192,20.759473216469935,20.5,21.5
1242.0,20.766040735730105,20.963827104113882,-8.232468739822613,21.0,0,0.03617289588611783,21.638612973358896,20.5,21.5
1243.0,20.760241033834994,21.014187110531207,-8.231652721359534,21.0,0,-0.014187110531207026,21.517787174704456,20.5,21.5
1244.0,20.754442655083956,21.04128720647369,-8.230838049569833,21.0,0,-0.04128720647369022,21.312288165898522,20.5,21.5
1245.0,20.748645598943025,20.944833770357352,-8.230024725073918,21.0,1,0.055166229642647835,19.98029940919397,20.5,21.5
1246.0,20.76284986487822,20.968760467177283,-8.229212748491168,21.0,1,0.031239532822716853,21.208027435376593,20.5,21.5
1247.0,20.777051452355547,20.934062196311984,-8.228402120439943,21.0,1,0.0659378036880156,20.587079487658997,20.5,21.5
1248.0,20.791250361640987,20.933754041516302,-8.227592841537572,21.0,1,0.06624595848369808,20.930672493559477,20.5,21.5
1249.0,20.80544659300035,21.018416791590973,-8.226784912400351,21.0,0,-0.018416791590972537,21.86504429233768,20.5,21.5
1250.0,20.79964014669927,21.168449842903478,-8.225978333643557,21.0,0,-0.16844984290347753,22.668780356028527,20.5,21.5
1251.0,20.793835023003204,21.160362879409096,-8.225173105881433,21.0,0,-0.16036287940909588,21.07949324446528,20.5,21.5
1252.0,20.788031221377427,21.163945305159476,-8.224369229727198,21.0,0,-0.16394530515947636,21.19976956266328,20.5,21.5
1253.0,20.782228741287206,21.135092574422863,-8.223566705793035,21.0,0,-0.13509257442286327,20.846565267056732,20.5,21.5
1254.0,20.77642758219779,21.133609443651107,-8.222765534690103,21.0,0,-0.13360944365110683,21.118778135933542,20.5,21.5
1255.0,20.770627743574412,21.06637011644589,-8.221965717028528,21.0,1,-0.06637011644588853,20.393976844393706,20.5,21.5
1256.0,20.78482922488229,21.096632861838568,-8.221167253417406,21.0,1,-0.09663286183856812,21.399260315765364,20.5,21.5
1257.0,20.79902802558663,21.09172713531318,-8.2203701444648,21.0,1,-0.09172713531318166,21.042669870059317,20.5,21.5
1258.0,20.81322414595262,21.122308740504,-8.219574390777748,21.0,1,-0.12230874050399976,21.42812479241218,20.5,21.5
1259.0,20.827417586245275,21.06746613654454,-8.218779992962245,21.0,1,-0.06746613654453881,20.51904009694993,20.5,21.5
1260.0,20.841608346729434,21.0723514148623,-8.217986951623264,21.0,1,-0.07235141486230035,21.121204198039916,20.5,21.5
1261.0,20.855796427669762,21.026735951001037,-8.21719526736474,21.0,1,-0.02673595100103654,20.5705813123884,20.5,21.5
1262.0,20.869981829330754,20.980466124124415,-8.216404940789573,21.0,1,0.019533875875584528,20.517767855358205,20.5,21.5
1263.0,20.88416455197673,20.959230237047866,-8.21561597249963,21.0,1,0.040769762952134414,20.746871366282367,20.5,21.5
1264.0,20.898344595871837,20.94408977021478,-8.214828363095748,21.0,1,0.0559102297852192,20.792685101883933,20.5,21.5
1265.0,20.912521961280042,20.92953607114344,-8.214042113177726,21.0,1,0.07046392885656161,20.783999080430014,20.5,21.5
1266.0,20.92669664846515,21.008787286804218,-8.213257223344325,21.0,0,-0.008787286804217587,21.80129944341201,20.5,21.5
1267.0,20.92086865769079,21.029077864531722,-8.212473694193275,21.0,0,-0.029077864531721787,21.231983641806764,20.5,21.5
1268.0,20.915041989220413,21.040286463836498,-8.211691526321264,21.0,0,-0.04028646383649814,21.15237245688426,20.5,21.5
1269.0,20.909216642517304,21.079910611830513,-8.21091072032395,21.0,0,-0.07991061183051329,21.476152091770665,20.5,21.5
1270.0,20.903392617044737,21.111056425578347,-8.21013127679595,21.0,0,-0.11105642557834727,21.422514563056687,20.5,21.5
1271.0,20.89756991226597,21.09430521032369,-8.209353196330845,21.0,0,-0.09430521032368944,20.92679305777711,20.5,21.5
1272.0,20.89174852764425,21.186870971268707,-8.208576479521174,21.0,0,-0.1868709712687071,22.112528580718884,20.5,21.5
1273.0,20.885928462642816,21.16541292234407,-8.207801126958444,21.0,0,-0.16541292234407123,20.950832433097712,20.5,21.5
1274.0,20.880109716724895,21.183695617506377,-8.20702713923312,21.0,0,-0.18369561750637686,21.366522569129433,20.5,21.5
1275.0,20.874292289353704,21.169239854240868,-8.206254516934624,21.0,0,-0.16923985424086752,21.024682221585774,20.5,21.5
1276.0,20.868476179992445,21.213821073233525,-8.205483260651343,21.0,0,-0.21382107323352528,21.659633263160103,20.5,21.5
1277.0,20.862661388104318,21.17062560830657,-8.204713370970623,21.0,0,-0.17062560830656892,20.738670959037005,20.5,21.5
1278.0,20.856847913152503,21.212673605190417,-8.20394484847877,21.0,0,-0.21267360519041745,21.633153574028903,20.5,21.5
1279.0,20.851035754600176,21.157814857645324,-8.203177693761042,21.0,0,-0.15781485764532377,20.609227382194387,20.5,21.5
1280.0,20.845224911910503,21.180785535046578,-8.202411907401666,21.0,0,-0.1807855350465779,21.41049230905912,20.5,21.5
1281.0,20.83941538454664,21.18125710618607,-8.20164748998382,21.0,0,-0.18125710618607016,21.185972817580993,20.5,21.5
1282.0,20.833607171971735,21.161347768636666,-8.200884442089638,21.0,0,-0.16134776863666644,20.96225439314263,20.5,21.5
1283.0,20.827800273648922,21.120877551224442,-8.20012276430022,21.0,0,-0.12087755122444221,20.7161753771022,20.5,21.5
1284.0,20.821994689041333,21.195813281613972,-8.199362457195612,21.0,0,-0.19581328161397238,21.945170585509274,20.5,21.5
1285.0,20.816190417612084,21.2204982771595,-8.198603521354825,21.0,0,-0.22049827715949988,21.467348232614775,20.5,21.5
1286.0,20.81038745882429,21.12002872251194,-8.197845957355817,21.0,1,-0.12002872251193963,20.115333176036337,20.5,21.5
1287.0,20.824585812141056,21.125645701868756,-8.197089765775509,21.0,1,-0.12564570186875557,21.181815495436915,20.5,21.5
1288.0,20.83878147702547,21.178244795806997,-8.196334947189772,21.0,0,-0.1782447958069966,21.704235735189407,20.5,21.5
1289.0,20.83297445374063,21.19809686412347,-8.195581502173436,21.0,0,-0.19809686412347105,21.396617547288216,20.5,21.5
1290.0,20.827168742549446,21.12960554929023,-8.19482943130028,21.0,1,-0.12960554929022905,20.44469240095781,20.5,21.5
1291.0,20.841364342914677,21.069891047404855,-8.194078735143037,21.0,1,-0.0698910474048553,20.472746028551118,20.5,21.5
1292.0,20.855557254299065,21.126411008872424,-8.193329414273398,21.0,0,-0.12641100887242374,21.691610623548108,20.5,21.5
1293.0,20.84974747696535,21.047971781551347,-8.192581469262002,21.0,1,-0.04797178155134674,20.263579508340577,20.5,21.5
1294.0,20.863939011176107,21.114843028916024,-8.191834900678444,21.0,0,-0.11484302891602383,21.783555502562795,20.5,21.5
1295.0,20.858127856393736,21.151882766742382,-8.191089709091264,21.0,0,-0.1518827667423821,21.522280145005965,20.5,21.5
1296.0,20.852318012880637,21.23137996846085,-8.19034589506796,21.0,0,-0.23137996846084974,22.026351985645526,20.5,21.5
1297.0,20.846509480099048,21.161046132410256,-8.18960345917498,21.0,1,-0.1610461324102559,20.457707771904317,20.5,21.5
1298.0,20.860702257511193,21.202631607916608,-8.18886240197772,21.0,0,-0.20263160791660795,21.61848636298013,20.5,21.5
1299.0,20.854892344579294,21.05064014345048,-8.188122724040529,21.0,1,-0.05064014345047951,19.530725498789195,20.5,21.5
1300.0,20.86908374156557,21.03147240159911,-8.1873844259267,21.0,1,-0.031472401599110356,20.83979498308542,20.5,21.5
1301.0,20.88327244793207,21.112285656778518,-8.186647508198483,21.0,0,-0.11228565677851776,21.920418208572592,20.5,21.5
1302.0,20.877458463940847,21.101598793140013,-8.18591197141707,21.0,0,-0.1015987931400133,20.99473015675497,20.5,21.5
1303.0,20.871645789853776,21.088170854161756,-8.185177816142605,21.0,0,-0.0881708541617563,20.953891464379186,20.5,21.5
1304.0,20.865834425132576,21.120499391465252,-8.184445042934183,21.0,0,-0.1204993914652519,21.443784764500208,20.5,21.5
1305.0,20.860024369238964,21.050143363669257,-8.183713652349837,21.0,1,-0.05014336366925676,20.346583085709305,20.5,21.5
1306.0,20.874215621634647,21.006934167086385,-8.182983644946557,21.0,1,-0.006934167086384946,20.574842201257667,20.5,21.5
1307.0,20.888404181781333,21.062801265102582,-8.182255021280273,21.0,0,-0.062801265102582,21.621472245264552,20.5,21.5
1308.0,20.88259004994072,21.14730491935743,-8.181527781905864,21.0,0,-0.14730491935743117,21.992341461905923,20.5,21.5
1309.0,20.87677722637435,21.176538613970262,-8.180801927377154,21.0,0,-0.17653861397026205,21.46887556009857,20.5,21.5
1310.0,20.8709657105436,21.225569088698297,-8.180077458246913,21.0,0,-0.22556908869829684,21.715873835978645,20.5,21.5
1311.0,20.865155501909843,21.24239120814089,-8.179354375066858,21.0,0,-0.24239120814089077,21.41061240256683,20.5,21.5
1312.0,20.859346599934447,21.217418010820925,-8.178632678387647,21.0,0,-0.21741801082092493,20.967686037621267,20.5,21.5
1313.0,20.853539004078783,21.150197820684973,-8.17791236875888,21.0,1,-0.15019782068497278,20.47799591932545,20.5,21.5
1314.0,20.867732713804216,21.233726321183294,-8.17719344672911,21.0,0,-0.23372632118329406,22.069011326166507,20.5,21.5
1315.0,20.86192372857211,21.231054358720748,-8.176475912845824,21.0,0,-0.23105435872074764,21.204334734095283,20.5,21.5
1316.0,20.856116048643823,21.217581905029686,-8.175759767655453,21.0,0,-0.21758190502968588,21.08285736811907,20.5,21.5
1317.0,20.850309673480563,21.165920864157552,-8.175045011703379,21.0,0,-0.16592086415755247,20.64931045543622,20.5,21.5
1318.0,20.844504602543527,21.193275449110093,-8.174331645533915,21.0,0,-0.19327544911009298,21.466821298635498,20.5,21.5
1319.0,20.83870083529391,21.148793909406432,-8.173619669690321,21.0,0,-0.14879390940643233,20.703978512369826,20.5,21.5
1320.0,20.83289837119291,21.142844471676092,-8.1729090847148,21.0,0,-0.14284447167609216,21.08335009437269,20.5,21.5
1321.0,20.82709720970173,21.192391257573735,-8.172199891148487,21.0,0,-0.19239125757373543,21.687859116550168,20.5,21.5
1322.0,20.82129735028156,21.283261914487323,-8.171492089531473,21.0,0,-0.28326191448732274,22.191968483623196,20.5,21.5
1323.0,20.815498792393598,21.24722791589363,-8.170785680402773,21.0,0,-0.2472279158936317,20.88688792995672,20.5,21.5
1324.0,20.809701535499038,21.18883741285119,-8.17008066430035,21.0,0,-0.18883741285118916,20.604932382426764,20.5,21.5
1325.0,20.803905579059077,21.20031017946809,-8.169377041761106,21.0,0,-0.20031017946809015,21.3150378456371,20.5,21.5
1326.0,20.798110922534914,21.132043565324892,-8.168674813320878,21.0,1,-0.13204356532489214,20.449377423892912,20.5,21.5
1327.0,20.812317565387744,21.100612802367632,-8.167973979514445,21.0,1,-0.10061280236763182,20.78630517279503,20.5,21.5
1328.0,20.826521507078763,21.049880025697167,-8.167274540875521,21.0,1,-0.049880025697166985,20.54255225899252,20.5,21.5
1329.0,20.840722747869172,21.007752711680627,-8.16657649793676,21.0,1,-0.0077527116806273,20.58647957151523,20.5,21.5
1330.0,20.854921288020012,20.992974186735204,-8.165879851229752,21.0,1,0.007025813264796454,20.845188937280966,20.5,21.5
1331.0,20.869117127792162,21.056168144690464,-8.165184601285024,21.0,0,-0.056168144690463606,21.688107724243064,20.5,21.5
1332.0,20.863310267446348,21.031258318987057,-8.164490748632037,21.0,0,-0.031258318987056555,20.782160061952986,20.5,21.5
1333.0,20.857504707243134,21.03402420092892,-8.163798293799193,21.0,0,-0.03402420092891845,21.061683020347537,20.5,21.5
1334.0,20.851700446642926,21.073312903536923,-8.163107237313826,21.0,0,-0.0733129035369231,21.46619992961697,20.5,21.5
1335.0,20.845897485106136,21.131475234825295,-8.162417579702204,21.0,0,-0.13147523482529522,21.713098547709016,20.5,21.5
1336.0,20.840095822093176,21.11954574072622,-8.161729321489531,21.0,0,-0.11954574072622037,21.000250799735472,20.5,21.5
1337.0,20.83429545706446,21.06957176183407,-8.161042463199948,21.0,0,-0.06957176183406943,20.56983197291256,20.5,21.5
1338.0,20.828496389480406,21.142583790229647,-8.160357005356525,21.0,0,-0.14258379022964718,21.872704074185425,20.5,21.5
1339.0,20.82269861880144,21.071561057197595,-8.15967294848127,21.0,1,-0.07156105719759509,20.361333726877074,20.5,21.5
1340.0,20.836902144487983,21.097172357176564,-8.158990293095119,21.0,1,-0.09717235717656436,21.353285356966257,20.5,21.5
1341.0,20.851102966000465,21.041152731188554,-8.158309039717947,21.0,1,-0.04115273118855356,20.480956471308446,20.5,21.5
1342.0,20.86530108359932,21.077407524191692,-8.157629188868558,21.0,1,-0.07740752419169183,21.439955454223075,20.5,21.5
1343.0,20.879496497544828,21.09515894333369,-8.156950741064685,21.0,1,-0.0951589433336899,21.27267313475367,20.5,21.5
1344.0,20.893689208097108,21.216613999312777,-8.156273696823,21.0,0,-0.21661399931277714,22.43116455910365,20.5,21.5
1345.0,20.887879215516122,21.1620216159203,-8.155598056659096,21.0,0,-0.16202161592029896,20.616097781995517,20.5,21.5
1346.0,20.88207052006169,21.157759961830738,-8.154923821087507,21.0,0,-0.15775996183073815,21.11514342093513,20.5,21.5
1347.0,20.87626312119346,21.24925108958526,-8.15425099062169,21.0,0,-0.2492510895852611,22.16416236713049,20.5,21.5
1348.0,20.8704570183711,21.24216621413688,-8.153579565774038,21.0,0,-0.2421662141368799,21.171317459653068,20.5,21.5
1349.0,20.86465221105427,21.201230244773342,-8.152909547055867,21.0,0,-0.20123024477334184,20.79187055113796,20.5,21.5
1350.0,20.858848698702648,21.206894831922725,-8.152240934977426,21.0,0,-0.20689483192272462,21.263540703416552,20.5,21.5
1351.0,20.853046480775912,21.169600216355505,-8.151573730047893,21.0,0,-0.16960021635550504,20.79665406068331,20.5,21.5
1352.0,20.847245556733746,21.09414311812872,-8.150907932775374,21.0,1,-0.09414311812872,20.33957213586087,20.5,21.5
1353.0,20.861445926035845,21.117527434061763,-8.150243543666901,21.0,1,-0.11752743406176336,21.351370593392197,20.5,21.5
1354.0,20.875643588141905,21.1223021342148,-8.149580563228437,21.0,1,-0.12230213421479874,21.170049135745153,20.5,21.5
1355.0,20.88983854331163,21.16471617640177,-8.148918991964868,21.0,0,-0.16471617640177172,21.5888565982715,20.5,21.5
1356.0,20.884030791804573,21.240965131454963,-8.14825883038001,21.0,0,-0.24096513145496345,22.00345468198688,20.5,21.5
1357.0,20.878224333880137,21.256626419635275,-8.147600078976607,21.0,0,-0.25662641963527477,21.413239301438388,20.5,21.5
1358.0,20.872419168997567,21.15385269183482,-8.146942738256325,21.0,1,-0.1538526918348211,20.126115413830284,20.5,21.5
1359.0,20.886615296616117,21.17605531432182,-8.146286808719758,21.0,1,-0.17605531432182175,21.39808153919183,20.5,21.5
1360.0,20.90080871619505,21.113370654933856,-8.145632290866425,21.0,1,-0.11337065493385623,20.4865240610542,20.5,21.5
1361.0,20.91499942799364,21.13963889529213,-8.14497918519477,21.0,1,-0.13963889529212992,21.402321298874867,20.5,21.5
1362.0,20.929187432271,21.14141403099649,-8.14432749220216,21.0,1,-0.14141403099648997,21.15916538804009,20.5,21.5
1363.0,20.943372729286107,21.284768577054727,-8.143677212384889,21.0,0,-0.28476857705472725,22.7183140376371,20.5,21.5
1364.0,20.937555319297772,21.257820988513053,-8.143028346238173,21.0,0,-0.25782098851305335,20.988345103096314,20.5,21.5
1365.0,20.931739202564664,21.327423728760568,-8.142380894256151,21.0,0,-0.3274237287605679,22.023451131235714,20.5,21.5
1366.0,20.9259243785453,21.401673852102583,-8.141734856931887,21.0,0,-0.4016738521025829,22.144175085522733,20.5,21.5
1367.0,20.920110846698204,21.444578679705245,-8.141090234757367,21.0,0,-0.4445786797052449,21.873626955731865,20.5,21.5
1368.0,20.914298606481914,21.42136317028058,-8.140447028223498,21.0,0,-0.42136317028057846,21.189208076033914,20.5,21.5
1369.0,20.90848765735497,21.39823345715292,-8.139805237820108,21.0,0,-0.39823345715291936,21.16693632587633,20.5,21.5
1370.0,20.902677998775935,21.3646775758959,-8.139164864035951,21.0,0,-0.3646775758959002,21.02911876332571,20.5,21.5
1371.0,20.896869630203373,21.308260751869575,-8.138525907358698,21.0,0,-0.30826075186957524,20.744092511606326,20.5,21.5
1372.0,20.89106255109586,21.292494025532463,-8.137888368274943,21.0,0,-0.29249402553246284,21.13482676216134,20.5,21.5
1373.0,20.885256760911986,21.21768574708507,-8.137252247270201,21.0,1,-0.2176857470850706,20.469602962611148,20.5,21.5
1374.0,20.89945225911035,21.24739924761932,-8.136617544828901,21.0,0,-0.2473992476193203,21.544534252961817,20.5,21.5
1375.0,20.89364504514956,21.220600829391323,-8.135984261434404,21.0,0,-0.22060082939132286,20.95261664711135,20.5,21.5
1376.0,20.887839119288245,21.284090899456558,-8.135352397568976,21.0,0,-0.2840908994565581,21.91899160010891,20.5,21.5
1377.0,20.882034480984874,21.234600763249226,-8.134721953713811,21.0,0,-0.23460076324922596,20.739699401175905,20.5,21.5
1378.0,20.876231129697935,21.275751895195107,-8.134092930349022,21.0,0,-0.275751895195107,21.687263214653917,20.5,21.5
1379.0,20.870429064885926,21.220613096457537,-8.133465327953635,21.0,0,-0.22061309645753724,20.66922510908184,20.5,21.5
1380.0,20.864628286007356,21.247282288167874,-8.132839147005598,21.0,0,-0.2472822881678738,21.51397420527124,20.5,21.5
1381.0,20.858828792520754,21.157064175465564,-8.132214387981772,21.0,1,-0.15706417546556395,20.254883048442466,20.5,21.5
1382.0,20.873030583884653,21.217824769325414,-8.13159105135794,21.0,0,-0.21782476932541428,21.825430707923918,20.5,21.5
1383.0,20.867229659557605,21.21280893279243,-8.130969137608803,21.0,0,-0.21280893279243074,21.162650567462595,20.5,21.5
1384.0,20.86143001979817,21.210020885572057,-8.13034864720797,21.0,0,-0.21002088557205667,21.182140413368316,20.5,21.5
1385.0,20.85563166406477,21.159087315132187,-8.129729580627977,21.0,0,-0.15908731513218655,20.649751610733485,20.5,21.5
1386.0,20.84983459181583,21.115824030942694,-8.129111938340266,21.0,0,-0.11582403094269367,20.683191189047765,20.5,21.5
1387.0,20.8440388025098,21.12462517836451,-8.128495720815199,21.0,0,-0.1246251783645107,21.21263665258268,20.5,21.5
1388.0,20.838244295605136,21.107210199374652,-8.127880928522053,21.0,0,-0.10721019937465215,20.933060409476067,20.5,21.5
1389.0,20.83245107056031,21.146007064295908,-8.12726756192902,21.0,0,-0.14600706429590815,21.533975713508468,20.5,21.5
1390.0,20.826659126833814,21.183587226853852,-8.126655621503204,21.0,0,-0.18358722685385231,21.559388852433294,20.5,21.5
1391.0,20.820868463884146,21.188603080429907,-8.126045107710626,21.0,0,-0.1886030804299068,21.23876161619045,20.5,21.5
1392.0,20.815079081169827,21.141772179423036,-8.125436021016217,21.0,0,-0.141772179423036,20.673463169354328,20.5,21.5
1393.0,20.80929097814939,21.092582023035913,-8.124828361883823,21.0,0,-0.0925820230359129,20.600680459164682,20.5,21.5
1394.0,20.803504154281384,21.02699577309891,-8.124222130776204,21.0,1,-0.026995773098910547,20.371133273728887,20.5,21.5
1395.0,20.81771860902437,20.941447361439664,-8.123617328155031,21.0,1,0.05855263856033588,20.0859632448472,20.5,21.5
1396.0,20.831930341836937,20.92307369628306,-8.12301395448089,21.0,1,0.07692630371694165,20.739337044717,20.5,21.5
1397.0,20.846139352977673,20.89348738496907,-8.122412010213269,21.0,1,0.10651261503092968,20.59762427182919,20.5,21.5
1398.0,20.860345642705035,20.947991056248988,-8.121811495810583,21.0,1,0.05200894375101228,21.49302776904816,20.5,21.5
1399.0,20.87454921127733,20.983019608662772,-8.121212411730143,21.0,1,0.01698039133722773,21.333305132800618,20.5,21.5
1400.0,20.888750058952727,21.03718775115803,-8.120614758428182,21.0,0,-0.037187751158029414,21.5788691761106,20.5,21.5
1401.0,20.88294818598925,21.10445259794175,-8.12001853635984,21.0,0,-0.10445259794175143,21.77710106577897,20.5,21.5
1402.0,20.87714759264478,21.106389025825585,-8.119423745979162,21.0,0,-0.10638902582558529,21.125753304663924,20.5,21.5
1403.0,20.871348278377052,21.156193442922117,-8.11883038773911,21.0,0,-0.1561934429221168,21.65423761388743,20.5,21.5
1404.0,20.865550242643828,21.244434158995766,-8.118238462091549,21.0,0,-0.24443415899576593,22.126841319732257,20.5,21.5
1405.0,20.859753484902882,21.258495813940772,-8.117647969487258,21.0,0,-0.2584958139407725,21.399112363390838,20.5,21.5
1406.0,20.853958004612004,21.206011206871356,-8.117058910375924,21.0,0,-0.20601120687135577,20.68116513617719,20.5,21.5
1407.0,20.848163801229006,21.222003444043814,-8.116471285206138,21.0,0,-0.2220034440438141,21.381925815768398,20.5,21.5
1408.0,20.84237087421172,21.157156699355085,-8.115885094425407,21.0,0,-0.15715669935508458,20.50868925246779,20.5,21.5
1409.0,20.836579223017992,21.08392457185106,-8.115300338480136,21.0,1,-0.08392457185106039,20.35160329681082,20.5,21.5
1410.0,20.850788847105694,21.075527185071877,-8.114717017815643,21.0,1,-0.07552718507187706,20.991553317280044,20.5,21.5
1411.0,20.86499574593271,21.090978573200072,-8.114135132876154,21.0,1,-0.09097857320007208,21.245492454482022,20.5,21.5
1412.0,20.87919991975695,21.183381070529872,-8.113554684104798,21.0,0,-0.1833810705298724,22.107406043827876,20.5,21.5
1413.0,20.873401368836177,21.265434337852305,-8.112975671943612,21.0,0,-0.2654343378523052,22.085967011076633,20.5,21.5
1414.0,20.86760409342802,21.372691233697076,-8.112398096833541,21.0,0,-0.3726912336970756,22.44526019214478,20.5,21.5
1415.0,20.861808092989968,21.467416212582837,-8.111821959214431,21.0,0,-0.4674162125828367,22.414666001440448,20.5,21.5
1416.0,20.85601336697953,21.53277431281997,-8.111247259525037,21.0,0,-0.5327743128199707,22.18635531519131,20.5,21.5
1417.0,20.85021991485423,21.460992469800164,-8.11067399820302,21.0,0,-0.4609924698001642,20.7431740396021,20.5,21.5
1418.0,20.844427736071616,21.347288890575804,-8.110102175684938,21.0,1,-0.34728889057580403,20.210253098332203,20.5,21.5
1419.0,20.858636830089264,21.27476109159442,-8.109531792406264,21.0,1,-0.27476109159442075,20.549483101780588,20.5,21.5
1420.0,20.872843196364766,21.216942411751408,-8.108962848801367,21.0,1,-0.2169424117514076,20.638755613321276,20.5,21.5
1421.0,20.887046835155733,21.225115236383534,-8.108395345303522,21.0,1,-0.2251152363835338,21.306843482704796,20.5,21.5
1422.0,20.90124774671964,21.240874396551266,-8.107829282344909,21.0,1,-0.2408743965512663,21.39846599822859,20.5,21.5
1423.0,20.915445931313826,21.29734011895533,-8.10726466035661,21.0,0,-0.2973401189553293,21.86199734299596,20.5,21.5
1424.0,20.909641389195492,21.278851889182484,-8.106701479768606,21.0,0,-0.2788518891824836,21.093969591454027,20.5,21.5
1425.0,20.9038381206217,21.26851343339361,-8.10613974100979,21.0,0,-0.2685134333936112,21.165128875504887,20.5,21.5
1426.0,20.898036125049373,21.177638225908204,-8.105579444507942,21.0,1,-0.1776382259082041,20.268886151054133,20.5,21.5
1427.0,20.91223540193546,21.14752385472849,-8.105020590689758,21.0,1,-0.14752385472849028,20.846380142931352,20.5,21.5
1428.0,20.926431950736937,21.13568789670173,-8.10446317998083,21.0,1,-0.13568789670172876,21.017328316434114,20.5,21.5
1429.0,20.940625771710792,21.124586544202057,-8.103907212805645,21.0,1,-0.12458654420205661,21.013573019205335,20.5,21.5
1430.0,20.954816865113887,21.147199843375724,-8.103352689587602,21.0,1,-0.14719984337572356,21.373332835112393,20.5,21.5
1431.0,20.969005231202946,21.1317046988064,-8.102799610748992,21.0,1,-0.13170469880639857,20.97675325311315,20.5,21.5
1432.0,20.983190870234555,21.175481727077262,-8.102247976711007,21.0,0,-0.17548172707726195,21.613252009785896,20.5,21.5
1433.0,20.977373782465165,21.12790755304858,-8.101697787893743,21.0,0,-0.12790755304857981,20.65216581276176,20.5,21.5
1434.0,20.971557968151092,21.103289061533964,-8.101149044716193,21.0,0,-0.10328906153396389,20.857104146387805,20.5,21.5
1435.0,20.965743426748517,21.133264723529813,-8.100601747596246,21.0,0,-0.13326472352981256,21.4330213434883,20.5,21.5
1436.0,20.959930157713647,21.217419987328007,-8.100055896950696,21.0,0,-0.21741998732800738,22.058972625309956,20.5,21.5
1437.0,20.954118160502713,21.232995565260687,-8.099511493195228,21.0,0,-0.232995565260687,21.388751344587483,20.5,21.5
1438.0,20.948307434571973,21.357100411899516,-8.098968536744433,21.0,0,-0.35710041189951625,22.59814887828781,20.5,21.5
1439.0,20.94249797937771,21.416840154987195,-8.098427028011793,21.0,0,-0.4168401549871952,22.014237585863984,20.5,21.5
1440.0,20.936689794376232,21.3913213865035,-8.097886967409693,21.0,0,-0.391321386503499,21.136133701666537,20.5,21.5
1441.0,20.930882879023876,21.36986019745738,-8.09734835534941,21.0,0,-0.3698601974573812,21.155248306996203,20.5,21.5
1442.0,20.925077232777003,21.28300482090724,-8.096811192241123,21.0,1,-0.2830048209072409,20.414451055405838,20.5,21.5
1443.0,20.939272855092,21.19314371499143,-8.096275478493904,21.0,1,-0.1931437149914288,20.294532655833308,20.5,21.5
1444.0,20.953465745425284,21.183696429650336,-8.095741214515723,21.0,1,-0.18369642965033606,21.08922357623941,20.5,21.5
1445.0,20.967655904033297,21.23667907679961,-8.095208400713442,21.0,0,-0.23667907679961075,21.766505548292358,20.5,21.5
1446.0,20.961843331172346,21.189177349477596,-8.094677037492827,21.0,0,-0.18917734947759612,20.71416007625745,20.5,21.5
1447.0,20.956032027098612,21.236471552830018,-8.09414712525853,21.0,0,-0.23647155283001808,21.709413586354238,20.5,21.5
1448.0,20.95022199126814,21.246026279619166,-8.093618664414105,21.0,0,-0.24602627961916568,21.34157354751064,20.5,21.5
1449.0,20.944413223137005,21.327890903854534,-8.093091655361997,21.0,0,-0.32789090385453434,22.14653714620822,20.5,21.5
1450.0,20.938605722161306,21.350835816057653,-8.092566098503546,21.0,0,-0.35083581605765346,21.580284938088845,20.5,21.5
1451.0,20.932799487797173,21.402703392962167,-8.092041994238986,21.0,0,-0.4027033929621666,21.921379162007298,20.5,21.5
1452.0,20.926994519500767,21.377111330317167,-8.091519342967446,21.0,0,-0.3771113303171667,21.121190703867168,20.5,21.5
1453.0,20.921190816728274,21.38970886406648,-8.090998145086948,21.0,0,-0.3897088640664812,21.515684201559626,20.5,21.5
1454.0,20.915388378935912,21.369027281579417,-8.090478400994405,21.0,0,-0.36902728157941667,21.16221145670877,20.5,21.5
1455.0,20.909587205579925,21.296074055219844,-8.089960111085627,21.0,0,-0.29607405521984376,20.566541791624115,20.5,21.5
1456.0,20.90378729611659,21.316788234742177,-8.089443275755313,21.0,0,-0.31678823474217666,21.523930029965506,20.5,21.5
1457.0,20.897988650002215,21.329448208964724,-8.088927895397056,21.0,0,-0.32944820896472393,21.456047951190197,20.5,21.5
1458.0,20.892191266693136,21.336956537657628,-8.08841397040334,21.0,0,-0.33695653765762756,21.412039824586664,20.5,21.5
1459.0,20.886395145645718,21.235495117707128,-8.087901501165542,21.0,1,-0.23549511770712783,20.22088091820213,20.5,21.5
1460.0,20.900600286316354,21.293430420102293,-8.087390488073929,21.0,0,-0.29343042010229325,21.872783444053947,20.5,21.5
1461.0,20.894802688161477,21.2678146083937,-8.08688093151766,21.0,0,-0.2678146083936994,21.01165649130776,20.5,21.5
1462.0,20.88900635143754,21.248460848648172,-8.086372831884784,21.0,0,-0.24846084864817186,21.054923251192896,20.5,21.5
1463.0,20.883211275600875,21.147579720533976,-8.085866189562243,21.0,1,-0.14757972053397594,20.138768439392017,20.5,21.5
1464.0,20.897417460107842,21.170069594236317,-8.085361004935866,21.0,1,-0.17006959423631685,21.394968331259726,20.5,21.5
1465.0,20.911620904414832,21.06835836138658,-8.084857278390372,21.0,1,-0.06835836138657925,20.051246032889203,20.5,21.5
1466.0,20.92582160877827,21.02007189616477,-8.08435501030937,21.0,1,-0.020071896164768788,20.537207243946664,20.5,21.5
1467.0,20.940019573454453,21.052911497233627,-8.083854201075361,21.0,1,-0.05291149723362665,21.381307507922205,20.5,21.5
1468.0,20.954214798699546,21.1119334915065,-8.083354851069734,21.0,0,-0.11193349150649823,21.702153434235214,20.5,21.5
1469.0,20.94840728476959,21.11955629707874,-8.082856960672762,21.0,0,-0.11955629707874138,21.195784352801173,20.5,21.5
1470.0,20.942601031920503,21.106939617380114,-8.082360530263614,21.0,0,-0.10693961738011382,20.980772820393838,20.5,21.5
1471.0,20.936796039608065,21.141872923369213,-8.08186556022034,21.0,0,-0.1418729233692133,21.49120598326021,20.5,21.5
1472.0,20.9309923072881,21.172075608327695,-8.081372050919885,21.0,0,-0.1720756083276953,21.474102457912515,20.5,21.5
1473.0,20.925189834416457,21.24979075455327,-8.080880002738075,21.0,0,-0.2497907545532705,22.026942216809022,20.5,21.5
1474.0,20.919388620449027,21.240939910196126,-8.080389416049627,21.0,0,-0.2409399101961256,21.152431466624677,20.5,21.5
1475.0,20.913588664841726,21.282455397575166,-8.079900291228142,21.0,0,-0.28245539757516624,21.697610271365573,20.5,21.5
1476.0,20.907789967050512,21.33227883319707,-8.079412628646114,21.0,0,-0.3322788331970692,21.8305131894161,20.5,21.5
1477.0,20.901992526531373,21.319150931989444,-8.078926428674915,21.0,0,-0.31915093198944433,21.187871919913196,20.5,21.5
1478.0,20.896196342740332,21.246490216807825,-8.078441691684812,21.0,0,-0.24649021680782468,20.519883064991628,20.5,21.5
1479.0,20.890401415133447,21.346991596201768,-8.077958418044949,21.0,0,-0.346991596201768,22.3520053901412,20.5,21.5
1480.0,20.88460774316681,21.393193491913216,-8.077476608123362,21.0,0,-0.39319349191321606,21.855212449027697,20.5,21.5
1481.0,20.878815326296554,21.350612730015968,-8.07699626228697,21.0,0,-0.3506127300159676,20.924805111043483,20.5,21.5
1482.0,20.873024163978837,21.29382669353074,-8.076517380901578,21.0,0,-0.29382669353073965,20.72596632867846,20.5,21.5
1483.0,20.86723425566986,21.320306769917373,-8.076039964331873,21.0,0,-0.32030676991737295,21.585107533783706,20.5,21.5
1484.0,20.86144560082586,21.200561984970467,-8.07556401294143,21.0,1,-0.2005619849704665,20.003114135501402,20.5,21.5
1485.0,20.875658198903107,21.169266628950254,-8.075089527092706,21.0,1,-0.16926662895025402,20.85631306874813,20.5,21.5
1486.0,20.889868049357908,21.16895885942889,-8.074616507147041,21.0,1,-0.16895885942889066,21.165881164215257,20.5,21.5
1487.0,20.904075152446605,21.27420953153053,-8.074144953464666,21.0,0,-0.2742095315305306,22.32671625254693,20.5,21.5
1488.0,20.89827950842542,21.262400984888142,-8.073674866404684,21.0,0,-0.2624009848881421,21.144315518464257,20.5,21.5
1489.0,20.892485117550457,21.232182005169,-8.073206246325089,21.0,0,-0.23218200516900112,20.92999220797759,20.5,21.5
1490.0,20.886691979277682,21.2438405605617,-8.072739093582754,21.0,0,-0.24384056056170067,21.360426114488696,20.5,21.5
1491.0,20.88090009306311,21.23566889642463,-8.072273408533437,21.0,0,-0.23566889642463096,21.153952255053934,20.5,21.5
1492.0,20.875109458362793,21.202000771977637,-8.07180919153178,21.0,0,-0.20200077197763733,20.8653195275077,20.5,21.5
1493.0,20.869320074632814,21.166668349994033,-8.0713464429313,21.0,0,-0.16666834999403335,20.813344130157994,20.5,21.5
1494.0,20.863531941329303,21.20632916917996,-8.070885163084403,21.0,0,-0.20632916917995914,21.602937361039217,20.5,21.5
1495.0,20.85774505790842,21.207226719123387,-8.070425352342374,21.0,0,-0.20722671912338697,21.216202218557665,20.5,21.5
1496.0,20.851959423826372,21.23440326911456,-8.069967011055377,21.0,0,-0.23440326911455855,21.506168769026274,20.5,21.5
1497.0,20.846175038539396,21.180024774991885,-8.06951013957246,21.0,0,-0.1800247749918853,20.636239833765153,20.5,21.5
1498.0,20.840391901503775,21.226047099652256,-8.069054738241551,21.0,0,-0.22604709965225567,21.68627034625596,20.5,21.5
1499.0,20.834610012175826,21.238791042404294,-8.068600807409455,21.0,0,-0.23879104240429427,21.36623046992468,20.5,21.5
1500.0,20.82882937001191,21.169573231508597,6.931851652578136,21.0,1,-0.16957323150859693,20.477395122551624,20.5,21.5
1501.0,20.84604997446842,21.07519301490685,6.932302641376657,21.0,1,-0.07519301490685137,20.131390848889396,20.5,21.5
1502.0,20.863267225001803,21.09796505044091,6.932752158642659,21.0,1,-0.09796505044090864,21.32568540578148,20.5,21.5
1503.0,20.88048112198853,21.120574957732153,6.933200204033815,21.0,1,-0.12057495773215265,21.346674030644593,20.5,21.5
1504.0,20.89769166580494,21.183311430634735,6.933646777208919,21.0,0,-0.18331143063473476,21.810676159660556,20.5,21.5
1505.0,20.89489885682722,21.189828461607398,6.934091877827886,21.0,0,-0.18982846160739797,21.25499877133403,20.5,21.5
1506.0,20.89210669543142,21.18203659314201,6.934535505551754,21.0,0,-0.18203659314200848,21.104117908488114,20.5,21.5
1507.0,20.889315181193442,21.25549071342207,6.934977660042679,21.0,0,-0.25549071342206986,21.990031916222684,20.5,21.5
1508.0,20.88652431368921,21.226559462259637,6.935418340963942,21.0,0,-0.22655946225963675,20.937246950635306,20.5,21.5
1509.0,20.883734092494667,21.158318048882556,6.935857547979946,21.0,1,-0.15831804888255618,20.47590391511175,20.5,21.5
1510.0,20.900944517185764,21.22769971619217,6.936295280756216,21.0,0,-0.2276997161921699,21.921516389288307,20.5,21.5
1511.0,20.89815158733848,21.340401102957138,6.936731538959397,21.0,0,-0.3404011029571379,22.467414970606818,20.5,21.5
1512.0,20.895359303328803,21.23920141432523,6.937166322257262,21.0,1,-0.23920141432522968,20.227204528006148,20.5,21.5
1513.0,20.912567664732588,21.215544237676873,6.9375996303187035,21.0,1,-0.21554423767687325,20.97897247119331,20.5,21.5
1514.0,20.929772671125704,21.250089532273687,6.938031462813739,21.0,0,-0.25008953227368735,21.59554247824183,20.5,21.5
1515.0,20.926974322884043,21.20235600083113,6.938461819413509,21.0,0,-0.2023560008311307,20.725020686405564,20.5,21.5
1516.0,20.92417662038335,21.1694351260579,6.938890699790278,21.0,0,-0.16943512605789834,20.840226378325575,20.5,21.5
1517.0,20.92137956319923,21.23556070108215,6.939318103617435,21.0,0,-0.2355607010821501,21.896816451324668,20.5,21.5
1518.0,20.918583150907313,21.261689065722454,6.939744030569494,21.0,0,-0.26168906572245376,21.52297271212549,20.5,21.5
1519.0,20.915787383083245,21.20128166507748,6.940168480322091,21.0,0,-0.2012816650774809,20.597207658627752,20.5,21.5
1520.0,20.912992259302694,21.235401511485186,6.940591452551993,21.0,0,-0.23540151148518618,21.57659997556224,20.5,21.5
1521.0,20.910197779141345,21.224486463710683,6.941012946937085,21.0,0,-0.22448646371068293,21.11533598596565,20.5,21.5
1522.0,20.907403942174906,21.13327609115145,6.941432963156382,21.0,1,-0.13327609115145123,20.221172365559134,20.5,21.5
1523.0,20.924610747979102,21.115338721969106,6.941851500890023,21.0,1,-0.11533872196910622,20.935965030145656,20.5,21.5
1524.0,20.941814196129684,21.247625779110457,6.942268559819272,21.0,0,-0.24762577911045724,22.570496350523968,20.5,21.5
1525.0,20.939014287002422,21.287942525880226,6.942684139626523,21.0,0,-0.28794252588022573,21.69110999357791,20.5,21.5
1526.0,20.93621502097295,21.31062693922769,6.943098239995292,21.0,0,-0.3106269392276886,21.537471072702317,20.5,21.5
1527.0,20.933416397616753,21.347769824228862,6.943510860610225,21.0,0,-0.3477698242288625,21.7191986742406,20.5,21.5
1528.0,20.93061841650935,21.424636303417888,6.943922001157093,21.0,0,-0.4246363034178877,22.19330109530814,20.5,21.5
1529.0,20.92782107722628,21.333956377014673,6.944331661322793,21.0,1,-0.3339563770146725,20.42715711298252,20.5,21.5
1530.0,20.9450243793431,21.32079595730199,6.944739840795354,21.0,1,-0.3207959573019892,21.189191760175156,20.5,21.5
1531.0,20.96222432243539,21.253389914556788,6.945146539263926,21.0,1,-0.25338991455678794,20.579329487104776,20.5,21.5
1532.0,20.979420906878754,21.27624919639403,6.9455517564187925,21.0,0,-0.2762491963940299,21.50484201476645,20.5,21.5
1533.0,20.976614133048663,21.235147312631717,6.945955491951364,21.0,0,-0.2351473126317174,20.824128475008592,20.5,21.5
1534.0,20.973808001320442,21.34498146641216,6.9463577455541765,21.0,0,-0.3449814664121611,22.443323004216598,20.5,21.5
1535.0,20.97100251126929,21.326863138150102,6.946758516920897,21.0,0,-0.3268631381501024,21.145679855529515,20.5,21.5
1536.0,20.96819766247042,21.328940632517995,6.94715780574632,21.0,0,-0.32894063251799466,21.349715576196918,20.5,21.5
1537.0,20.965393454499075,21.374214547008002,6.947555611726371,21.0,0,-0.37421454700800183,21.826953691908074,20.5,21.5
1538.0,20.96258988693052,21.44545757605074,6.947951934558104,21.0,0,-0.4454575760507389,22.15788786647811,20.5,21.5
1539.0,20.959786959340047,21.371409068086752,6.948346773939699,21.0,0,-0.3714090680867521,20.630923988446884,20.5,21.5
1540.0,20.956984671302965,21.278892129238173,6.948740129570471,21.0,1,-0.27889212923817297,20.35372274075238,20.5,21.5
1541.0,20.97418302239462,21.3221005304994,6.949132001150861,21.0,0,-0.32210053049940157,21.754184543111688,20.5,21.5
1542.0,20.97137801219037,21.26624470357927,6.9495223883824435,21.0,0,-0.26624470357927166,20.707686434377973,20.5,21.5
1543.0,20.96857364106561,21.24485082358168,6.94991129096792,21.0,0,-0.24485082358167887,21.03091202360575,20.5,21.5
1544.0,20.96576990859559,21.290981965303097,6.950298708611126,21.0,0,-0.2909819653030965,21.752293382517273,20.5,21.5
1545.0,20.962966814355593,21.356435137354396,6.950684641017025,21.0,0,-0.3564351373543957,22.010966857867388,20.5,21.5
1546.0,20.960164357920924,21.374583320630656,6.951069087891713,21.0,0,-0.3745833206306557,21.556065153393256,20.5,21.5
1547.0,20.957362538866917,21.367794915803042,6.951452048942417,21.0,0,-0.36779491580304224,21.299910867526908,20.5,21.5
1548.0,20.95456135676893,21.27101362507171,6.951833523877495,21.0,1,-0.2710136250717099,20.303200717758386,20.5,21.5
1549.0,20.97176081120235,21.226138153290883,6.952213512406438,21.0,1,-0.22613815329088283,20.777383435482612,20.5,21.5
1550.0,20.988956901742593,21.22348764805195,6.952592014239867,21.0,1,-0.22348764805195032,21.196982595662625,20.5,21.5
1551.0,21.006149628765094,21.185550771571748,6.952969029089537,21.0,1,-0.18555077157174793,20.806182006769724,20.5,21.5
1552.0,21.023338992645158,21.210575464926798,6.953344556668336,21.0,1,-0.2105754649267979,21.460822398477298,20.5,21.5
1553.0,21.040524993757963,21.324807086266446,6.9537185966902815,21.0,0,-0.3248070862664463,22.46712329966293,20.5,21.5
1554.0,21.03770763247855,21.32295594226036,6.954091148870527,21.0,0,-0.32295594226036073,21.304444502199505,20.5,21.5
1555.0,21.03489090918183,21.309405891480722,6.954462212925358,21.0,0,-0.30940589148072206,21.173905383684335,20.5,21.5
1556.0,21.032074823442578,21.396377314149774,6.954831788572192,21.0,0,-0.39637731414977395,22.266091540840293,20.5,21.5
1557.0,21.029259374835604,21.394102206650793,6.955199875529582,21.0,0,-0.39410220665079265,21.37135113166098,20.5,21.5
1558.0,21.026444562935744,21.3211375570388,6.955566473517212,21.0,0,-0.3211375570387993,20.591491060918866,20.5,21.5
1559.0,21.02363038731786,21.366899471589452,6.9559315822559045,21.0,0,-0.366899471589452,21.82451861709598,20.5,21.5
1560.0,21.020816847556848,21.481860400214774,6.956295201467611,21.0,0,-0.4818604002147744,22.631469686467998,20.5,21.5
1561.0,21.01800394322763,21.4145954339556,6.956657330875421,21.0,0,-0.4145954339556006,20.741945771363863,20.5,21.5
1562.0,21.01519167390516,21.448206411995663,6.957017970203557,21.0,0,-0.44820641199566325,21.78431619239629,20.5,21.5
1563.0,21.01238003916442,21.475406556090878,6.957377119177376,21.0,0,-0.4754065560908778,21.747407997043023,20.5,21.5
1564.0,21.009569038580423,21.454861031770754,6.95773477752337,21.0,0,-0.4548610317707542,21.24940578856952,20.5,21.5
1565.0,21.00675867172821,21.337669472374465,6.958090944969168,21.0,1,-0.3376694723744649,20.16575387841157,20.5,21.5
1566.0,21.02394893818286,21.380560207490927,6.9584456212435315,21.0,0,-0.38056020749092667,21.809467558655545,20.5,21.5
1567.0,21.02113583751947,21.32043112914684,6.95879880607636,21.0,0,-0.32043112914684,20.719140345705974,20.5,21.5
1568.0,21.01832337011318,21.243073221501525,6.959150499198688,21.0,1,-0.24307322150152544,20.46949414504838,20.5,21.5
1569.0,21.035511535538998,21.158911364504128,6.959500700342685,21.0,1,-0.15891136450412802,20.317292794530154,20.5,21.5
1570.0,21.05269633337196,21.175235479183556,6.959849409241659,21.0,1,-0.17523547918355575,21.338476625977833,20.5,21.5
1571.0,21.069877763987133,21.193568969889828,6.9601966256300525,21.0,1,-0.19356896988982797,21.37690387695255,20.5,21.5
1572.0,21.08705582775946,21.224968542767304,6.960542349243443,21.0,0,-0.2249685427673036,21.53896427154206,20.5,21.5
1573.0,21.084230525063756,21.30604271795365,6.960886579818551,21.0,0,-0.30604271795364824,22.116784469817095,20.5,21.5
1574.0,21.081405856274706,21.40332304155915,6.961229317093226,21.0,0,-0.4033230415591511,22.37612627761418,20.5,21.5
1575.0,21.07858182096687,21.438245892537,6.961570560806461,21.0,0,-0.43824589253700097,21.7874744023155,20.5,21.5
1576.0,21.075758418714837,21.35538217741891,6.961910310698383,21.0,0,-0.3553821774189103,20.526745026238004,20.5,21.5
1577.0,21.072935649093235,21.357881079296615,6.962248566510258,21.0,0,-0.3578810792966145,21.382870098073656,20.5,21.5
1578.0,21.07011351167672,21.30550489835225,6.96258532798449,21.0,0,-0.30550489835225036,20.78174308890861,20.5,21.5
1579.0,21.06729200603998,21.32941778819915,6.96292059486462,21.0,0,-0.3294177881991516,21.568546686668164,20.5,21.5
1580.0,21.064471131757745,21.358892826699776,6.9632543668953275,21.0,0,-0.3588928266997762,21.653643211706022,20.5,21.5
1581.0,21.061650888404774,21.45559292290104,6.963586643822431,21.0,0,-0.45559292290104025,22.42259388491368,20.5,21.5
1582.0,21.058831275555857,21.490068554706166,6.9639174253928875,21.0,0,-0.4900685547061663,21.834824872757427,20.5,21.5
1583.0,21.056012292785823,21.54577791020041,6.964246711354791,21.0,0,-0.5457779102004103,22.10287146514285,20.5,21.5
1584.0,21.053193939669537,21.531883183125935,6.964574501457378,21.0,0,-0.5318831831259345,21.392935912381176,20.5,21.5
1585.0,21.050376215781895,21.477099726328483,6.964900795451019,21.0,0,-0.47709972632848263,20.929265158353964,20.5,21.5
1586.0,21.04755912069783,21.460800479852043,6.96522559308723,21.0,0,-0.4608004798520433,21.29780801508765,20.5,21.5
1587.0,21.04474265399231,21.4068774179466,6.965548894118663,21.0,0,-0.4068774179465997,20.867646798892164,20.5,21.5
1588.0,21.041926815240334,21.39760474855594,6.965870698299108,21.0,0,-0.3976047485559384,21.304878054649325,20.5,21.5
1589.0,21.039111604016945,21.35307986651099,6.9661910053835,21.0,0,-0.35307986651098844,20.90783104606149,20.5,21.5
1590.0,21.03629701989722,21.32383153677803,6.966509815127909,21.0,0,-0.3238315367780302,21.031348239448448,20.5,21.5
1591.0,21.033483062456266,21.28172002042786,6.966827127289549,21.0,0,-0.2817200204278585,20.86060485692614,20.5,21.5
1592.0,21.03066973126923,21.240877791566113,6.967142941626772,21.0,0,-0.24087779156611333,20.83245550294866,20.5,21.5
1593.0,21.027857025911302,21.16749889183874,6.967457257899071,21.0,1,-0.1674988918387399,20.433709894565006,20.5,21.5
1594.0,21.0450449459577,21.216460063418246,6.967770075867083,21.0,0,-0.2164600634182463,21.70607177921331,20.5,21.5
1595.0,21.04222949098368,21.24941443908896,6.9680813952925815,21.0,0,-0.24941443908895877,21.578958195796083,20.5,21.5
1596.0,21.039414661364543,21.244502228627407,6.9683912159384835,21.0,0,-0.24450222862740745,21.195380124011894,20.5,21.5
1597.0,21.03660045667546,21.3741618208517,6.968699537568848,21.0,0,-0.37416182085170036,22.67075774309463,20.5,21.5
1598.0,21.033786876491636,21.471558575863334,6.969006359948873,21.0,0,-0.47155857586333383,22.44552612597967,20.5,21.5
1599.0,21.030973920388327,21.375326668431455,6.969311682844902,21.0,1,-0.37532666843145535,20.41300759411267,20.5,21.5
1600.0,21.048161587940818,21.314926336408305,6.969615506024416,21.0,1,-0.3149263364083055,20.710923016176807,20.5,21.5
1601.0,21.065345878724436,21.35950034671458,6.969917829256042,21.0,0,-0.3595003467145794,21.80524044977732,20.5,21.5
1602.0,21.062526793114543,21.323018265102707,6.970218652309548,21.0,0,-0.32301826510270715,20.958197448983984,20.5,21.5
1603.0,21.059708331486384,21.273230778972753,6.970517974955843,21.0,0,-0.27323077897275283,20.77535591767321,20.5,21.5
1604.0,21.05689049341508,21.26610919446133,6.97081579696698,21.0,0,-0.26610919446132897,21.19489334934709,20.5,21.5
1605.0,21.05407327847579,21.3124874647772,6.971112118116156,21.0,0,-0.3124874647771989,21.7762701679359,20.5,21.5
1606.0,21.05125668624372,21.25874203054659,6.971406938177707,21.0,0,-0.25874203054658906,20.72128768824049,20.5,21.5
1607.0,21.048440716294106,21.235268194885204,6.971700256927117,21.0,0,-0.23526819488520445,21.00052983827136,20.5,21.5
1608.0,21.045625368202234,21.23923503544295,6.97199207414101,21.0,0,-0.23923503544294888,21.278903441020393,20.5,21.5
1609.0,21.042810641543422,21.290788369351002,6.972282389597154,21.0,0,-0.2907883693510023,21.806321708431536,20.5,21.5
1610.0,21.03999653589303,21.3083983847984,6.972571203074462,21.0,0,-0.30839838479840154,21.484498539272394,20.5,21.5
1611.0,21.037183050826467,21.29388667359579,6.972858514352991,21.0,0,-0.29388667359578946,21.14876956156967,20.5,21.5
1612.0,21.034370185919173,21.29377132364228,6.973144323213939,21.0,0,-0.29377132364227876,21.29261782410717,20.5,21.5
1613.0,21.03155794074663,21.273331520658083,6.973428629439651,21.0,0,-0.27333152065808264,21.06893349081612,20.5,21.5
1614.0,21.02874631488437,21.289137709589966,6.973711432813614,21.0,0,-0.28913770958996565,21.447199598908796,20.5,21.5
1615.0,21.025935307907954,21.223978010638678,6.973992733120464,21.0,0,-0.22397801063867817,20.572381021125803,20.5,21.5
1616.0,21.023124919392995,21.251205712589808,6.974272530145976,21.0,0,-0.25120571258980817,21.523482732101108,20.5,21.5
1617.0,21.020315148915145,21.29208652522012,6.974550823677073,21.0,0,-0.292086525220121,21.70089465152325,20.5,21.5
1618.0,21.017505996050097,21.28912222618814,6.974827613501823,21.0,0,-0.289122226188141,21.25947923586834,20.5,21.5
1619.0,21.014697460373586,21.241950436947064,6.975102899409437,21.0,0,-0.24195043694706442,20.7702325445363,20.5,21.5
1620.0,21.011889541461393,21.32815477896828,6.9753766811902755,21.0,0,-0.3281547789682797,22.190198199180433,20.5,21.5
1621.0,21.009082238889338,21.353362434949236,6.975648958635839,21.0,0,-0.35336243494923636,21.605438994758803,20.5,21.5
1622.0,21.006275552233287,21.32141245927403,6.975919731538778,21.0,0,-0.32141245927402906,21.001912702521956,20.5,21.5
1623.0,21.00346948106915,21.40572975933849,6.976188999692887,21.0,0,-0.40572975933849165,22.248902759983118,20.5,21.5
1624.0,21.000664024972874,21.497634771719767,6.976456762893106,21.0,0,-0.4976347717197669,22.41668489553252,20.5,21.5
1625.0,20.997859183520458,21.45803344825101,6.9767230209355215,21.0,0,-0.4580334482510082,21.06202021356342,20.5,21.5
1626.0,20.99505495628794,21.416202319967127,6.976987773617367,21.0,0,-0.41620231996712675,20.997891037128312,20.5,21.5
1627.0,20.992251342851407,21.342714661062498,6.977251020737022,21.0,0,-0.34271466106249804,20.60783807201621,20.5,21.5
1628.0,20.989448342786986,21.219393693685355,6.977512762094012,21.0,1,-0.21939369368535466,19.98618401991392,20.5,21.5
1629.0,21.006645955670848,21.11245388756644,6.977772997489009,21.0,1,-0.11245388756643848,20.043055826377277,20.5,21.5
1630.0,21.023840181079212,21.169932979672893,6.978031726723834,21.0,0,-0.16993297967289323,21.74472390073744,20.5,21.5
1631.0,21.021031019388342,21.216347067269083,6.978288949601452,21.0,0,-0.21634706726908348,21.680487943230986,20.5,21.5
1632.0,21.018222470974386,21.296936994099006,6.978544665925977,21.0,0,-0.2969369940990063,22.102836262398235,20.5,21.5
1633.0,21.015414535413377,21.30700132576622,6.97879887550267,21.0,0,-0.30700132576621897,21.407644642438346,20.5,21.5
1634.0,21.012607212281395,21.35455722652995,6.9790515781379385,21.0,0,-0.35455722652994837,21.830116234167242,20.5,21.5
1635.0,21.009800501154565,21.315823376544287,6.979302773639341,21.0,0,-0.31582337654428727,20.928484876687676,20.5,21.5
1636.0,21.006994401609063,21.236670758934117,6.979552461815578,21.0,1,-0.2366707589341175,20.44514458283242,20.5,21.5
1637.0,21.024188913221103,21.26297871088264,6.979800642476503,21.0,0,-0.26297871088263847,21.52605823036785,20.5,21.5
1638.0,21.021380035566953,21.314169541735424,6.980047315433115,21.0,0,-0.3141695417354242,21.82607785026328,20.5,21.5
1639.0,21.018571769022927,21.390489156560427,6.980292480497562,21.0,0,-0.3904891565604274,22.15368530481046,20.5,21.5
1640.0,21.015764113165222,21.45048737764682,6.98053613748314,21.0,0,-0.45048737764681945,22.05046958851074,20.5,21.5
1641.0,21.012957067570085,21.530526925554117,6.980778286204295,21.0,0,-0.530526925554117,22.330922404627092,20.5,21.5
1642.0,21.01015063181381,21.392697296177282,6.981018926476618,21.0,1,-0.3926972961772819,20.01440100240893,20.5,21.5
1643.0,21.027344805472744,21.38705369767071,6.981258058116851,21.0,1,-0.38705369767070863,21.330617712604976,20.5,21.5
1644.0,21.044535588123274,21.344257719249597,6.981495680942887,21.0,1,-0.34425771924959747,20.916297935038486,20.5,21.5
1645.0,21.061722980141838,21.28531077806846,6.981731794773765,21.0,1,-0.2853107780684603,20.69584136625709,20.5,21.5
1646.0,21.078906981904765,21.26252543592049,6.981966399429672,21.0,1,-0.26252543592049093,21.034672014440797,20.5,21.5
1647.0,21.09608759378827,21.33961831304409,6.982199494731949,21.0,0,-0.33961831304409174,22.1105470842801,20.5,21.5
1648.0,21.093264816168457,21.300585197781878,6.982431080503083,21.0,0,-0.30058519778187787,20.91025404515974,20.5,21.5
1649.0,21.090442649421323,21.281893905950575,6.982661156566712,21.0,0,-0.2818939059505752,21.09498098763755,20.5,21.5
1650.0,21.087621093122753,21.202174748746263,6.982889722747621,21.0,1,-0.20217474874626262,20.404983176703137,20.5,21.5
1651.0,21.104800146848678,21.262136916287442,6.983116778871748,21.0,0,-0.2621369162874423,21.86175859169924,20.5,21.5
1652.0,21.101975810175084,21.289900366463097,6.9833423247661806,21.0,0,-0.28990036646309747,21.56753486821965,20.5,21.5
1653.0,21.099152083478003,21.330969813658374,6.983566360259156,21.0,0,-0.3309698136583741,21.74166428561114,20.5,21.5
1654.0,21.09632896633336,21.348115226975025,6.98378888518006,21.0,0,-0.3481152269750254,21.51956936014154,20.5,21.5
1655.0,21.09350645831713,21.465763172184875,6.98400989935943,21.0,0,-0.4657631721848752,22.642242624283373,20.5,21.5
1656.0,21.09068455900534,21.382295547085647,6.984229402628955,21.0,0,-0.38229554708564706,20.547619296093366,20.5,21.5
1657.0,21.087863267974065,21.338690924605164,6.9844473948214745,21.0,0,-0.3386909246051637,20.90264469980033,20.5,21.5
1658.0,21.085042584799435,21.37827266526015,6.984663875770977,21.0,0,-0.37827266526014824,21.774090071809994,20.5,21.5
1659.0,21.08222250905763,21.302927437397948,6.984878845312603,21.0,0,-0.3029274373979476,20.54947515877594,20.5,21.5
1660.0,21.07940304032488,21.295151519519955,6.985092303282644,21.0,0,-0.2951515195199548,21.217392340740027,20.5,21.5
1661.0,21.076584178177473,21.41928119560415,6.985304249518542,21.0,0,-0.41928119560414956,22.660577956446097,20.5,21.5
1662.0,21.07376592219174,21.49522019762238,6.9855146838588915,21.0,0,-0.49522019762238045,22.25461021780469,20.5,21.5
1663.0,21.070948271944072,21.46964392822506,6.985723606143436,21.0,0,-0.46964392822506085,21.213881234251865,20.5,21.5
1664.0,21.068131227010912,21.537138503564428,6.985931016213074,21.0,0,-0.537138503564428,22.2120842569581,20.5,21.5
1665.0,21.065314786968752,21.49364746882021,6.986136913909853,21.0,0,-0.4936474688202104,21.058737121378034,20.5,21.5
1666.0,21.06249895139414,21.423746104743998,6.986341299076972,21.0,0,-0.4237461047439979,20.724732463981873,20.5,21.5
1667.0,21.059683719863678,21.40210391926027,6.986544171558784,21.0,0,-0.40210391926027,21.18568206442299,20.5,21.5
1668.0,21.056869091954017,21.382571420796836,6.986745531200793,21.0,0,-0.38257142079683604,21.187246436162496,20.5,21.5
1669.0,21.054055067241865,21.33298648915255,6.986945377849654,21.0,0,-0.3329864891525496,20.837137172709685,20.5,21.5
1670.0,21.051241645303985,21.367462138689014,6.987143711353175,21.0,0,-0.3674621386890138,21.712218634053656,20.5,21.5
1671.0,21.048428825717195,21.34182645433915,6.987340531560317,21.0,0,-0.3418264543391487,21.085469610840498,20.5,21.5
1672.0,21.045616608058364,21.316431147945845,6.987535838321193,21.0,0,-0.3164311479458455,21.062478084012813,20.5,21.5
1673.0,21.042804991904415,21.302892335233935,6.987729631487067,21.0,0,-0.3028923352339348,21.167504208114828,20.5,21.5
1674.0,21.03999397683233,21.294068697295863,6.98792191091036,21.0,0,-0.29406869729586305,21.205832317915146,20.5,21.5
1675.0,21.03718356241915,21.274953147913795,6.988112676444639,21.0,0,-0.274953147913795,21.083797654093114,20.5,21.5
1676.0,21.034373748241954,21.301677054773403,6.988301927944631,21.0,0,-0.30167705477340334,21.568916123369487,20.5,21.5
1677.0,21.031564533877894,21.27845486641418,6.9884896652662105,21.0,0,-0.2784548664141795,21.04623298282194,20.5,21.5
1678.0,21.02875591890417,21.303038338550675,6.9886758882664095,21.0,0,-0.3030383385506745,21.548873059915625,20.5,21.5
1679.0,21.025947902898043,21.33769546774832,6.988860596803409,21.0,0,-0.3376954677483184,21.684266759724757,20.5,21.5
1680.0,21.023140485436823,21.339685916107054,6.989043790736547,21.0,0,-0.33968591610705445,21.359590399694415,20.5,21.5
1681.0,21.020333666097883,21.29190224784842,6.989225469926312,21.0,0,-0.29190224784841945,20.81406556526207,20.5,21.5
1682.0,21.01752744445865,21.20061686910406,6.989405634234348,21.0,1,-0.20061686910405996,20.287763081660465,20.5,21.5
1683.0,21.034721820096607,21.167574427611132,6.9895842835234525,21.0,1,-0.1675744276111324,20.837150012681857,20.5,21.5
1684.0,21.05191279258929,21.127155845436427,6.989761417657577,21.0,1,-0.12715584543642677,20.72297002368937,20.5,21.5
1685.0,21.069100362314305,21.070140354058903,6.989937036501823,21.0,1,-0.0701403540589034,20.49998544028367,20.5,21.5
1686.0,21.08628452964914,21.148709426458872,6.990111139922453,21.0,0,-0.14870942645887197,21.934400150458558,20.5,21.5
1687.0,21.083465294971194,21.26239283751685,6.990283727786877,21.0,0,-0.26239283751684894,22.39922694809662,20.5,21.5
1688.0,21.08064665865776,21.32814137110842,6.990454799963662,21.0,0,-0.3281413711084191,21.98562670702412,20.5,21.5
1689.0,21.07782862028602,21.40553652227893,6.990624356322531,21.0,0,-0.4055365222789291,22.17948803398403,20.5,21.5
1690.0,21.07501117943323,21.44828043312014,6.990792396734357,21.0,0,-0.4482804331201393,21.87571954153224,20.5,21.5
1691.0,21.072194335676688,21.449545180902838,6.990958921071172,21.0,0,-0.4495451809028381,21.462192658729826,20.5,21.5
1692.0,21.069378088593766,21.43908940434419,6.99112392920616,21.0,0,-0.4390894043441911,21.33453163875772,20.5,21.5
1693.0,21.06656243776189,21.46636641116076,6.991287421013659,21.0,0,-0.4663664111607595,21.739136479326444,20.5,21.5
1694.0,21.06374738275854,21.447327134746757,6.991449396369164,21.0,0,-0.44732713474675734,21.256934370606736,20.5,21.5
1695.0,21.06093292316126,21.481912471428036,6.991609855149323,21.0,0,-0.4819124714280356,21.82776583824082,20.5,21.5
1696.0,21.058119058547657,21.42548816230567,6.9917687972319404,21.0,0,-0.425488162305669,20.861245071082003,20.5,21.5
1697.0,21.055305788495392,21.424127848700277,6.991926222495975,21.0,0,-0.42412784870027664,21.410524712646353,20.5,21.5
1698.0,21.05249311258219,21.40393036387578,6.992082130821539,21.0,0,-0.4039303638757801,21.201955515630814,20.5,21.5
1699.0,21.049681030385837,21.456191678117495,6.992236522089903,21.0,0,-0.45619167811749506,21.978804820534645,20.5,21.5
1700.0,21.046869541484178,21.43321042792858,6.992389396183491,21.0,0,-0.43321042792857867,21.203397926039415,20.5,21.5
1701.0,21.044058645455117,21.42415074233879,6.9925407529858825,21.0,0,-0.4241507423387887,21.33355388644089,20.5,21.5
1702.0,21.041248341876624,21.39045114758395,6.992690592381813,21.0,0,-0.39045114758394917,21.053455200035554,20.5,21.5
1703.0,21.038438630326727,21.3883307796445,6.992838914257173,21.0,0,-0.3883307796445017,21.367127100250027,20.5,21.5
1704.0,21.03562951038351,21.382951390901194,6.992985718499009,21.0,0,-0.38295139090119434,21.32915750346812,20.5,21.5
1705.0,21.032820981625136,21.366935719300905,6.993131004995523,21.0,0,-0.36693571930090485,21.20677900329801,20.5,21.5
1706.0,21.03001304362981,21.344372756114492,6.993274773636073,21.0,0,-0.3443727561144918,21.11874312425036,20.5,21.5
1707.0,21.027205695975812,21.361503701692858,6.9934170243111735,21.0,0,-0.3615037016928575,21.532813157476514,20.5,21.5
1708.0,21.02439893824148,21.374018224011458,6.9935577569124945,21.0,0,-0.3740182240114578,21.49916344719746,20.5,21.5
1709.0,21.021592770005213,21.28544830805988,6.993696971332861,21.0,1,-0.2854483080598804,20.399749148544107,20.5,21.5
1710.0,21.03878719084548,21.289172908735644,6.993834667466256,21.0,1,-0.28917290873564383,21.326418915493278,20.5,21.5
1711.0,21.055978200340803,21.32297550565742,6.9939708452078175,21.0,0,-0.3229755056574213,21.661001474875196,20.5,21.5
1712.0,21.053165798869777,21.31348657640255,6.994105504453841,21.0,0,-0.31348657640254984,21.218597283853835,20.5,21.5
1713.0,21.050353986810894,21.33685201638844,6.994238645101776,21.0,0,-0.3368520163884412,21.570506416247355,20.5,21.5
1714.0,21.047542763742552,21.401103463125764,6.994370267050232,21.0,0,-0.4011034631257644,22.043617930498996,20.5,21.5
1715.0,21.044732129243215,21.40863263407759,6.994500370198971,21.0,0,-0.4086326340775912,21.48392434359586,20.5,21.5
1716.0,21.041922082891407,21.387362692877648,6.994628954448916,21.0,0,-0.38736269287764813,21.174663280878217,20.5,21.5
1717.0,21.03911262426572,21.44992146006978,6.994756019702144,21.0,0,-0.4499214600697812,22.07550913199111,20.5,21.5
1718.0,21.036303752944807,21.379379042466724,6.994881565861888,21.0,0,-0.3793790424667236,20.673954866436148,20.5,21.5
1719.0,21.03349546850739,21.40568710941051,6.99500559283254,21.0,0,-0.4056871094105112,21.668767778848387,20.5,21.5
1720.0,21.030687770532253,21.468527031230934,6.995128100519649,21.0,0,-0.4685270312309342,22.096926249435164,20.5,21.5
1721.0,21.02788065859825,21.456484465373926,6.995249088829918,21.0,0,-0.45648446537392573,21.33605880680384,20.5,21.5
1722.0,21.025074132284296,21.419623409239666,6.995368557671211,21.0,0,-0.4196234092396658,21.051012847897066,20.5,21.5
1723.0,21.022268191169374,21.458782848851815,6.995486506952545,21.0,0,-0.45878284885181486,21.850377244973306,20.5,21.5
1724.0,21.01946283483253,21.328474774883503,6.9956029365841,21.0,1,-0.3284747748835031,20.025394035200385,20.5,21.5
1725.0,21.036658062852883,21.2913077651508,6.995717846477207,21.0,1,-0.29130776515080115,20.919637667823782,20.5,21.5
1726.0,21.053849874809607,21.331025555722952,6.995831236544358,21.0,0,-0.33102555572295245,21.728203461444465,20.5,21.5
1727.0,21.051038271081953,21.27252613325358,6.995943106699201,21.0,0,-0.27252613325358155,20.687531908559873,20.5,21.5
1728.0,21.048227252049077,21.239748102336744,6.996053456856544,21.0,0,-0.23974810233674404,20.91196779316837,20.5,21.5
1729.0,21.04541681729004,21.254096889672468,6.996162286932347,21.0,0,-0.2540968896724678,21.397584763029705,20.5,21.5
1730.0,21.042606966383968,21.26677408519996,6.996269596843733,21.0,0,-0.26677408519995893,21.39354604047487,20.5,21.5
1731.0,21.03979769891006,21.21441392349277,6.996375386508983,21.0,0,-0.21441392349277066,20.690812306420888,20.5,21.5
1732.0,21.03698901444758,21.278633986995093,6.996479655847531,21.0,0,-0.2786339869950929,21.920834622018315,20.5,21.5
1733.0,21.03418091257586,21.327035632158612,6.996582404779971,21.0,0,-0.3270356321586121,21.811052083793804,20.5,21.5
1734.0,21.0313733928743,21.38296783119486,6.996683633228057,21.0,0,-0.3829678311948612,21.942289821557353,20.5,21.5
1735.0,21.02856645492237,21.265467885099348,6.996783341114698,21.0,1,-0.2654678850993477,20.090468424144213,20.5,21.5
1736.0,21.04576009829961,21.288708770742176,6.9968815283639625,21.0,0,-0.2887087707421756,21.521117627170455,20.5,21.5
1737.0,21.04295032258562,21.25285153915859,6.996978194901076,21.0,0,-0.25285153915859127,20.894279223322748,20.5,21.5
1738.0,21.040141128160084,21.219373208692737,6.997073340652424,21.0,0,-0.2193732086927369,20.884589904034193,20.5,21.5
1739.0,21.037332514602582,21.22900348934377,6.9971669655455475,21.0,0,-0.22900348934377135,21.325306295854116,20.5,21.5
1740.0,21.03452448149277,21.337042668731037,6.9972590695091474,21.0,0,-0.33704266873103705,22.417434462603694,20.5,21.5
1741.0,21.031717028410373,21.303384551823,6.997349652473083,21.0,0,-0.30338455182300095,20.96680338274264,20.5,21.5
1742.0,21.028910154935186,21.372261791308894,6.997438714368372,21.0,0,-0.3722617913088939,22.061034186167824,20.5,21.5
1743.0,21.026103860647073,21.302884792571366,6.997526255127189,21.0,0,-0.3028847925713656,20.609114805196082,20.5,21.5
1744.0,21.02329814512597,21.3156600277806,6.997612274682868,21.0,0,-0.31566002778059854,21.443412379872928,20.5,21.5
1745.0,21.02049300795188,21.3129290844616,6.997696772969901,21.0,0,-0.31292908446160084,21.285619651271624,20.5,21.5
1746.0,21.017688448704885,21.315595201349787,6.99777974992394,21.0,0,-0.3155952013497867,21.342256370231645,20.5,21.5
1747.0,21.01488446696513,21.29067774335708,6.997861205481794,21.0,0,-0.2906777433570795,21.041503163430008,20.5,21.5
1748.0,21.01208106231283,21.318378603411695,6.997941139581429,21.0,0,-0.3183786034116949,21.59538720395785,20.5,21.5
1749.0,21.009278234328285,21.279845064323872,6.998019552161975,21.0,0,-0.27984506432387235,20.894509673445647,20.5,21.5
1750.0,21.00647598259185,21.24915418825275,6.998096443163716,21.0,0,-0.24915418825274926,20.94224542754152,20.5,21.5
1751.0,21.003674306683966,21.26457875138513,6.998171812528096,21.0,0,-0.2645787513851303,21.41882438270894,20.5,21.5
1752.0,21.000873206185133,21.196460863141837,6.998245660197717,21.0,0,-0.1964608631418372,20.515281980708906,20.5,21.5
1753.0,20.998072680675936,21.20498024962972,6.9983179861163425,21.0,0,-0.2049802496297204,21.290174114508552,20.5,21.5
1754.0,20.995272729737025,21.220382135319376,6.998388790228892,21.0,0,-0.220382135319376,21.374400992215932,20.5,21.5
1755.0,20.992473352949123,21.27129735831317,6.998458072481446,21.0,0,-0.2712973583131699,21.78044958825111,20.5,21.5
1756.0,20.989674549893028,21.243722966042828,6.998525832821242,21.0,0,-0.24372296604282795,20.967979043339408,20.5,21.5
1757.0,20.986876320149612,21.35746557312347,6.998592071196679,21.0,0,-0.35746557312346994,22.49489164392989,20.5,21.5
1758.0,20.984078663299822,21.350317664005455,6.998656787557312,21.0,0,-0.3503176640054555,21.27883857282531,20.5,21.5
1759.0,20.981281578924673,21.3369099303555,6.998719981853858,21.0,0,-0.33690993035549965,21.20283259385594,20.5,21.5
1760.0,20.97848506660526,21.320504385076852,6.998781654038192,21.0,0,-0.32050438507685186,21.156448932290374,20.5,21.5
1761.0,20.975689125922745,21.29813362191755,6.998841804063346,21.0,0,-0.29813362191755033,21.074425990324535,20.5,21.5
1762.0,20.972893756458372,21.26809999385162,6.998900431883515,21.0,0,-0.26809999385162087,20.967763713192326,20.5,21.5
1763.0,20.970098957793457,21.290516193834954,6.99895753745405,21.0,0,-0.29051619383495364,21.51467819366828,20.5,21.5
1764.0,20.96730472950939,21.333472694750732,6.999013120731464,21.0,0,-0.33347269475073205,21.763037703908516,20.5,21.5
1765.0,20.964511071187633,21.29200596419175,6.999067181673426,21.0,0,-0.2920059641917483,20.87733865860191,20.5,21.5
1766.0,20.96171798240973,21.397017518093254,6.9991197202387685,21.0,0,-0.3970175180932536,22.447133057108307,20.5,21.5
1767.0,20.958925462757296,21.3765837763566,6.999170736387479,21.0,0,-0.37658377635660045,21.17224635899007,20.5,21.5
1768.0,20.956133511812023,21.364682739645467,6.9992202300807085,21.0,0,-0.3646827396454668,21.24567237253413,20.5,21.5
1769.0,20.953342129155676,21.362895844566385,6.999268201280764,21.0,0,-0.3628958445663848,21.345026893775565,20.5,21.5
1770.0,20.950551314370102,21.4245823377268,6.999314649951114,21.0,0,-0.4245823377268003,22.041447269330956,20.5,21.5
1771.0,20.94776106703722,21.285614819385945,6.999359576056387,21.0,1,-0.2856148193859447,19.89593963597739,20.5,21.5
1772.0,20.964971386739023,21.20115869963069,6.999402979562366,21.0,1,-0.2011586996306889,20.35659750207813,20.5,21.5
1773.0,20.98217827305759,21.210016236717394,6.999444860436001,21.0,1,-0.21001623671739367,21.29859160758444,20.5,21.5
1774.0,20.999381726375063,21.264690683858525,6.999485218645397,21.0,0,-0.26469068385852523,21.81143515526984,20.5,21.5
1775.0,20.996581747073517,21.22633742662748,6.999524054159818,21.0,0,-0.2263374266274809,20.842804854317038,20.5,21.5
1776.0,20.993782335534934,21.37386432662695,6.999561366949691,21.0,0,-0.37386432662695057,22.849133326621647,20.5,21.5
1777.0,20.99098349134122,21.468365696855766,6.999597156986599,21.0,0,-0.46836569685576634,22.413379399143924,20.5,21.5
1778.0,20.98818521407435,21.503627507217026,6.999631424243288,21.0,0,-0.5036275072170255,21.856245610829617,20.5,21.5
1779.0,20.98538750331638,21.418893903939164,6.999664168693662,21.0,0,-0.41889390393916415,20.57155787116055,20.5,21.5
1780.0,20.982590358649457,21.418697757412666,6.999695390312782,21.0,0,-0.4186977574126658,21.416736292147682,20.5,21.5
1781.0,20.97979377965579,21.319085356923857,6.9997250890768745,21.0,1,-0.319085356923857,20.32296135203577,20.5,21.5
1782.0,20.996997765917673,21.318190676307673,6.999753264963321,21.0,1,-0.3181906763076725,21.309243870145828,20.5,21.5
1783.0,21.01419831701748,21.297461402745707,6.999779917950665,21.0,1,-0.2974614027457072,21.090168667126054,20.5,21.5
1784.0,21.031395433337668,21.310410498642096,6.999805048018608,21.0,1,-0.3104104986420957,21.43990145760598,20.5,21.5
1785.0,21.048589115260604,21.34502719932481,6.999828655148014,21.0,0,-0.34502719932481085,21.691194206151962,20.5,21.5
1786.0,21.04577936316858,21.418379186094178,6.9998507393209035,21.0,0,-0.4183791860941781,22.15189905378785,20.5,21.5
1787.0,21.042970177443813,21.423426324114285,6.99987130052046,21.0,0,-0.4234263241142848,21.473897704315352,20.5,21.5
1788.0,21.04016155766843,21.455068401102935,6.999890338731024,21.0,0,-0.45506840110293467,21.771489170989433,20.5,21.5
1789.0,21.037353503424644,21.497403052568124,6.9999078539380974,21.0,0,-0.49740305256812434,21.92074956722002,20.5,21.5
1790.0,21.034546014294747,21.562771165894596,6.999923846128342,21.0,0,-0.5627711658945955,22.216452299159307,20.5,21.5
1791.0,21.031739089861116,21.553739227571775,6.9999383152895795,21.0,0,-0.553739227571775,21.46341984434357,20.5,21.5
1792.0,21.028932729706202,21.502731982380062,6.999951261410789,21.0,0,-0.5027319823800624,20.992659530462937,20.5,21.5
1793.0,21.02612693341254,21.414987522265058,6.999962684482114,21.0,0,-0.41498752226505786,20.537542921115012,20.5,21.5
1794.0,21.023321700562754,21.391391185823586,6.999972584494854,21.0,0,-0.39139118582358634,21.15542782140887,20.5,21.5
1795.0,21.02051703073954,21.281489272699726,6.999980961441469,21.0,1,-0.28148927269972646,20.182470141461128,20.5,21.5
1796.0,21.03771292352568,21.28286836748898,6.999987815315581,21.0,1,-0.28286836748898025,21.29665931538152,20.5,21.5
1797.0,21.05490537850404,21.295196359701812,6.9999931461119695,21.0,1,-0.2951963597018121,21.41847628183013,20.5,21.5
1798.0,21.07209439605756,21.350416483357648,6.999996953826575,21.0,0,-0.3504164833576482,21.90261771991601,20.5,21.5
1799.0,21.069279976569117,21.208399749823364,6.999999238456499,21.0,1,-0.2083997498233643,19.788232414480525,20.5,21.5
1800.0,21.086466120421495,21.301399532554022,7.0,21.0,0,-0.3013995325540222,22.2313973598606,20.5,21.5
1801.0,21.08364882719741,21.261683290135167,6.999999238456499,21.0,0,-0.2616832901351671,20.864520865946616,20.5,21.5
1802.0,21.080832097279664,21.261517877733464,6.999996953826575,21.0,0,-0.26151787773346413,21.259863753716434,20.5,21.5
1803.0,21.078015930250974,21.211702619170914,6.9999931461119695,21.0,0,-0.21170261917091437,20.713550033545417,20.5,21.5
1804.0,21.075200325694144,21.332008856991806,6.999987815315581,21.0,0,-0.3320088569918056,22.535071235200718,20.5,21.5
1805.0,21.07238528319207,21.200853122735943,6.999980961441469,21.0,1,-0.2008531227359427,19.889295780177314,20.5,21.5
1806.0,21.08957080232772,21.27042834475831,6.999972584494854,21.0,0,-0.27042834475831157,21.966180564982,20.5,21.5
1807.0,21.086752882684156,21.270734462105207,6.999962684482114,21.0,0,-0.2707344621052066,21.273795635574157,20.5,21.5
1808.0,21.083935524644517,21.2900434390021,6.999951261410789,21.0,0,-0.29004343900210117,21.483133207971047,20.5,21.5
1809.0,21.08111872779187,21.29969765803626,6.9999383152895795,21.0,0,-0.2996976580362585,21.39623984837783,20.5,21.5
1810.0,21.07830249170937,21.363685023835277,6.999923846128342,21.0,0,-0.3636850238352771,22.003558681825464,20.5,21.5
1811.0,21.075486815980252,21.30463168784852,6.9999078539380974,21.0,0,-0.30463168784852,20.71409832798095,20.5,21.5
1812.0,21.072671700187843,21.340602900360402,6.999890338731024,21.0,0,-0.34060290036040186,21.70031502547922,20.5,21.5
1813.0,21.069857143915552,21.352819451187987,6.999871300520461,21.0,0,-0.35281945118798674,21.474984959463836,20.5,21.5
1814.0,21.067043146746872,21.33652554708591,6.9998507393209035,21.0,0,-0.336525547085909,21.17358650606513,20.5,21.5
1815.0,21.064229708265387,21.377615683643825,6.999828655148014,21.0,0,-0.3776156836438247,21.788517049222982,20.5,21.5
1816.0,21.061416828054764,21.453617007745418,6.999805048018608,21.0,0,-0.453617007745418,22.21363024876135,20.5,21.5
1817.0,21.058604505698757,21.409399809139423,6.999779917950665,21.0,0,-0.40939980913942264,20.96722782307947,20.5,21.5
1818.0,21.055792740781207,21.447464378143593,6.999753264963321,21.0,0,-0.44746437814359297,21.828110068185296,20.5,21.5
1819.0,21.052981532886044,21.477266353196775,6.9997250890768745,21.0,0,-0.47726635319677513,21.775286103728597,20.5,21.5
1820.0,21.050170881597282,21.490758938324642,6.999695390312782,21.0,0,-0.49075893832464246,21.625684789603316,20.5,21.5
1821.0,21.047360786499024,21.478545993612506,6.999664168693662,21.0,0,-0.4785459936125065,21.356416546491147,20.5,21.5
1822.0,21.044551247175463,21.44729085851167,6.999631424243288,21.0,0,-0.4472908585116713,21.13473950750332,20.5,21.5
1823.0,21.041742263210875,21.358413656987256,6.999597156986599,21.0,1,-0.35841365698725625,20.469641641743106,20.5,21.5
1824.0,21.05893383418963,21.348304635933737,6.999561366949691,21.0,1,-0.3483046359337365,21.24721442539854,20.5,21.5
1825.0,21.076121959696184,21.305066438458912,6.999524054159818,21.0,1,-0.3050664384589119,20.872684463710666,20.5,21.5
1826.0,21.093306640115077,21.229588147092237,6.999485218645397,21.0,1,-0.22958814709223674,20.474805233425485,20.5,21.5
1827.0,21.110487875830785,21.349623394031745,6.999444860436001,21.0,0,-0.34962339403174525,22.54997586342683,20.5,21.5
1828.0,21.107665667227707,21.375139953837174,6.999402979562366,21.0,0,-0.3751399538371736,21.630305551891457,20.5,21.5
1829.0,21.104844014690173,21.377383381164233,6.999359576056387,21.0,0,-0.37738338116423265,21.399817654434823,20.5,21.5
1830.0,21.102022917802447,21.35410101785116,6.999314649951114,21.0,0,-0.35410101785116055,21.12127738472044,20.5,21.5
1831.0,21.099202376148877,21.421638188096946,6.999268201280764,21.0,0,-0.42163818809694575,22.097009890554798,20.5,21.5
1832.0,21.096382389313902,21.34949181165151,6.9992202300807085,21.0,0,-0.3494918116515109,20.628028047197162,20.5,21.5
1833.0,21.093562956882057,21.41647257808169,6.999170736387479,21.0,0,-0.4164725780816916,22.0862802423835,20.5,21.5
1834.0,21.090744078437957,21.39889302024228,6.9991197202387685,21.0,0,-0.39889302024228,21.223097441848164,20.5,21.5
1835.0,21.087925753566317,21.34295589807098,6.999067181673426,21.0,0,-0.34295589807097926,20.78358467635797,20.5,21.5
1836.0,21.085107981851937,21.284043096480794,6.999013120731464,21.0,0,-0.2840430964807936,20.694915080578937,20.5,21.5
1837.0,21.082290762879712,21.251640932644936,6.99895753745405,21.0,0,-0.2516409326449356,20.927619294286355,20.5,21.5
1838.0,21.079474096234627,21.183524762798204,6.998900431883515,21.0,0,-0.1835247627982035,20.502363064330883,20.5,21.5
1839.0,21.076657981501757,21.269228540356625,6.998841804063346,21.0,0,-0.26922854035662525,22.126266315940843,20.5,21.5
1840.0,21.07384241826627,21.392132322202833,6.998781654038192,21.0,0,-0.39213232220283345,22.621170140664915,20.5,21.5
1841.0,21.071027406113426,21.428493877169956,6.998719981853858,21.0,0,-0.4284938771699558,21.79210942684118,20.5,21.5
1842.0,21.068212944628574,21.496303754357548,6.998656787557312,21.0,0,-0.49630375435754814,22.17440252623347,20.5,21.5
1843.0,21.06539903339716,21.508132875194885,6.998592071196679,21.0,0,-0.5081328751948853,21.626424083568256,20.5,21.5
1844.0,21.06258567200472,21.401506295277233,6.998525832821242,21.0,1,-0.40150629527723325,20.335240496100713,20.5,21.5
1845.0,21.079772860036883,21.334043329139167,6.998458072481446,21.0,1,-0.3340433291391669,20.659413667758503,20.5,21.5
1846.0,21.096956597079373,21.295306219269836,6.998388790228892,21.0,1,-0.29530621926983613,20.90793512057653,20.5,21.5
1847.0,21.114136883518004,21.32347518104236,6.9983179861163425,21.0,0,-0.3234751810423617,21.605164798767618,20.5,21.5
1848.0,21.111313719738522,21.322920531637813,6.998245660197717,21.0,0,-0.32292053163781276,21.317374037592323,20.5,21.5
1849.0,21.108491106126614,21.33096033800724,6.998171812528096,21.0,0,-0.330960338007241,21.411358401701523,20.5,21.5
1850.0,21.105669042267895,21.243578875318086,6.998096443163716,21.0,1,-0.24357887531808586,20.369764248426534,20.5,21.5
1851.0,21.122847527748075,21.355941900828117,6.998019552161975,21.0,0,-0.3559419008281175,22.479572155928434,20.5,21.5
1852.0,21.120022562152958,21.379531685908113,6.99794113958143,21.0,0,-0.3795316859081126,21.615429536708064,20.5,21.5
1853.0,21.117198145868443,21.407179617429996,6.997861205481794,21.0,0,-0.4071796174299962,21.683658932648832,20.5,21.5
1854.0,21.114374278480366,21.455509213515292,6.99777974992394,21.0,0,-0.45550921351529183,21.938805174368248,20.5,21.5
1855.0,21.111550959574654,21.60103623546997,6.997696772969901,21.0,0,-0.6010362354699694,23.056306455016745,20.5,21.5
1856.0,21.108728188737334,21.52496009725218,6.997612274682869,21.0,0,-0.5249600972521797,20.764198715074283,20.5,21.5
1857.0,21.105905965554523,21.422700938995852,6.997526255127189,21.0,1,-0.4227009389958525,20.40010935643258,20.5,21.5
1858.0,21.12308428961244,21.39764881953905,6.997438714368372,21.0,1,-0.3976488195390502,21.147127624971027,20.5,21.5
1859.0,21.14025916049739,21.42384542973202,6.997349652473083,21.0,0,-0.4238454297320189,21.685811531661706,20.5,21.5
1860.0,21.137430578595787,21.292944645057265,6.9972590695091474,21.0,1,-0.2929446450572648,19.983936798309724,20.5,21.5
1861.0,21.15460254429397,21.273506317310627,6.9971669655455475,21.0,1,-0.2735063173106269,21.079123039844248,20.5,21.5
1862.0,21.17177105717822,21.349175055801176,6.997073340652424,21.0,0,-0.3491750558011759,22.105862440706666,20.5,21.5
1863.0,21.168936117634914,21.428509612763534,6.996978194901076,21.0,0,-0.42850961276353416,22.221855182387117,20.5,21.5
1864.0,21.166101726050368,21.440282871190327,6.9968815283639625,21.0,0,-0.44028287119032683,21.558015455458253,20.5,21.5
1865.0,21.16326788201083,21.48315986234536,6.996783341114698,21.0,0,-0.4831598623453601,21.911929773895693,20.5,21.5
1866.0,21.160434585102653,21.53858184708497,6.996683633228057,21.0,0,-0.5385818470849699,22.092801694481068,20.5,21.5
1867.0,21.157601834912278,21.547992793110428,6.996582404779971,21.0,0,-0.5479927931104278,21.642102253365007,20.5,21.5
1868.0,21.15476963102625,21.59395822783915,6.996479655847531,21.0,0,-0.5939582278391491,22.053612575126362,20.5,21.5
1869.0,21.151937973031217,21.514023787206245,6.9963753865089835,21.0,0,-0.514023787206245,20.714679380877204,20.5,21.5
1870.0,21.14910686051391,21.559730793959023,6.996269596843734,21.0,0,-0.559730793959023,22.016800861486804,20.5,21.5
1871.0,21.146276293061177,21.559585756613785,6.996162286932347,21.0,0,-0.5595857566137852,21.558135383161407,20.5,21.5
1872.0,21.14344627025995,21.535122029598096,6.996053456856544,21.0,0,-0.5351220295980958,21.290484759441203,20.5,21.5
1873.0,21.14061679169727,21.387009318558263,6.995943106699201,21.0,1,-0.38700931855826326,19.905882208159937,20.5,21.5
1874.0,21.15778785696027,21.3972284005226,6.995831236544358,21.0,1,-0.3972284005226001,21.49941922016597,20.5,21.5
1875.0,21.174955465636184,21.415805101763635,6.995717846477207,21.0,0,-0.4158051017636346,21.60157211417398,20.5,21.5
1876.0,21.17211961811235,21.422845100710173,6.9956029365841,21.0,0,-0.4228451007101732,21.49324509017556,20.5,21.5
1877.0,21.169284314776046,21.45933335139641,6.995486506952545,21.0,0,-0.45933335139640974,21.824215858258775,20.5,21.5
1878.0,21.16644955521448,21.596494977023113,6.995368557671211,21.0,0,-0.5964949770231129,22.968111233290145,20.5,21.5
1879.0,21.16361533901497,21.681124223036772,6.995249088829918,21.0,0,-0.6811242230367718,22.52741668317336,20.5,21.5
1880.0,21.160781665764933,21.642904319140815,6.995128100519649,21.0,0,-0.6429043191408148,21.260705280181245,20.5,21.5
1881.0,21.157948535051883,21.652064835354413,6.99500559283254,21.0,0,-0.6520648353544125,21.74366999749039,20.5,21.5
1882.0,21.15511594646344,21.637117402466796,6.994881565861888,21.0,0,-0.6371174024667958,21.48764307359063,20.5,21.5
1883.0,21.15228389958732,21.561736745753514,6.994756019702144,21.0,0,-0.5617367457535138,20.807930178620694,20.5,21.5
1884.0,21.149452394011345,21.5241805349681,6.994628954448916,21.0,0,-0.5241805349680995,21.148618427113956,20.5,21.5
1885.0,21.14662142932343,21.562160248814344,6.994500370198971,21.0,0,-0.5621602488143438,21.941957387276787,20.5,21.5
1886.0,21.143791005111606,21.484567653041715,6.994370267050232,21.0,0,-0.4845676530417151,20.70864169531543,20.5,21.5
1887.0,21.140961120963993,21.492333622039183,6.994238645101776,21.0,0,-0.4923336220391832,21.569993312013864,20.5,21.5
1888.0,21.13813177646882,21.526402993951603,6.994105504453841,21.0,0,-0.5264029939516028,21.8670967130758,20.5,21.5
1889.0,21.13530297121442,21.468723553651678,6.9939708452078175,21.0,0,-0.46872355365167806,20.89192915065243,20.5,21.5
1890.0,21.132474704789217,21.429362050409516,6.993834667466256,21.0,0,-0.4293620504095159,21.035747017987894,20.5,21.5
1891.0,21.129646976781753,21.49663928370753,6.993696971332861,21.0,0,-0.4966392837075304,22.169411616687675,20.5,21.5
1892.0,21.126819786780665,21.49012021631749,6.9935577569124945,21.0,0,-0.49012021631748937,21.42492954241708,20.5,21.5
1893.0,21.12399313437469,21.46732463528239,6.9934170243111735,21.0,0,-0.46732463528239165,21.239368824931415,20.5,21.5
1894.0,21.121167019152676,21.440520768142676,6.993274773636073,21.0,0,-0.44052076814267593,21.17248209674552,20.5,21.5
1895.0,21.118341440703574,21.499475477739118,6.993131004995523,21.0,0,-0.49947547773911793,22.089022573703538,20.5,21.5
1896.0,21.115516398616432,21.42340029929871,6.992985718499009,21.0,0,-0.42340029929870937,20.662648514894624,20.5,21.5
1897.0,21.11269189248041,21.362067898206675,6.992838914257173,21.0,0,-0.36206789820667495,20.74874388728633,20.5,21.5
1898.0,21.109867921884764,21.335079824093658,6.992690592381813,21.0,0,-0.33507982409365766,21.065199082963485,20.5,21.5
1899.0,21.107044486418864,21.374952233508385,6.9925407529858825,21.0,0,-0.3749522335083846,21.773676327655654,20.5,21.5
1900.0,21.104221585672178,21.31971272940678,6.992389396183491,21.0,0,-0.3197127294067812,20.767317688390747,20.5,21.5
1901.0,21.10139921923428,21.324089671093628,6.992236522089903,21.0,0,-0.32408967109362763,21.367859087962092,20.5,21.5
1902.0,21.098577386694853,21.366364779306682,6.992082130821539,21.0,0,-0.3663647793066822,21.789115861437228,20.5,21.5
1903.0,21.09575608764368,21.37851159150922,6.991926222495975,21.0,0,-0.37851159150921987,21.499979713534596,20.5,21.5
1904.0,21.092935321670648,21.37613621857953,6.9917687972319404,21.0,0,-0.3761362185795285,21.352382489282615,20.5,21.5
1905.0,21.09011508836576,21.402176904523106,6.991609855149323,21.0,0,-0.40217690452310606,21.66258376395888,20.5,21.5
1906.0,21.087295387319116,21.42149410779212,6.991449396369164,21.0,0,-0.42149410779212104,21.61466614048227,20.5,21.5
1907.0,21.084476218120926,21.35025632304168,6.991287421013659,21.0,0,-0.3502563230416804,20.637878475537274,20.5,21.5
1908.0,21.081657580361505,21.387053488128764,6.99112392920616,21.0,0,-0.38705348812876395,21.7550251389996,20.5,21.5
1909.0,21.078839473631273,21.396238981488743,6.990958921071172,21.0,0,-0.39623898148874304,21.488093915088534,20.5,21.5
1910.0,21.07602189752076,21.43716508890956,6.990792396734358,21.0,0,-0.4371650889095591,21.84642616311772,20.5,21.5
1911.0,21.073204851620602,21.493586373548474,6.990624356322531,21.0,0,-0.49358637354847446,22.05779921993763,20.5,21.5
1912.0,21.070388335521542,21.581006180575315,6.990454799963662,21.0,0,-0.5810061805753151,22.45520425084372,20.5,21.5
1913.0,21.06757234881443,21.631353369841026,6.990283727786877,21.0,0,-0.6313533698410261,22.134825262498136,20.5,21.5
1914.0,21.064756891090223,21.594550682048215,6.990111139922453,21.0,0,-0.5945506820482152,21.226523804120106,20.5,21.5
1915.0,21.06194196193999,21.616457801639037,6.989937036501823,21.0,0,-0.6164578016390365,21.83552899754725,20.5,21.5
1916.0,21.059127560954902,21.606401232771592,6.989761417657577,21.0,0,-0.6064012327715922,21.50583554409715,20.5,21.5
1917.0,21.05631368772624,21.627279609081455,6.9895842835234525,21.0,0,-0.6272796090814552,21.836063372180085,20.5,21.5
1918.0,21.0535003418454,21.49642313979489,6.989405634234348,21.0,1,-0.4964231397948886,20.187858446929223,20.5,21.5
1919.0,21.070687522903878,21.593125621479878,6.989225469926312,21.0,0,-0.5931256214798779,22.56015043832977,20.5,21.5
1920.0,21.06787123049328,21.535975064245992,6.989043790736547,21.0,0,-0.5359750642459922,20.964469491907135,20.5,21.5
1921.0,21.06505546500533,21.495239854603,6.988860596803409,21.0,0,-0.4952398546029997,21.087887758173075,20.5,21.5
1922.0,21.06224022603169,21.285159901239815,6.9886758882664095,21.0,1,-0.2851599012398154,19.184360367607972,20.5,21.5
1923.0,21.079425513164136,21.293520202431292,6.988489665266211,21.0,1,-0.2935202024312922,21.37712321434606,20.5,21.5
1924.0,21.096607325994555,21.245802884235882,6.988301927944631,21.0,1,-0.24580288423588215,20.768629702281782,20.5,21.5
1925.0,21.113785664914946,21.212344544476068,6.988112676444639,21.0,1,-0.21234454447606765,20.877761146877923,20.5,21.5
1926.0,21.130960530317253,21.222629446257603,6.98792191091036,21.0,1,-0.22262944625760284,21.325478464072955,20.5,21.5
1927.0,21.14813192259337,21.373315954876247,6.987729631487068,21.0,0,-0.37331595487624725,22.88018104106269,20.5,21.5
1928.0,21.14529984213515,21.403435495532285,6.987535838321193,21.0,0,-0.4034354955322854,21.704630902092667,20.5,21.5
1929.0,21.142468289334385,21.430907899617534,6.987340531560317,21.0,0,-0.43090789961753373,21.705631940470017,20.5,21.5
1930.0,21.13963726378283,21.422356422907406,6.987143711353175,21.0,0,-0.4223564229074057,21.336841655806126,20.5,21.5
1931.0,21.136806765072343,21.42278942542356,6.986945377849654,21.0,0,-0.42278942542355935,21.427119450585096,20.5,21.5
1932.0,21.133976792794897,21.514726349856225,6.986745531200793,21.0,0,-0.5147263498562253,22.434095594182885,20.5,21.5
1933.0,21.13114734654258,21.555196254425844,6.986544171558784,21.0,0,-0.5551962544258444,21.959895300122035,20.5,21.5
1934.0,21.128318425907583,21.55604489913638,6.986341299076972,21.0,0,-0.5560448991363813,21.56453134624175,20.5,21.5
1935.0,21.12549003048222,21.60187299316876,6.986136913909853,21.0,0,-0.6018729931687616,22.060153933492565,20.5,21.5
1936.0,21.122662159858905,21.503311558206953,6.985931016213074,21.0,0,-0.5033115582069527,20.517697208588864,20.5,21.5
1937.0,21.119834813630174,21.44065919437546,6.985723606143436,21.0,0,-0.44065919437545986,20.81413555606053,20.5,21.5
1938.0,21.117007991388675,21.392536819376424,6.9855146838588915,21.0,0,-0.39253681937642426,20.91131306938607,20.5,21.5
1939.0,21.11418169272717,21.3166103590408,6.985304249518542,21.0,0,-0.31661035904080137,20.557345755684572,20.5,21.5
1940.0,21.111355917238527,21.356740172299737,6.985092303282644,21.0,0,-0.3567401722997374,21.758038304889098,20.5,21.5
1941.0,21.108530664515737,21.469757785189532,6.984878845312603,21.0,0,-0.4697577851895325,22.599933914087483,20.5,21.5
1942.0,21.105705934151896,21.40881475321306,6.984663875770977,21.0,0,-0.40881475321306127,20.79938443344835,20.5,21.5
1943.0,21.102881725740218,21.41214333080048,6.9844473948214745,21.0,0,-0.41214333080047894,21.445429106674656,20.5,21.5
1944.0,21.100058038874035,21.452331854360747,6.984229402628956,21.0,0,-0.45233185436074663,21.854217089963424,20.5,21.5
1945.0,21.097234873146785,21.30482585038194,6.98400989935943,21.0,1,-0.3048258503819383,19.829765810593855,20.5,21.5
1946.0,21.114412228152027,21.259681541220363,6.98378888518006,21.0,1,-0.25968154122036324,20.808238449604612,20.5,21.5
1947.0,21.131586103483432,21.329548903769783,6.983566360259156,21.0,0,-0.3295489037697834,22.028222529263985,20.5,21.5
1948.0,21.128756499534788,21.413964388528836,6.9833423247661806,21.0,0,-0.41396438852883577,22.25811923611936,20.5,21.5
1949.0,21.125927416699835,21.40484686719689,6.983116778871748,21.0,0,-0.4048468671968912,21.313671653877446,20.5,21.5
1950.0,21.12309885457227,21.483401289809542,6.982889722747621,21.0,0,-0.48340128980954233,22.268945515936053,20.5,21.5
1951.0,21.120270812745904,21.517033638175054,6.982661156566712,21.0,0,-0.5170336381750538,21.853357121830168,20.5,21.5
1952.0,21.11744329081467,21.50004429801695,6.982431080503083,21.0,0,-0.5000442980169488,21.3301508964359,20.5,21.5
1953.0,21.11461628837261,21.415076127236876,6.982199494731949,21.0,0,-0.41507612723687615,20.56539441943615,20.5,21.5
1954.0,21.11178980501388,21.437743207075908,6.981966399429672,21.0,0,-0.43774320707590775,21.664414005466224,20.5,21.5
1955.0,21.108963840332766,21.4051511850371,6.981731794773765,21.0,0,-0.40515118503709857,21.079230964649007,20.5,21.5
1956.0,21.106138393923654,21.41925283688678,6.981495680942887,21.0,0,-0.4192528368867805,21.5602693553836,20.5,21.5
1957.0,21.103313465381056,21.361090151282678,6.981258058116851,21.0,0,-0.36109015128267785,20.77946329524165,20.5,21.5
1958.0,21.100489054299604,21.416890912585377,6.981018926476618,21.0,0,-0.4168909125853766,21.974898525612364,20.5,21.5
1959.0,21.09766516027404,21.32108395518936,6.980778286204295,21.0,1,-0.3210839551893585,20.363014381229178,20.5,21.5
1960.0,21.114841782899227,21.34246334353778,6.98053613748314,21.0,0,-0.34246334353777996,21.556257227021995,20.5,21.5
1961.0,21.112014921770143,21.318512283473403,6.980292480497562,21.0,0,-0.3185122834734031,21.079001682829634,20.5,21.5
1962.0,21.109188577281888,21.36574552558923,6.980047315433115,21.0,0,-0.36574552558922946,21.838077946747493,20.5,21.5
1963.0,21.10636274902952,21.34274317560024,6.979800642476503,21.0,0,-0.3427431756002406,21.112719675710352,20.5,21.5
1964.0,21.103537436608207,21.382107485415197,6.979552461815578,21.0,0,-0.38210748541519735,21.775750583564765,20.5,21.5
1965.0,21.10071263961325,21.466432965525662,6.979302773639341,21.0,0,-0.46643296552566227,22.30968776663031,20.5,21.5
1966.0,21.097888357640056,21.552464282302736,6.979051578137939,21.0,0,-0.5524642823027364,22.412777450073477,20.5,21.5
1967.0,21.095064590284156,21.520799784561834,6.97879887550267,21.0,0,-0.5207997845618344,21.204154807152815,20.5,21.5
1968.0,21.0922413371412,21.478837173725886,6.978544665925977,21.0,0,-0.47883717372588563,21.059211065366398,20.5,21.5
1969.0,21.089418597806958,21.457868187058516,6.978288949601452,21.0,0,-0.45786818705851573,21.248178320384817,20.5,21.5
1970.0,21.086596371877317,21.306093792987443,6.978031726723834,21.0,1,-0.30609379298744344,19.78834985227672,20.5,21.5
1971.0,21.103774658948286,21.229376293159554,6.9777729974890095,21.0,1,-0.22937629315955377,20.462201294880657,20.5,21.5
1972.0,21.120949458615993,21.268594386415526,6.977512762094012,21.0,0,-0.2685943864155256,21.660775318975244,20.5,21.5
1973.0,21.11812077127669,21.247804345135258,6.977251020737022,21.0,0,-0.24780434513525762,21.039903932332578,20.5,21.5
1974.0,21.115292597326583,21.308945739599363,6.976987773617367,21.0,0,-0.30894573959936267,21.920359684240413,20.5,21.5
1975.0,21.112464936361842,21.35465051999339,6.9767230209355215,21.0,0,-0.35465051999338826,21.811698323933644,20.5,21.5
1976.0,21.10963778797876,21.344242309503663,6.976456762893106,21.0,0,-0.3442423095036631,21.24016020460641,20.5,21.5
1977.0,21.10681115177374,21.333350930173854,6.976188999692887,21.0,0,-0.33335093017385375,21.22443713687576,20.5,21.5
1978.0,21.103985027343324,21.365840368477922,6.975919731538778,21.0,0,-0.36584036847792234,21.690734751518608,20.5,21.5
1979.0,21.10115941428416,21.37170199636406,6.975648958635839,21.0,0,-0.37170199636405954,21.43031827522543,20.5,21.5
1980.0,21.098334312193032,21.331577306535202,6.9753766811902755,21.0,0,-0.3315773065352019,20.930330408246625,20.5,21.5
1981.0,21.095509720666833,21.339314024763475,6.975102899409437,21.0,0,-0.3393140247634747,21.416681207046203,20.5,21.5
1982.0,21.09268563930258,21.289629392998297,6.974827613501823,21.0,0,-0.2896293929982967,20.792783075346517,20.5,21.5
1983.0,21.08986206769742,21.3184903656682,6.974550823677073,21.0,0,-0.3184903656682003,21.607100092367236,20.5,21.5
1984.0,21.087039005448617,21.342179724575466,6.974272530145976,21.0,0,-0.3421797245754661,21.579073313648124,20.5,21.5
1985.0,21.084216452153555,21.456153172847696,6.973992733120464,21.0,0,-0.45615317284769574,22.595887655569992,20.5,21.5
1986.0,21.08139440740975,21.48094003769657,6.973711432813614,21.0,0,-0.4809400376965698,21.72880868618531,20.5,21.5
1987.0,21.07857287081483,21.55683788213768,6.973428629439651,21.0,0,-0.5568378821376783,22.315816326548763,20.5,21.5
1988.0,21.075751841966557,21.522716033848074,6.973144323213939,21.0,0,-0.5227160338480736,21.181497550952027,20.5,21.5
1989.0,21.072931320462807,21.489086112202767,6.972858514352991,21.0,0,-0.48908611220276654,21.152786895749696,20.5,21.5
1990.0,21.070111305901584,21.33668997551868,6.972571203074462,21.0,1,-0.33668997551868074,19.812728608677823,20.5,21.5
1991.0,21.08729179788102,21.3779157353999,6.972282389597154,21.0,0,-0.377915735399899,21.79017333421208,20.5,21.5
1992.0,21.084468795999364,21.35122640314858,6.97199207414101,21.0,0,-0.3512264031485799,21.08433308063539,20.5,21.5
1993.0,21.08164630065499,21.319541536449954,6.971700256927117,21.0,0,-0.31954153644995387,21.002692869463694,20.5,21.5
1994.0,21.078824311446247,21.33600061298927,6.971406938177707,21.0,0,-0.3360006129892703,21.500591378382435,20.5,21.5
1995.0,21.076002827971593,21.43022548165599,6.971112118116156,21.0,0,-0.4302254816559916,22.372474168323205,20.5,21.5
1996.0,21.07318184982962,21.34700229557652,6.97081579696698,21.0,0,-0.3470022955765195,20.5147704347818,20.5,21.5
1997.0,21.070361376619047,21.295142975660703,6.970517974955843,21.0,0,-0.2951429756607027,20.776549776502534,20.5,21.5
1998.0,21.067541407938716,21.367599644840162,6.970218652309548,21.0,0,-0.36759964484016194,22.092166336634754,20.5,21.5
1999.0,21.06472194338759,21.403344027155164,6.969917829256042,21.0,0,-0.40334402715516404,21.760787850305185,20.5,21.5
2000.0,21.061902982564764,21.441714358804926,6.969615506024416,21.0,0,-0.4417143588049264,21.82541767530255,20.5,21.5
2001.0,21.059084525069455,21.42091018427584,6.969311682844902,21.0,0,-0.42091018427584004,21.212868438984977,20.5,21.5
2002.0,21.05626657050101,21.45027083646173,6.969006359948873,21.0,0,-0.45027083646172983,21.743877358320628,20.5,21.5
2003.0,21.0534491184589,21.405070229695852,6.968699537568848,21.0,0,-0.40507022969585194,20.953064162037073,20.5,21.5
2004.0,21.050632168542723,21.360594827980737,6.9683912159384835,21.0,0,-0.36059482798073716,20.91584081082959,20.5,21.5
2005.0,21.0478157203522,21.33332725420066,6.9680813952925815,21.0,0,-0.3333272542006611,21.0606515163999,20.5,21.5
2006.0,21.044999773487188,21.325822739567037,6.967770075867083,21.0,0,-0.32582273956703744,21.2507775932308,20.5,21.5
2007.0,21.042184327547663,21.31970736125106,6.967457257899071,21.0,0,-0.3197073612510586,21.25855357809127,20.5,21.5
2008.0,21.03936938213373,21.316203232450455,6.967142941626772,21.0,0,-0.3162032324504551,21.28116194444442,20.5,21.5
2009.0,21.03655493684563,21.290428511404663,6.966827127289549,21.0,0,-0.29042851140466297,21.03268130094674,20.5,21.5
2010.0,21.033740991283718,21.362774688130276,6.9665098151279095,21.0,0,-0.36277468813027625,22.08623645538641,20.5,21.5
2011.0,21.03092754504849,21.342387287338575,6.9661910053835,21.0,0,-0.3423872873385747,21.13851327942156,20.5,21.5
2012.0,21.028114597740554,21.341991978145415,6.965870698299108,21.0,0,-0.3419919781454155,21.338038886213823,20.5,21.5
2013.0,21.025302148960666,21.368325346139304,6.965548894118663,21.0,0,-0.36832534613930434,21.631659026078193,20.5,21.5
2014.0,21.022490198309697,21.46695329312155,6.96522559308723,21.0,0,-0.46695329312154854,22.45323276294399,20.5,21.5
2015.0,21.019678745388653,21.445974856449464,6.964900795451019,21.0,0,-0.4459748564494639,21.236190489728617,20.5,21.5
2016.0,21.016867789798667,21.513851292118446,6.964574501457378,21.0,0,-0.5138512921184457,22.192615648808264,20.5,21.5
2017.0,21.014057331141,21.50046349223916,6.964246711354791,21.0,0,-0.5004634922391595,21.366585493446298,20.5,21.5
2018.0,21.011247369017042,21.403286640957866,6.9639174253928875,21.0,1,-0.4032866409578659,20.43151812814493,20.5,21.5
2019.0,21.028437903028316,21.291725986421273,6.963586643822431,21.0,1,-0.2917259864212731,20.176119441055345,20.5,21.5
2020.0,21.045624932776473,21.17902212824154,6.9632543668953275,21.0,1,-0.17902212824154162,20.051983546444227,20.5,21.5
2021.0,21.062808458663298,21.19273192517109,6.96292059486462,21.0,1,-0.1927319251710884,21.329829894466556,20.5,21.5
2022.0,21.07998848109054,21.22249508903553,6.96258532798449,21.0,0,-0.2224950890355295,21.52012672767994,20.5,21.5
2023.0,21.077165000459917,21.387303315009405,6.962248566510258,21.0,0,-0.3873033150094045,23.035385574748155,20.5,21.5
2024.0,21.074342017173127,21.444443622535932,6.961910310698383,21.0,0,-0.44444362253593184,22.015846697801205,20.5,21.5
2025.0,21.071519530831832,21.498913687054362,6.961570560806461,21.0,0,-0.4989136870543618,22.04361433223866,20.5,21.5
2026.0,21.068697541037828,21.48893492496629,6.961229317093226,21.0,0,-0.48893492496629065,21.38914730408558,20.5,21.5
2027.0,21.06587604739304,21.44400151874168,6.960886579818551,21.0,0,-0.44400151874167904,20.994667456495563,20.5,21.5
2028.0,21.063055049499525,21.32704035397288,6.960542349243443,21.0,1,-0.32704035397287967,20.157428706284886,20.5,21.5
2029.0,21.080234546959474,21.329673191793383,6.9601966256300525,21.0,1,-0.3296731917933826,21.356001569998412,20.5,21.5
2030.0,21.097410539375208,21.390638720846283,6.959849409241659,21.0,0,-0.39063872084628315,22.00029401137529,20.5,21.5
2031.0,21.09458302714918,21.407100462802205,6.959500700342685,21.0,0,-0.40710046280220524,21.571717882361426,20.5,21.5
2032.0,21.09175601068382,21.461691595725682,6.959150499198688,21.0,0,-0.4616915957256822,22.00760292496045,20.5,21.5
2033.0,21.088929489581524,21.58828152126015,6.95879880607636,21.0,0,-0.58828152126015,22.854180776604828,20.5,21.5
2034.0,21.08610346344482,21.54652904665073,6.9584456212435315,21.0,0,-0.5465290466507291,21.12900430055652,20.5,21.5
2035.0,21.08327793187638,21.48370361628533,6.958090944969168,21.0,0,-0.48370361628532876,20.855449312631325,20.5,21.5
2036.0,21.080452894479,21.4958868332351,6.95773477752337,21.0,0,-0.49588683323510097,21.617719002732823,20.5,21.5
2037.0,21.07762835085561,21.499253139891472,6.957377119177376,21.0,0,-0.49925313989147213,21.532916206455184,20.5,21.5
2038.0,21.074804300609273,21.50042475514328,6.957017970203557,21.0,0,-0.5004247551432783,21.51214090766134,20.5,21.5
2039.0,21.071980743343193,21.418872745606407,6.956657330875421,21.0,0,-0.4188727456064072,20.603352650237696,20.5,21.5
2040.0,21.069157678660698,21.4013561970109,6.956295201467611,21.0,0,-0.40135619701090164,21.226190711055846,20.5,21.5
2041.0,21.06633510616526,21.38290784359646,6.9559315822559045,21.0,0,-0.3829078435964597,21.19842430945204,20.5,21.5
2042.0,21.063513025460477,21.388905026777216,6.955566473517212,21.0,0,-0.3889050267772163,21.448876858584782,20.5,21.5
2043.0,21.060691436150087,21.31535047850826,6.955199875529582,21.0,0,-0.31535047850826103,20.57980499581871,20.5,21.5
2044.0,21.05787033783796,21.350909047208,6.954831788572192,21.0,0,-0.350909047207999,21.70649473420538,20.5,21.5
2045.0,21.055049730128108,21.33616406595371,6.954462212925358,21.0,0,-0.3361640659537102,21.188714253410822,20.5,21.5
2046.0,21.052229612624668,21.311362754309812,6.9540911488705275,21.0,0,-0.31136275430981186,21.06334963787083,20.5,21.5
2047.0,21.049409984931916,21.329424382221255,6.9537185966902815,21.0,0,-0.32942438222125503,21.510040661335687,20.5,21.5
2048.0,21.04659084665427,21.30634571654068,6.953344556668336,21.0,0,-0.30634571654067955,21.075559059734925,20.5,21.5
2049.0,21.043772197396272,21.3632986258304,6.952969029089537,21.0,0,-0.3632986258303994,21.932827718727598,20.5,21.5
2050.0,21.04095403676261,21.3757700558318,6.952592014239867,21.0,0,-0.3757700558318007,21.500484355845813,20.5,21.5
2051.0,21.038136364358106,21.410320321725536,6.952213512406438,21.0,0,-0.41032032172553556,21.755822980662884,20.5,21.5
2052.0,21.035319179787717,21.353035151592472,6.951833523877495,21.0,0,-0.3530351515924721,20.780183450261838,20.5,21.5
2053.0,21.032502482656536,21.394266513519916,6.951452048942417,21.0,0,-0.3942665135199164,21.80658013279436,20.5,21.5
2054.0,21.029686272569794,21.353548430297543,6.951069087891713,21.0,0,-0.35354843029754335,20.946367598073813,20.5,21.5
2055.0,21.02687054913286,21.334168162651526,6.950684641017025,21.0,0,-0.33416816265152605,21.140365486191353,20.5,21.5
2056.0,21.024055311951237,21.27241583966801,6.950298708611126,21.0,0,-0.2724158396680103,20.654892609832853,20.5,21.5
2057.0,21.02124056063057,21.252141726550743,6.949911290967921,21.0,0,-0.2521417265507431,21.04940059537807,20.5,21.5
2058.0,21.01842629477664,21.263432750807063,6.9495223883824435,21.0,0,-0.26343275080706263,21.37634299337026,20.5,21.5
2059.0,21.01561251399536,21.281597208361546,6.949132001150861,21.0,0,-0.28159720836154634,21.463241783906383,20.5,21.5
2060.0,21.01279921789279,21.33368165188523,6.948740129570471,21.0,0,-0.3336816518852288,21.854526087122053,20.5,21.5
2061.0,21.009986406075125,21.286311906773175,6.948346773939699,21.0,0,-0.2863119067731752,20.81261445565264,20.5,21.5
2062.0,21.007174078148697,21.293005881745888,6.947951934558104,21.0,0,-0.2930058817458878,21.359945631473014,20.5,21.5
2063.0,21.00436223371998,21.240337659253672,6.947555611726371,21.0,0,-0.24033765925367234,20.713655434331518,20.5,21.5
2064.0,21.001550872395583,21.281728858184767,6.94715780574632,21.0,0,-0.281728858184767,21.695640847495714,20.5,21.5
2065.0,20.99873999378225,21.305346501221575,6.946758516920897,21.0,0,-0.3053465012215746,21.54152293158965,20.5,21.5
2066.0,20.995929597486878,21.350502099595293,6.9463577455541765,21.0,0,-0.35050209959529255,21.802058083332472,20.5,21.5
2067.0,20.993119683116493,21.393770948863594,6.945955491951364,21.0,0,-0.3937709488635939,21.826459441546607,20.5,21.5
2068.0,20.99031025027826,21.391199924260956,6.945551756418793,21.0,0,-0.39119992426095607,21.365489678234578,20.5,21.5
2069.0,20.987501298579488,21.393296857275466,6.945146539263926,21.0,0,-0.39329685727546604,21.414266187420566,20.5,21.5
2070.0,20.984692827627626,21.306781980061096,6.944739840795354,21.0,1,-0.30678198006109625,20.4416332079174,20.5,21.5
2071.0,21.00188483703026,21.34564546901786,6.944331661322793,21.0,0,-0.3456454690178603,21.7342803585855,20.5,21.5
2072.0,20.99907332639512,21.307877334264568,6.943922001157093,21.0,0,-0.30787733426456754,20.93019598673164,20.5,21.5
2073.0,20.996262296130073,21.33026707680155,6.943510860610225,21.0,0,-0.330267076801551,21.554164502171385,20.5,21.5
2074.0,20.993451745842968,21.357977872127115,6.943098239995292,21.0,0,-0.3579778721271154,21.63508582538276,20.5,21.5
2075.0,20.9906416751418,21.41098187872145,6.942684139626523,21.0,0,-0.41098187872145076,21.941021944664804,20.5,21.5
2076.0,20.987832083634697,21.333704980616364,6.942268559819272,21.0,0,-0.3337049806163641,20.560935999565498,20.5,21.5
2077.0,20.985022970929933,21.284718780390442,6.941851500890023,21.0,0,-0.28471878039044185,20.79485677813122,20.5,21.5
2078.0,20.982214336635924,21.258430141436854,6.941432963156382,21.0,0,-0.25843014143685394,20.995543751900975,20.5,21.5
2079.0,20.979406180361227,21.202946864951752,6.941012946937085,21.0,0,-0.20294686495175185,20.64811410010073,20.5,21.5
2080.0,20.97659850171454,21.167040586163996,6.940591452551993,21.0,0,-0.16704058616399564,20.807977798286434,20.5,21.5
2081.0,20.973791300304708,21.249094544609726,6.940168480322092,21.0,0,-0.2490945446097257,22.069634129067026,20.5,21.5
2082.0,20.97098457574071,21.314551857722172,6.939744030569494,21.0,0,-0.3145518577221722,21.969124988846637,20.5,21.5
2083.0,20.968178327631676,21.342411825251084,6.939318103617435,21.0,0,-0.3424118252510837,21.6210115005402,20.5,21.5
2084.0,20.965372555586875,21.360454742965207,6.938890699790278,21.0,0,-0.3604547429652065,21.540883920106435,20.5,21.5
2085.0,20.962567259215714,21.385561139333866,6.938461819413509,21.0,0,-0.38556113933386627,21.636625103020464,20.5,21.5
2086.0,20.959762438127754,21.38693690174826,6.938031462813739,21.0,0,-0.38693690174826045,21.400694525892202,20.5,21.5
2087.0,20.95695809193269,21.422366284528202,6.9375996303187035,21.0,0,-0.42236628452820213,21.77666011232762,20.5,21.5
2088.0,20.95415422024037,21.4048246517723,6.937166322257262,21.0,0,-0.40482465177230154,21.229408324213296,20.5,21.5
2089.0,20.95135082266077,21.343150132741115,6.936731538959397,21.0,0,-0.3431501327411155,20.726404942429255,20.5,21.5
2090.0,20.94854789880403,21.2595165559055,6.936295280756216,21.0,1,-0.25951655590549905,20.423180787549335,20.5,21.5
2091.0,20.96574544828042,21.263446729662494,6.935857547979946,21.0,1,-0.26344672966249405,21.302748467232444,20.5,21.5
2092.0,20.98293947070036,21.248170946994723,6.935418340963943,21.0,1,-0.24817094699472264,21.09541312031701,20.5,21.5
2093.0,21.00012996647441,21.226077951083045,6.934977660042679,21.0,1,-0.2260779510830453,21.005147991966272,20.5,21.5
2094.0,21.017316936013124,21.260626204224753,6.934535505551754,21.0,0,-0.2606262042247529,21.60610873564183,20.5,21.5
2095.0,21.014500379727032,21.303428477879713,6.934091877827886,21.0,0,-0.30342847787971294,21.731451214429313,20.5,21.5
2096.0,21.01168429802665,21.276627377787143,6.933646777208919,21.0,0,-0.2766273777871433,21.008616376861447,20.5,21.5
2097.0,21.008868690522487,21.229637442834427,6.933200204033815,21.0,0,-0.22963744283442722,20.759738093307266,20.5,21.5
2098.0,21.00605355682519,21.26592702722293,6.932752158642659,21.0,0,-0.26592702722292927,21.62882287110795,20.5,21.5
2099.0,21.003238896545554,21.194468021590005,6.932302641376657,21.0,1,-0.19446802159000498,20.479877965260762,20.5,21.5
2100.0,21.02042470929452,21.19512481322551,6.931851652578136,21.0,1,-0.19512481322551167,21.20169272958058,20.5,21.5
2101.0,21.037606994683177,21.19087903403687,6.931399192590545,21.0,1,-0.19087903403686823,21.148421242150434,20.5,21.5
2102.0,21.054785753122758,21.185384444521183,6.93094526175845,21.0,1,-0.1853844445211834,21.130438549364335,20.5,21.5
2103.0,21.071960985024486,21.207971244308943,6.9304898604275404,21.0,1,-0.20797124430894343,21.433839242186544,20.5,21.5
2104.0,21.089132690799566,21.329988771535014,6.930032988944623,21.0,0,-0.3299887715350138,22.550164043795718,20.5,21.5
2105.0,21.086300870859194,21.415634864752768,6.929574647657626,21.0,0,-0.4156348647527679,22.27209579693031,20.5,21.5
2106.0,21.083469525614554,21.408822981547274,6.929114836915597,21.0,0,-0.40882298154727437,21.34070414949234,20.5,21.5
2107.0,21.080638654676815,21.44803098778528,6.928653557068699,21.0,0,-0.4480309877852804,21.84011105016534,20.5,21.5
2108.0,21.077808257657292,21.456317466299588,6.92819080846822,21.0,0,-0.4563174662995877,21.53918225144266,20.5,21.5
2109.0,21.074978334167454,21.367418707216114,6.927726591466562,21.0,1,-0.3674187072161139,20.478431116381376,20.5,21.5
2110.0,21.092148883818915,21.282893518949628,6.927260906417246,21.0,1,-0.2828935189496278,20.437641636284766,20.5,21.5
2111.0,21.109315906223433,21.332061978244788,6.926793753674912,21.0,0,-0.3320619782447878,21.823746571196388,20.5,21.5
2112.0,21.106479401792924,21.305013287702764,6.926325133595316,21.0,0,-0.3050132877027636,21.03452638228252,20.5,21.5
2113.0,21.103643370939285,21.230397744465716,6.925855046535334,21.0,1,-0.2303977444657157,20.484242312095237,20.5,21.5
2114.0,21.120807813274403,21.32511729560154,6.925383492852958,21.0,0,-0.32511729560154023,22.272312806959786,20.5,21.5
2115.0,21.117968728410318,21.395905777872628,6.924910472907294,21.0,0,-0.3959057778726276,22.1037906005835,20.5,21.5
2116.0,21.115130116759218,21.486621961885433,6.924435987058571,21.0,0,-0.48662196188543305,22.393783802013488,20.5,21.5
2117.0,21.11229197793328,21.560489461031995,6.923960035668127,21.0,0,-0.5604894610319953,22.299164452497617,20.5,21.5
2118.0,21.109454311544827,21.637757823683263,6.923482619098422,21.0,0,-0.6377578236832626,22.410441450195936,20.5,21.5
2119.0,21.106617117206337,21.627205193551525,6.92300373771303,21.0,0,-0.627205193551525,21.52167889223415,20.5,21.5
2120.0,21.10378039453044,21.56352146532323,6.922523391876638,21.0,0,-0.5635214653232303,20.926684183040283,20.5,21.5
2121.0,21.100944143129908,21.468549340691983,6.922041581955051,21.0,0,-0.4685493406919825,20.518828094379504,20.5,21.5
2122.0,21.098108362617673,21.471354238767503,6.921558308315188,21.0,0,-0.4713542387675034,21.499403219522712,20.5,21.5
2123.0,21.095273052606814,21.488709207223557,6.921073571325084,21.0,0,-0.4887092072235575,21.6622588917841,20.5,21.5
2124.0,21.092438212710558,21.469865689956187,6.920587371353886,21.0,0,-0.4698656899561868,21.28143051728248,20.5,21.5
2125.0,21.089603842542285,21.467088351402044,6.920099708771858,21.0,0,-0.46708835140204386,21.439314965860614,20.5,21.5
2126.0,21.08676994171553,21.431579513658114,6.919610583950374,21.0,0,-0.4315795136581144,21.07649113621882,20.5,21.5
2127.0,21.083936509843976,21.404860736567365,6.919119997261925,21.0,0,-0.40486073656736465,21.137672965659867,20.5,21.5
2128.0,21.08110354654146,21.347609584689565,6.918627949080115,21.0,0,-0.3476095846895646,20.775098065911564,20.5,21.5
2129.0,21.078271051421968,21.250458192404086,6.918134439779659,21.0,1,-0.2504581924040856,20.278944269549296,20.5,21.5
2130.0,21.09543902409964,21.21783333683868,6.917639469736386,21.0,1,-0.21783333683868022,20.891584781184626,20.5,21.5
2131.0,21.11260346418877,21.220210656654547,6.917143039327238,21.0,1,-0.22021065665454742,21.24398385481322,20.5,21.5
2132.0,21.129764372103796,21.214465425799126,6.916645148930266,21.0,1,-0.2144654257991263,21.157013117244915,20.5,21.5
2133.0,21.14692174825916,21.24479443592024,6.916145798924639,21.0,0,-0.24479443592024097,21.548084537131388,20.5,21.5
2134.0,21.144075593069292,21.427027459408997,6.91564498969063,21.0,0,-0.4270274594089969,23.249357694296556,20.5,21.5
2135.0,21.141229906948617,21.500043723933835,6.915142721609629,21.0,0,-0.5000437239338353,22.23020636918222,20.5,21.5
2136.0,21.13838468951155,21.539208515224267,6.914638995064134,21.0,0,-0.5392085152242672,21.930856428128585,20.5,21.5
2137.0,21.13553994037266,21.542829809885358,6.9141338104377565,21.0,0,-0.5428298098853581,21.579042756496268,20.5,21.5
2138.0,21.132695659146673,21.473645667925165,6.913627168115215,21.0,0,-0.47364566792516527,20.781804248323237,20.5,21.5
2139.0,21.129851845448467,21.331455907914904,6.91311906848234,21.0,1,-0.3314559079149042,19.909558307812294,20.5,21.5
2140.0,21.147008498893072,21.254804198843132,6.912609511926071,21.0,1,-0.2548041988431322,20.488287108125412,20.5,21.5
2141.0,21.16416161909568,21.22851699911164,6.9120984988344585,21.0,1,-0.22851699911164047,20.965645001796723,20.5,21.5
2142.0,21.181311206471626,21.22023684286639,6.91158602959666,21.0,1,-0.22023684286639167,21.137435280413904,20.5,21.5
2143.0,21.19845726143625,21.31740555827787,6.911072104602945,21.0,0,-0.3174055582778692,22.289092712392645,20.5,21.5
2144.0,21.195599784404884,21.369737067626996,6.910556724244687,21.0,0,-0.3697370676269962,21.893052161118266,20.5,21.5
2145.0,21.19274277579285,21.478072892752003,6.9100398889143735,21.0,0,-0.47807289275200304,22.56143114400207,20.5,21.5
2146.0,21.189886235215475,21.509404758738665,6.909521599005595,21.0,0,-0.5094047587386648,21.822723418605282,20.5,21.5
2147.0,21.187030162288234,21.550050975452894,6.909001854913052,21.0,0,-0.5500509754528942,21.95651314259519,20.5,21.5
2148.0,21.184174556626758,21.494354577076795,6.908480657032554,21.0,0,-0.49435457707679475,20.9373905933158,20.5,21.5
2149.0,21.18131941784684,21.479396605591283,6.907958005761014,21.0,0,-0.4793966055912833,21.32981689073617,20.5,21.5
2150.0,21.178464745564423,21.533864646228714,6.907433901496454,21.0,0,-0.5338646462287144,22.078545052603026,20.5,21.5
2151.0,21.17561053939561,21.45654189715877,6.906908344638002,21.0,0,-0.45654189715876825,20.683314406459306,20.5,21.5
2152.0,21.17275679895666,21.408572439192284,6.906381335585894,21.0,0,-0.4085724391922838,20.92887785952744,20.5,21.5
2153.0,21.169903523863983,21.423402972444762,6.905852874741469,21.0,0,-0.4234029724447623,21.571708304969547,20.5,21.5
2154.0,21.16705071373416,21.442224038114976,6.905322962507173,21.0,0,-0.44222403811497557,21.630434694817108,20.5,21.5
2155.0,21.164198368183914,21.43675916190923,6.904791599286557,21.0,0,-0.4367591619092295,21.38211039985177,20.5,21.5
2156.0,21.161346486830134,21.431107329492058,6.904258785484277,21.0,0,-0.43110732949205754,21.37458900532034,20.5,21.5
2157.0,21.158495069289863,21.408354703510565,6.903724521506096,21.0,0,-0.4083547035105646,21.180828443695635,20.5,21.5
2158.0,21.155644115180305,21.38158031767585,6.903188807758877,21.0,0,-0.38158031767585143,21.11383645932872,20.5,21.5
2159.0,21.15279362411882,21.44277660962152,6.9026516446505894,21.0,0,-0.44277660962152154,22.054739529078223,20.5,21.5
2160.0,21.149943595722927,21.378577353191492,6.902113032590307,21.0,0,-0.378577353191492,20.736584788891196,20.5,21.5
2161.0,21.1470940296103,21.456820407211417,6.901572971988207,21.0,0,-0.45682040721141703,22.239250947410667,20.5,21.5
2162.0,21.144244925398777,21.53256117341956,6.901031463255567,21.0,0,-0.532561173419559,22.28996883550098,20.5,21.5
2163.0,21.14139628270635,21.602213605934015,6.900488506804772,21.0,0,-0.6022136059340149,22.298737931078573,20.5,21.5
2164.0,21.13854810115117,21.57233241007214,6.899944103049306,21.0,0,-0.5723324100721392,21.273520451453383,20.5,21.5
2165.0,21.135700380351548,21.591236282155077,6.8993982524037545,21.0,0,-0.5912362821550765,21.78027500298445,20.5,21.5
2166.0,21.132853119925958,21.607725899282656,6.898850955283808,21.0,0,-0.6077258992826557,21.772622070558448,20.5,21.5
2167.0,21.13000631949303,21.638852168144656,6.898302212106257,21.0,0,-0.6388521681446555,21.950114856764653,20.5,21.5
2168.0,21.127159978671553,21.62440464387401,6.8977520232889935,21.0,0,-0.6244046438740085,21.47992940116754,20.5,21.5
2169.0,21.124314097080475,21.617030933060413,6.89720038925101,21.0,0,-0.6170309330604127,21.543293824924454,20.5,21.5
2170.0,21.12146867433891,21.62048502572055,6.896647310412399,21.0,0,-0.6204850257205514,21.65502595232194,20.5,21.5
2171.0,21.118623710066124,21.60487564791225,6.896092787194355,21.0,0,-0.6048756479122517,21.448781869829254,20.5,21.5
2172.0,21.11577920388155,21.547740455745668,6.895536820019172,21.0,0,-0.547740455745668,20.97638853407983,20.5,21.5
2173.0,21.112935155404777,21.47515896299739,6.894979409310242,21.0,0,-0.4751589629973907,20.749344035514618,20.5,21.5
2174.0,21.11009156425556,21.4489947983787,6.894420555492058,21.0,0,-0.44899479837869904,21.187353152191783,20.5,21.5
2175.0,21.107248430053804,21.378781751945773,6.893860258990212,21.0,0,-0.37878175194577324,20.676651287616515,20.5,21.5
2176.0,21.10440575241959,21.357467380577113,6.893298520231393,21.0,0,-0.3574673805771127,21.144323666890507,20.5,21.5
2177.0,21.101563530973152,21.346870750315706,6.892735339643391,21.0,0,-0.3468707503157056,21.240904447701634,20.5,21.5
2178.0,21.098721765334886,21.3194754207832,6.892170717655091,21.0,0,-0.3194754207831991,21.045522125458135,20.5,21.5
2179.0,21.09588045512535,21.300306220361925,6.8916046546964775,21.0,0,-0.3003062203619251,21.108614216149185,20.5,21.5
2180.0,21.093039599965266,21.316703093983193,6.891037151198634,21.0,0,-0.3167030939831932,21.480671830195874,20.5,21.5
2181.0,21.090199199475514,21.31117139316625,6.890468207593736,21.0,0,-0.3111713931662514,21.255854384996834,20.5,21.5
2182.0,21.087359253277135,21.32635435327708,6.889897824315062,21.0,0,-0.32635435327707896,21.478183954385354,20.5,21.5
2183.0,21.08451976099134,21.438844037515427,6.889326001796981,21.0,0,-0.4388440375154268,22.563740879898905,20.5,21.5
2184.0,21.081680722239504,21.406617598015337,6.888752740474962,21.0,0,-0.4066175980153375,21.084353203014444,20.5,21.5
2185.0,21.07884213664315,21.401525650900176,6.888178040785569,21.0,0,-0.4015256509001759,21.35060617974856,20.5,21.5
2186.0,21.07600400382398,21.424915361139107,6.887601903166459,21.0,0,-0.42491536113910655,21.658812463528413,20.5,21.5
2187.0,21.073166323403846,21.372029063596216,6.887024328056388,21.0,0,-0.3720290635962158,20.843166088167308,20.5,21.5
2188.0,21.070329095004777,21.312816038402843,6.886445315895202,21.0,0,-0.31281603840284333,20.72068578646912,20.5,21.5
2189.0,21.067492318248956,21.332340690545117,6.885864867123846,21.0,0,-0.3323406905451165,21.527587211967848,20.5,21.5
2190.0,21.06465599275873,21.34894022090708,6.885282982184357,21.0,0,-0.34894022090708177,21.514935524526734,20.5,21.5
2191.0,21.061820118156614,21.329853682316724,6.884699661519864,21.0,0,-0.32985368231672396,21.138988296413146,20.5,21.5
2192.0,21.058984694065288,21.340659054049596,6.884114905574593,21.0,0,-0.3406590540495955,21.44871277137831,20.5,21.5
2193.0,21.05614972010759,21.39051599810815,6.883528714793861,21.0,0,-0.39051599810814963,21.88908543869369,20.5,21.5
2194.0,21.053315195906528,21.39656792866135,6.882941089624076,21.0,0,-0.3965679286613515,21.45708723419337,20.5,21.5
2195.0,21.050481121085273,21.320998373474026,6.882352030512742,21.0,0,-0.32099837347402627,20.565302821600774,20.5,21.5
2196.0,21.04764749526716,21.32003420990322,6.881761537908451,21.0,0,-0.32003420990321985,21.310392574195156,20.5,21.5
2197.0,21.044814318075687,21.318536764321973,6.881169612260891,21.0,0,-0.31853676432197275,21.303562308509502,20.5,21.5
2198.0,21.041981589134526,21.28998422385597,6.880576254020838,21.0,0,-0.28998422385597067,21.00445881919595,20.5,21.5
2199.0,21.039149308067504,21.22057472192224,6.87998146364016,21.0,0,-0.22057472192224026,20.526479702584936,20.5,21.5
2200.0,21.03631747449862,21.298895323611966,6.879385241571817,21.0,0,-0.2988953236119656,22.08210134050922,20.5,21.5
2201.0,21.033486088052037,21.300144376267674,6.878787588269857,21.0,0,-0.3001443762676743,21.31263490282476,20.5,21.5
2202.0,21.03065514835208,21.233912660435386,6.878188504189419,21.0,0,-0.2339126604353865,20.57159550211251,20.5,21.5
2203.0,21.027824655023245,21.170141532258345,6.877587989786731,21.0,0,-0.17014153225834505,20.53243025048793,20.5,21.5
2204.0,21.024994607690196,21.286455532925842,6.8769860455191125,21.0,0,-0.28645553292584225,22.449595539600814,20.5,21.5
2205.0,21.02216500597776,21.302984211130937,6.8763826718449685,21.0,0,-0.3029842111309371,21.468270993181886,20.5,21.5
2206.0,21.019335849510934,21.3053476951262,6.875777869223795,21.0,0,-0.3053476951262013,21.328982535078843,20.5,21.5
2207.0,21.01650713791488,21.458765343897188,6.875171638116177,21.0,0,-0.4587653438971877,22.99294183160705,20.5,21.5
2208.0,21.013678870814918,21.42330769568104,6.874563978983783,21.0,0,-0.4233076956810393,21.068731213519555,20.5,21.5
2209.0,21.010851047836553,21.35115449415353,6.873954892289374,21.0,0,-0.35115449415352984,20.629622478878435,20.5,21.5
2210.0,21.008023668605443,21.30439212487095,6.873344378496795,21.0,0,-0.3043921248709509,20.83676843204516,20.5,21.5
2211.0,21.00519673274742,21.3055226536833,6.8727324380709796,21.0,0,-0.3055226536833011,21.316827941806803,20.5,21.5
2212.0,21.002370239888485,21.237779176150728,6.872119071477947,21.0,0,-0.23777917615072752,20.56034440082499,20.5,21.5
2213.0,20.999544189654802,21.265363624677136,6.871504279184801,21.0,0,-0.2653636246771356,21.541208109941216,20.5,21.5
2214.0,20.99671858167271,21.2485716372097,6.870888061659734,21.0,0,-0.2485716372097002,21.080651762535346,20.5,21.5
2215.0,20.993893415568706,21.282765786467838,6.870270419372023,21.0,0,-0.2827657864678379,21.624707279049215,20.5,21.5
2216.0,20.991068690969467,21.297314415701624,6.869651352792029,21.0,0,-0.2973144157016243,21.44280070803949,20.5,21.5
2217.0,20.98824440750183,21.305003293526216,6.869030862391197,21.0,0,-0.3050032935262159,21.381892071772132,20.5,21.5
2218.0,20.985420564792808,21.306836295385533,6.86840894864206,21.0,0,-0.3068362953855335,21.32516631397871,20.5,21.5
2219.0,20.982597162469578,21.379889858374558,6.867785612018229,21.0,0,-0.3798898583745576,22.1104254882648,20.5,21.5
2220.0,20.979774200159486,21.402382471637864,6.867160852994403,21.0,0,-0.4023824716378641,21.62730860427093,20.5,21.5
2221.0,20.976951677490053,21.35265066249345,6.866534672046365,21.0,0,-0.3526506624934491,20.8553325710493,20.5,21.5
2222.0,20.974129594088964,21.30286919032929,6.865907069650978,21.0,0,-0.3028691903292895,20.805054468687693,20.5,21.5
2223.0,20.971307949584077,21.310356741092043,6.865278046286188,21.0,0,-0.31035674109204336,21.385232248719582,20.5,21.5
2224.0,20.968486743603417,21.220018503062555,6.864647602431024,21.0,1,-0.22001850306255477,20.31663612276767,20.5,21.5
2225.0,20.985665975775184,21.206467571031126,6.864015738565597,21.0,1,-0.20646757103112634,21.070958250716842,20.5,21.5
2226.0,21.00284164572774,21.160001911359572,6.863382455171098,21.0,1,-0.1600019113595721,20.69534531464403,20.5,21.5
2227.0,21.02001375388963,21.145398512215603,6.8627477527298,21.0,1,-0.1453985122156034,20.999364520775917,20.5,21.5
2228.0,21.0371823006894,21.2139396941785,6.862111631725057,21.0,0,-0.21393969417849945,21.89935151380746,20.5,21.5
2229.0,21.034347286555604,21.323638852583173,6.861474092641302,21.0,0,-0.3236388525831728,22.420630436629907,20.5,21.5
2230.0,21.03151271191682,21.28024880341621,6.860835135964049,21.0,0,-0.2802488034162103,20.846348311746585,20.5,21.5
2231.0,21.02867857640163,21.430954115231458,6.860194762179892,21.0,0,-0.430954115231458,22.938007233383935,20.5,21.5
2232.0,21.025844879638786,21.423173361587054,6.859552971776503,21.0,0,-0.4231733615870539,21.345365825143013,20.5,21.5
2233.0,21.023011621257215,21.357781489128893,6.8589097652426325,21.0,0,-0.35778148912889307,20.703862764547285,20.5,21.5
2234.0,21.02017880088601,21.32221312731466,6.858265143068112,21.0,0,-0.32221312731466156,20.966529509172346,20.5,21.5
2235.0,21.017346418154446,21.351861322855644,6.857619105743849,21.0,0,-0.351861322855644,21.648343278265468,20.5,21.5
2236.0,21.014514472691964,21.249048691541482,6.856971653761827,21.0,1,-0.24904869154148201,20.220922378399862,20.5,21.5
2237.0,21.031682964128176,21.307514636296006,6.856322787615111,21.0,0,-0.3075146362960055,21.89217408384124,20.5,21.5
2238.0,21.028847892092873,21.443101927776176,6.8556725077978395,21.0,0,-0.4431019277761763,22.798974842577884,20.5,21.5
2239.0,21.026013257016015,21.455208983876698,6.85502081480523,21.0,0,-0.45520898387669817,21.576279544881917,20.5,21.5
2240.0,21.02317905852757,21.45293604930935,6.854367709133575,21.0,0,-0.4529360493093506,21.430206703635875,20.5,21.5
2241.0,21.02034529625769,21.51331409991896,6.853713191280241,21.0,0,-0.5133140999189614,22.11709460601507,20.5,21.5
2242.0,21.017511969836697,21.50948579112309,6.8530572617436745,21.0,0,-0.5094857911230903,21.47120270316438,20.5,21.5
2243.0,21.014679078895078,21.45503150526438,6.852399921023393,21.0,0,-0.45503150526437963,20.910488646677273,20.5,21.5
2244.0,21.011846623063505,21.387351885987343,6.85174116961999,21.0,0,-0.3873518859873428,20.710555693216975,20.5,21.5
2245.0,21.009014601972815,21.37533411238922,6.851081008035133,21.0,0,-0.37533411238921843,21.255156376407975,20.5,21.5
2246.0,21.006183015254027,21.34935925717142,6.850419436771564,21.0,0,-0.3493592571714217,21.089610704993454,20.5,21.5
2247.0,21.00335186253833,21.365029426327766,6.8497564563330995,21.0,0,-0.3650294263277658,21.521731117891207,20.5,21.5
2248.0,21.00052114345709,21.306789028439944,6.8490920672246265,21.0,0,-0.30678902843994393,20.724385049561725,20.5,21.5
2249.0,20.997690857641842,21.341266758728125,6.848426269952107,21.0,0,-0.34126675872812484,21.686044061609934,20.5,21.5
2250.0,20.994861004724303,21.408735247115384,6.847759065022574,21.0,0,-0.4087352471153842,22.083420130987978,20.5,21.5
2251.0,20.992031584336363,21.386967421862646,6.847090452944133,21.0,0,-0.38696742186264643,21.16928916933527,20.5,21.5
2252.0,20.989202596110086,21.32213061438164,6.846420434225962,21.0,0,-0.3221306143816385,20.67376253957156,20.5,21.5
2253.0,20.98637403967771,21.342407815474605,6.845749009378308,21.0,0,-0.34240781547460486,21.54517982640427,20.5,21.5
2254.0,20.983545914671648,21.357775862280974,6.8450761789124925,21.0,0,-0.3577758622809739,21.511456330344664,20.5,21.5
2255.0,20.980718220724498,21.233289996549132,6.844401943340904,21.0,1,-0.23328999654913218,19.988431339230715,20.5,21.5
2256.0,20.99789095746902,21.28690711914814,6.843726303177001,21.0,0,-0.2869071191481396,21.823078345138214,20.5,21.5
2257.0,20.995060124538163,21.320792687710288,6.843049258935315,21.0,0,-0.3207926877102878,21.65964837333177,20.5,21.5
2258.0,20.992229722365042,21.275595771106445,6.842370811131443,21.0,0,-0.2755957711064454,20.82362660506802,20.5,21.5
2259.0,20.989399750582795,21.261538017053876,6.841690960282053,21.0,0,-0.26153801705387636,21.120960476528186,20.5,21.5
2260.0,20.986570208824734,21.29163873876268,6.841009706904881,21.0,0,-0.29163873876267843,21.5926459558507,20.5,21.5
2261.0,20.98374109672435,21.322474664417587,6.840327051518731,21.0,0,-0.3224746644175873,21.630833920966676,20.5,21.5
2262.0,20.98091241391531,21.26758285439908,6.839642994643476,21.0,0,-0.26758285439908036,20.71866475421401,20.5,21.5
2263.0,20.978084160031454,21.23579752891799,6.838957536800052,21.0,0,-0.23579752891798833,20.917944274107068,20.5,21.5
2264.0,20.975256334706806,21.14023883864753,6.838270678510469,21.0,1,-0.14023883864753017,20.18465193594295,20.5,21.5
2265.0,20.992428937575568,21.135285150670413,6.837582420297797,21.0,1,-0.1352851506704127,21.085748270899238,20.5,21.5
2266.0,21.00959796827211,21.04153689551507,6.836892762686174,21.0,1,-0.041536895515069006,20.104054343961632,20.5,21.5
2267.0,21.026763427230993,21.046632239689476,6.836201706200806,21.0,1,-0.04663223968947605,21.097585681433547,20.5,21.5
2268.0,21.043925314886785,21.09153681874324,6.835509251367963,21.0,0,-0.09153681874323993,21.54058260928088,20.5,21.5
2269.0,21.04108363167408,21.25301747838522,6.8348153987149765,21.0,0,-0.25301747838522104,22.867824074805032,20.5,21.5
2270.0,21.03824237802749,21.303221833715984,6.834120148770248,21.0,0,-0.303221833715984,21.805265387023613,20.5,21.5
2271.0,21.03540155358164,21.34135598387163,6.833423502063241,21.0,0,-0.3413559838716296,21.722697485428085,20.5,21.5
2272.0,21.032561157971337,21.43393597962137,6.832725459124479,21.0,0,-0.43393597962137065,22.35973593711878,20.5,21.5
2273.0,21.029721190831566,21.47301500852768,6.832026020485555,21.0,0,-0.4730150085276783,21.863805297590755,20.5,21.5
2274.0,21.026881651797495,21.35128985585195,6.8313251866791225,21.0,1,-0.35128985585194883,20.134038329094654,20.5,21.5
2275.0,21.04404254050447,21.274172871763948,6.830622958238894,21.0,1,-0.2741728717639482,20.503003030883942,20.5,21.5
2276.0,21.06119985658802,21.239468986870595,6.82991933569965,21.0,1,-0.2394689868705946,20.89243013793706,20.5,21.5
2277.0,21.07835360048384,21.262306701401414,6.829214319597227,21.0,1,-0.262306701401414,21.490683846709608,20.5,21.5
2278.0,21.095503772627662,21.207557603515074,6.828507910468527,21.0,1,-0.2075576035150739,20.660066624651673,20.5,21.5
2279.0,21.11265037345523,21.26121312752456,6.827800108851512,21.0,0,-0.2612131275245595,21.797768367619415,20.5,21.5
2280.0,21.10979340340231,21.341911921792803,6.8270909152852015,21.0,0,-0.3419119217928035,22.148899864475244,20.5,21.5
2281.0,21.106936862904686,21.424325417695712,6.8263803303096795,21.0,0,-0.4243254176957123,22.2484603767248,20.5,21.5
2282.0,21.10408075159817,21.41912142555801,6.825668354466085,21.0,0,-0.4191214255580107,21.367081504180995,20.5,21.5
2283.0,21.10122506911874,21.424099281907743,6.824954988296621,21.0,0,-0.4240992819077434,21.47387784540507,20.5,21.5
2284.0,21.098369815102576,21.49182317643846,6.824240232344546,21.0,0,-0.49182317643845863,22.16906212174561,20.5,21.5
2285.0,21.095514989186025,21.476176501411736,6.823524087154177,21.0,0,-0.47617650141173584,21.319709751144508,20.5,21.5
2286.0,21.092660591005618,21.37591197828348,6.82280655327089,21.0,1,-0.37591197828347944,20.373266747000915,20.5,21.5
2287.0,21.10980662019807,21.40131127815466,6.82208763124112,21.0,0,-0.4013112781546617,21.655304276866485,20.5,21.5
2288.0,21.10694907640028,21.468180518566292,6.821367321612354,21.0,0,-0.4681805185662924,22.1368729226826,20.5,21.5
2289.0,21.104091960049324,21.462544730238395,6.820645624933142,21.0,0,-0.4625447302383954,21.406186846959425,20.5,21.5
2290.0,21.1012352707823,21.449667899915305,6.819922541753087,21.0,0,-0.44966789991530476,21.3208995966844,20.5,21.5
2291.0,21.098379008236495,21.47728340131315,6.8191980726228465,21.0,0,-0.4772834013131515,21.75343841529162,20.5,21.5
2292.0,21.095523172049372,21.37201313331719,6.818472218094137,21.0,1,-0.3720131333171892,20.319310453357566,20.5,21.5
2293.0,21.11266776185858,21.304542628888463,6.817744978719729,21.0,1,-0.30454262888846273,20.629837584601198,20.5,21.5
2294.0,21.129808777301953,21.283147441623097,6.817016355053443,21.0,1,-0.2831474416230968,21.069195568969437,20.5,21.5
2295.0,21.146946218817504,21.30781426974661,6.816286347650163,21.0,0,-0.3078142697466113,21.554482550981756,20.5,21.5
2296.0,21.14408008684327,21.301722103898356,6.815554957065817,21.0,0,-0.3017221038983564,21.240800445415807,20.5,21.5
2297.0,21.141214381817317,21.379805122957652,6.814822183857394,21.0,0,-0.37980512295765223,22.16063531355061,20.5,21.5
2298.0,21.138349103377724,21.47445365325354,6.81408802858293,21.0,0,-0.4744536532535406,22.420938956212424,20.5,21.5
2299.0,21.135484251162765,21.478518845805826,6.813352491801518,21.0,0,-0.4785188458058265,21.519170771328685,20.5,21.5
2300.0,21.13261982481089,21.542399086161304,6.8126155740733,21.0,0,-0.5423990861613035,22.181201489716074,20.5,21.5
2301.0,21.129755823960743,21.580327575238726,6.811877275959472,21.0,0,-0.5803275752387265,21.959612466012956,20.5,21.5
2302.0,21.126892248251142,21.46192902306952,6.811137598022279,21.0,1,-0.4619290230695192,20.277943501377447,20.5,21.5
2303.0,21.144029097321095,21.35232183776396,6.810396540825019,21.0,1,-0.3523218377639594,20.25624998470836,20.5,21.5
2304.0,21.161162370809794,21.395762722017917,6.809654104932039,21.0,0,-0.39576272201791696,21.830171564557492,20.5,21.5
2305.0,21.15829206915662,21.373647911954038,6.808910290908736,21.0,0,-0.3736479119540377,21.152499811315245,20.5,21.5
2306.0,21.15542219280097,21.375660126507512,6.808165099321557,21.0,0,-0.3756601265075119,21.395782272042254,20.5,21.5
2307.0,21.152552741382273,21.51205362038528,6.807418530737998,21.0,0,-0.5120536203852808,22.87598855916297,20.5,21.5
2308.0,21.149683714540146,21.505660563766014,6.806670585726602,21.0,0,-0.5056605637660141,21.441729997573347,20.5,21.5
2309.0,21.146815111914382,21.43788058716255,6.805921264856963,21.0,0,-0.4378805871625495,20.760080821127904,20.5,21.5
2310.0,21.14394693314497,21.4201648426735,6.8051705686997215,21.0,0,-0.4201648426735005,21.24300739778301,20.5,21.5
2311.0,21.141079177872083,21.3346108433776,6.804418497826565,21.0,1,-0.3346108433776003,20.479070850418598,20.5,21.5
2312.0,21.158211845736073,21.281737398064205,6.803665052810228,21.0,1,-0.2817373980642053,20.753002944930255,20.5,21.5
2313.0,21.175340936377488,21.36480314728268,6.802910234224491,21.0,0,-0.3648031472826787,22.195460639467413,20.5,21.5
2314.0,21.172466450237057,21.335545884125764,6.802154042644183,21.0,0,-0.33554588412576436,21.04297325255662,20.5,21.5
2315.0,21.16959238775554,21.285185614355676,6.8013964786451755,21.0,0,-0.2851856143556759,20.78158291665479,20.5,21.5
2316.0,21.166718748573718,21.36045583424496,6.800637542804387,21.0,0,-0.3604558342449593,22.113158033137793,20.5,21.5
2317.0,21.163845532332566,21.41600049227528,6.79987723569978,21.0,0,-0.41600049227528046,21.971447072578492,20.5,21.5
2318.0,21.16097273867324,21.39685895458405,6.799115557910361,21.0,0,-0.39685895458405085,21.205443577671755,20.5,21.5
2319.0,21.15810036723709,21.352356951606716,6.798352510016181,21.0,0,-0.35235695160671554,20.907336921833362,20.5,21.5
2320.0,21.155228417665647,21.474956733731688,6.7975880925983345,21.0,0,-0.47495673373168756,22.700954554981408,20.5,21.5
2321.0,21.152356889600632,21.496568095548007,6.7968223062389574,21.0,0,-0.49656809554800674,21.7126817137112,20.5,21.5
2322.0,21.14948578268396,21.412136899697337,6.796055151521231,21.0,0,-0.41213689969733736,20.567824941190644,20.5,21.5
2323.0,21.146615096557728,21.41809391246702,6.795286629029377,21.0,0,-0.41809391246702177,21.477664040163866,20.5,21.5
2324.0,21.14374483086422,21.53757678680977,6.794516739348657,21.0,0,-0.537576786809769,22.73240553023724,20.5,21.5
2325.0,21.14087498524592,21.482585246870887,6.7937454830653765,21.0,0,-0.48258524687088666,20.932669847482064,20.5,21.5
2326.0,21.138005559345483,21.4634339144773,6.792972860766881,21.0,0,-0.4634339144772994,21.271920590541427,20.5,21.5
2327.0,21.13513655280577,21.47518036216871,6.7921988730415555,21.0,0,-0.47518036216871096,21.592644839082826,20.5,21.5
2328.0,21.132267965269815,21.53892172866743,6.791423520478826,21.0,0,-0.5389217286674288,22.176335393654607,20.5,21.5
2329.0,21.129399796380856,21.555376982604656,6.790646803669156,21.0,0,-0.5553769826046562,21.71992952197693,20.5,21.5
2330.0,21.126532045782312,21.48783374621268,6.78986872320405,21.0,0,-0.4878337462126794,20.81240138229291,20.5,21.5
2331.0,21.123664713117797,21.518119121219314,6.78908927967605,21.0,0,-0.5181191212193141,21.82097287128566,20.5,21.5
2332.0,21.12079779803111,21.521034053324875,6.788308473678736,21.0,0,-0.5210340533248754,21.550183374380488,20.5,21.5
2333.0,21.117931300166237,21.454774392891142,6.787526305806726,21.0,0,-0.4547743928911423,20.79217778855381,20.5,21.5
2334.0,21.115065219167366,21.336994247906613,6.786742776655675,21.0,1,-0.33699424790661325,20.159192798061323,20.5,21.5
2335.0,21.132199554678863,21.362234718700297,6.785957886822274,21.0,0,-0.36223471870029655,21.61463942663713,20.5,21.5
2336.0,21.12933030634529,21.341548679679285,6.785171636904251,21.0,0,-0.3415486796792848,21.134688289469167,20.5,21.5
2337.0,21.126461474611403,21.377139009792685,6.784384027500369,21.0,0,-0.37713900979268544,21.73304231092669,20.5,21.5
2338.0,21.12359305912198,21.405657532746027,6.783595059210429,21.0,0,-0.40565753274602656,21.690842762279438,20.5,21.5
2339.0,21.120725059521998,21.389123136269397,6.782804732635261,21.0,0,-0.3891231362693972,21.223779171503104,20.5,21.5
2340.0,21.11785747545662,21.436519034349185,6.782013048376736,21.0,0,-0.4365190343491854,21.910478015147067,20.5,21.5
2341.0,21.114990306571205,21.381985199839136,6.781220007037755,21.0,0,-0.3819851998391357,20.83664685473864,20.5,21.5
2342.0,21.1121235525113,21.39055535597447,6.780425609222253,21.0,0,-0.39055535597447033,21.476256917327817,20.5,21.5
2343.0,21.109257212922643,21.37719336659668,6.7796298555352,21.0,0,-0.37719336659667846,21.24357347281876,20.5,21.5
2344.0,21.106391287451164,21.409980484923747,6.778832746582595,21.0,0,-0.4099804849237465,21.737851668194427,20.5,21.5
2345.0,21.10352577574299,21.463529974301753,6.778034282971473,21.0,0,-0.46352997430175336,21.999024868081822,20.5,21.5
2346.0,21.100660677444438,21.426319331027173,6.777234465309897,21.0,0,-0.4263193310271731,21.05421289828137,20.5,21.5
2347.0,21.097795992202013,21.363657955992643,6.776433294206965,21.0,0,-0.36365795599264317,20.737044205647344,20.5,21.5
2348.0,21.094931719662412,21.357412004027257,6.7756307702728025,21.0,0,-0.3574120040272568,21.294952484373393,20.5,21.5
2349.0,21.092067859472536,21.388388017759333,6.774826894118567,21.0,0,-0.3883880177593326,21.69814815508009,20.5,21.5
2350.0,21.089204411279464,21.285548798969657,6.774021666356443,21.0,1,-0.285548798969657,20.2571566110729,20.5,21.5
2351.0,21.10634137473048,21.360904469201603,6.77321508759965,21.0,0,-0.36090446920160346,22.114461171521068,20.5,21.5
2352.0,21.103474749473055,21.44618702352983,6.772407158462429,21.0,0,-0.44618702352983064,22.299012566812102,20.5,21.5
2353.0,21.10060853595485,21.455280921756138,6.771597879560057,21.0,0,-0.4552809217561382,21.546219904019214,20.5,21.5
2354.0,21.097742733823573,21.50833118853931,6.770787251508832,21.0,0,-0.5083311885393087,22.038833856371014,20.5,21.5
2355.0,21.09487734272711,21.494127137359545,6.769975274926084,21.0,0,-0.49412713735954483,21.352086625561906,20.5,21.5
2356.0,21.09201236231355,21.450522476236834,6.769161950430168,21.0,0,-0.4505224762368343,21.01447586500973,20.5,21.5
2357.0,21.089147792231174,21.36917076893253,6.768347278640467,21.0,0,-0.36917076893253054,20.555653695889493,20.5,21.5
2358.0,21.086283632128456,21.33055981276158,6.767531260177387,21.0,0,-0.33055981276158164,20.944450251052093,20.5,21.5
2359.0,21.083419881654066,21.27238493944261,6.766713895662363,21.0,0,-0.27238493944260966,20.69063620625289,20.5,21.5
2360.0,21.080556540456868,21.31349743556587,6.765895185717854,21.0,0,-0.3134974355658713,21.724622396798488,20.5,21.5
2361.0,21.07769360818592,21.37415707936681,6.765075130967342,21.0,0,-0.3741570793668103,21.9807535173762,20.5,21.5
2362.0,21.074831084490476,21.396074141421337,6.7642537320353355,21.0,0,-0.39607414142133734,21.615244761966608,20.5,21.5
2363.0,21.071968969019984,21.33746553081764,6.7634309895473645,21.0,0,-0.33746553081763864,20.75137942478065,20.5,21.5
2364.0,21.06910726142409,21.34322563566173,6.762606904129985,21.0,0,-0.3432256356617316,21.40082668410266,20.5,21.5
2365.0,21.06624596135263,21.28734942221872,6.761781476410771,21.0,0,-0.2873494222187212,20.728587287788617,20.5,21.5
2366.0,21.063385068455645,21.256189066562484,6.760954707018324,21.0,0,-0.2561890665624844,20.944585510000117,20.5,21.5
2367.0,21.06052458238336,21.23774687610507,6.760126596582264,21.0,0,-0.23774687610507073,21.053324971530934,20.5,21.5
2368.0,21.0576645027862,21.26975939978255,6.759297145733233,21.0,0,-0.2697593997825507,21.58988463655735,20.5,21.5
2369.0,21.05480482931479,21.301135390707806,6.758466355102895,21.0,0,-0.30113539070780604,21.61489529996036,20.5,21.5
2370.0,21.05194556161995,21.319275846975717,6.7576342253239305,21.0,0,-0.3192758469757173,21.50068040965483,20.5,21.5
2371.0,21.04908669935269,21.271516730263187,6.756800757030046,21.0,0,-0.2715167302631869,20.793925563137883,20.5,21.5
2372.0,21.046228242164226,21.29948992752073,6.755965950855961,21.0,0,-0.29948992752073167,21.57922190009618,20.5,21.5
2373.0,21.043370189705964,21.318642191368923,6.755129807437418,21.0,0,-0.318642191368923,21.510164829850837,20.5,21.5
2374.0,21.04051254162951,21.21871961363733,6.754292327411178,21.0,1,-0.2187196136373295,20.219493836321394,20.5,21.5
2375.0,21.057655297586667,21.175848990749174,6.753453511415016,21.0,1,-0.1758489907491736,20.747142761867615,20.5,21.5
2376.0,21.074794457229434,21.162506233314048,6.752613360087727,21.0,1,-0.16250623331404768,21.02907865896279,20.5,21.5
2377.0,21.091930021010004,21.162425044223856,6.751771874069124,21.0,1,-0.1624250442238555,21.161613153321934,20.5,21.5
2378.0,21.109061989380617,21.25828112945282,6.750929054000036,21.0,0,-0.25828112945281845,22.216841981742448,20.5,21.5
2379.0,21.10619036279354,21.341420723522212,6.750084900522305,21.0,0,-0.3414207235222122,22.17281666421615,20.5,21.5
2380.0,21.103319141701085,21.392272952191732,6.749239414278792,21.0,0,-0.39227295219173186,21.90079523888693,20.5,21.5
2381.0,21.1004483257556,21.480763175023313,6.748392595913371,21.0,0,-0.4807631750233128,22.365665403339122,20.5,21.5
2382.0,21.097577914609634,21.501460887707022,6.747544446070931,21.0,0,-0.5014608877070224,21.708438014544118,20.5,21.5
2383.0,21.094707907915925,21.41677416925411,6.746694965397375,21.0,0,-0.41677416925411137,20.569906984725,20.5,21.5
2384.0,21.09183830532742,21.391753541160632,6.74584415453962,21.0,0,-0.3917535411606323,21.141547260225842,20.5,21.5
2385.0,21.088969106497263,21.408588077483753,6.744992014145594,21.0,0,-0.4085880774837527,21.576933440714956,20.5,21.5
2386.0,21.08610031107879,21.38101256897266,6.744138544864241,21.0,0,-0.3810125689726611,21.105257483861745,20.5,21.5
2387.0,21.08323191872555,21.34450383256531,6.743283747345514,21.0,0,-0.3445038325653087,20.979416468491785,20.5,21.5
2388.0,21.080363929091273,21.386540027982726,6.742427622240379,21.0,0,-0.3865400279827256,21.806901982156894,20.5,21.5
2389.0,21.077496341829903,21.460864458275136,6.741570170200812,21.0,0,-0.460864458275136,22.20410876119924,20.5,21.5
2390.0,21.074629156595577,21.408742411761793,6.740711391879799,21.0,0,-0.4087424117617928,20.88752194662836,20.5,21.5
2391.0,21.071762373042635,21.375830602381754,6.739851287931339,21.0,0,-0.3758306023817539,21.046712508581365,20.5,21.5
2392.0,21.068895990825613,21.405927871085357,6.738989859010438,21.0,0,-0.4059278710853569,21.706900558121387,20.5,21.5
2393.0,21.06603000959925,21.385957343142785,6.738127105773111,21.0,0,-0.38595734314278474,21.186252063717063,20.5,21.5
2394.0,21.063164429018485,21.37774161117571,6.737263028876383,21.0,0,-0.37774161117571126,21.295584291504976,20.5,21.5
2395.0,21.060299248738456,21.46546181118174,6.736397628978285,21.0,0,-0.4654618111817399,22.342663811242026,20.5,21.5
2396.0,21.057434468414503,21.517840948071836,6.735530906737857,21.0,0,-0.5178409480718358,22.041632316972795,20.5,21.5
2397.0,21.054570087702167,21.487467312758117,6.734662862815146,21.0,0,-0.48746731275811683,21.183730959620927,20.5,21.5
2398.0,21.05170610625719,21.4554488455042,6.733793497871206,21.0,0,-0.4554488455042005,21.135264172965037,20.5,21.5
2399.0,21.048842523735512,21.422477927596482,6.732922812568095,21.0,0,-0.42247792759648206,21.092768748519298,20.5,21.5
2400.0,21.04597933979328,21.30941991925029,6.732050807568878,21.0,1,-0.30941991925028844,20.178839835788352,20.5,21.5
2401.0,21.063116554086836,21.265424552411357,6.731177483537624,21.0,1,-0.265424552411357,20.825470884022042,20.5,21.5
2402.0,21.080250166272727,21.299123111849543,6.730302841139409,21.0,0,-0.29912311184954277,21.6361087062314,20.5,21.5
2403.0,21.0773801768077,21.3406186745918,6.72942688104031,21.0,0,-0.3406186745917985,21.755574302014356,20.5,21.5
2404.0,21.07451058614855,21.35944553923941,6.7285496039074095,21.0,0,-0.3594455392394096,21.54771418571552,20.5,21.5
2405.0,21.0716413939521,21.48972017705856,6.727671010408791,21.0,0,-0.48972017705856175,22.792466555250083,20.5,21.5
2406.0,21.06877259987539,21.46838828532566,6.726791101213544,21.0,0,-0.4683882853256591,21.255069367996633,20.5,21.5
2407.0,21.06590420357566,21.445778321774245,6.7259098769917545,21.0,0,-0.44577832177424526,21.219678686260107,20.5,21.5
2408.0,21.063036204710343,21.463547954258036,6.725027338414515,21.0,0,-0.4635479542580363,21.641244279095947,20.5,21.5
2409.0,21.060168602937082,21.41473807560802,6.724143486153917,21.0,0,-0.414738075608021,20.926639289107868,20.5,21.5
2410.0,21.057301397913726,21.361314325759984,6.723258320883052,21.0,0,-0.36131432575998446,20.82707682727962,20.5,21.5
2411.0,21.05443458929832,21.412242446619807,6.722371843276012,21.0,0,-0.4122424466198069,21.92152365521803,20.5,21.5
2412.0,21.051568176749118,21.38521395589732,6.721484054007887,21.0,0,-0.38521395589732066,21.114929048672458,20.5,21.5
2413.0,21.04870215992457,21.347527193173967,6.72059495375477,21.0,0,-0.34752719317396696,20.97065956594043,20.5,21.5
2414.0,21.045836538483336,21.357213641106217,6.719704543193747,21.0,0,-0.3572136411062168,21.454078120428715,20.5,21.5
2415.0,21.042971312084276,21.367097376285884,6.718812823002906,21.0,0,-0.36709737628588357,21.46593472808255,20.5,21.5
2416.0,21.04010648038646,21.33680832827435,6.717919793861329,21.0,0,-0.33680832827435125,21.033917848159028,20.5,21.5
2417.0,21.037242043049154,21.35637180896623,6.7170254564490985,21.0,0,-0.3563718089662302,21.55200661588502,20.5,21.5
2418.0,21.034377999731834,21.359134739312985,6.7161298114472885,21.0,0,-0.3591347393129851,21.386764042780534,20.5,21.5
2419.0,21.031514350094177,21.27617137427031,6.715232859537975,21.0,1,-0.2761713742703087,20.446537723843544,20.5,21.5
2420.0,21.048651093796067,21.17377474322267,6.714334601404225,21.0,1,-0.17377474322266906,20.149808432746273,20.5,21.5
2421.0,21.065784230497588,21.16192418317729,6.7134350377300995,21.0,1,-0.16192418317729107,21.04341858272351,20.5,21.5
2422.0,21.082913760659036,21.155836689886694,6.712534169200657,21.0,1,-0.1558366898866943,21.094961756980727,20.5,21.5
2423.0,21.100039684740743,21.10661398973067,6.711631996501946,21.0,1,-0.10661398973066838,20.61438698817041,20.5,21.5
2424.0,21.117162003203095,21.11244641821667,6.710728520321013,21.0,1,-0.11244641821667045,21.17077070307669,20.5,21.5
2425.0,21.13428071650652,21.302185828077192,6.709823741345893,21.0,0,-0.3021858280771923,23.19957992668241,20.5,21.5
2426.0,21.13139582511149,21.340191792007865,6.708917660265614,21.0,0,-0.34019179200786454,21.720251431314587,20.5,21.5
2427.0,21.12851132947852,21.367237178542837,6.708010277770199,21.0,0,-0.3672371785428368,21.63769104389256,20.5,21.5
2428.0,21.12562722926818,21.357926306951065,6.707101594550655,21.0,0,-0.35792630695106453,21.264817591033342,20.5,21.5
2429.0,21.122743524141235,21.44320942279642,6.706191611298986,21.0,0,-0.4432094227964214,22.29604058124999,20.5,21.5
2430.0,21.119860213758667,21.429147216837713,6.705280328708184,21.0,0,-0.4291472168377126,21.288525157250625,20.5,21.5
2431.0,21.116977297781656,21.39999970343938,6.704367747472231,21.0,0,-0.39999970343938074,21.108524569456062,20.5,21.5
2432.0,21.114094775871592,21.326990030983147,6.703453868286095,21.0,0,-0.32699003098314705,20.59689330642081,20.5,21.5
2433.0,21.111212647690074,21.324256938270658,6.702538691845737,21.0,0,-0.3242569382706577,21.296926011145764,20.5,21.5
2434.0,21.108330912898904,21.296779938253536,6.701622218848103,21.0,0,-0.2967799382535361,21.02200993808232,20.5,21.5
2435.0,21.105449571160094,21.183422408320506,6.700704449991126,21.0,1,-0.1834224083205065,20.04984710899021,20.5,21.5
2436.0,21.12256862213586,21.262328905395645,6.699785385973728,21.0,0,-0.2623289053956448,22.051393876147028,20.5,21.5
2437.0,21.119684065488627,21.32092719380368,6.698865027495816,21.0,0,-0.32092719380367996,21.90691007788403,20.5,21.5
2438.0,21.116799901681027,21.33711583329482,6.6979433752582835,21.0,0,-0.33711583329482053,21.499002228206226,20.5,21.5
2439.0,21.113916130375742,21.332641927110494,6.697020429963008,21.0,0,-0.3326419271104939,21.287902865267228,20.5,21.5
2440.0,21.11103275123566,21.372457504676483,6.696096192312853,21.0,0,-0.37245750467648264,21.77061328033637,20.5,21.5
2441.0,21.108149763923873,21.300706651091293,6.695170663011664,21.0,0,-0.3007066510912928,20.583198115239394,20.5,21.5
2442.0,21.10526716810369,21.238892288708023,6.6942438427642745,21.0,0,-0.2388922887080227,20.62074866487532,20.5,21.5
2443.0,21.102384963438624,21.331402528017332,6.6933157322764965,21.0,0,-0.33140252801733183,22.256504921110423,20.5,21.5
2444.0,21.09950314959239,21.365953660876876,6.692386332255128,21.0,0,-0.3659536608768761,21.71146498947232,20.5,21.5
2445.0,21.09662172622892,21.39430393125522,6.691455643407947,21.0,0,-0.39430393125521945,21.677806635038653,20.5,21.5
2446.0,21.093740693012357,21.439188059198028,6.690523666443712,21.0,0,-0.4391880591980275,21.888029338626108,20.5,21.5
2447.0,21.090860049607045,21.527160903432183,6.689590402072167,21.0,0,-0.5271609034321827,22.406889345773735,20.5,21.5
2448.0,21.087979795677537,21.492061545482603,6.688655851004031,21.0,0,-0.4920615454826027,21.141067965986803,20.5,21.5
2449.0,21.085099930888603,21.51885882326099,6.687720013951005,21.0,0,-0.5188588232609916,21.78683160104488,20.5,21.5
2450.0,21.082220454905215,21.496536792103107,6.686782891625771,21.0,0,-0.4965367921031074,21.273316480524265,20.5,21.5
2451.0,21.07934136739256,21.511638286632852,6.685844484741988,21.0,0,-0.5116382866328522,21.6626532319303,20.5,21.5
2452.0,21.076462668016028,21.526661981276014,6.684904794014295,21.0,0,-0.526661981276014,21.676898927707633,20.5,21.5
2453.0,21.073584356441227,21.559895245802537,6.683963820158305,21.0,0,-0.5598952458025366,21.892227891067762,20.5,21.5
2454.0,21.07070643233397,21.46775569626562,6.6830215638906125,21.0,0,-0.46775569626561975,20.54636020089645,20.5,21.5
2455.0,21.067828895360282,21.412211283390775,6.682078025928785,21.0,0,-0.41221128339077495,20.856767154642327,20.5,21.5
2456.0,21.064951745186395,21.414666325396183,6.681133206991369,21.0,0,-0.4146663253961833,21.439216745450267,20.5,21.5
2457.0,21.062074981478755,21.407463821847617,6.6801871077978845,21.0,0,-0.4074638218476174,21.33543878636196,20.5,21.5
2458.0,21.05919860390402,21.397519972086968,6.679239729068827,21.0,0,-0.3975199720869682,21.298081474480476,20.5,21.5
2459.0,21.05632261212905,21.48776977564415,6.678291071525666,21.0,0,-0.4877697756441499,22.390267811215967,20.5,21.5
2460.0,21.05344700582093,21.452553654696594,6.677341135890849,21.0,0,-0.4525536546965938,21.100392445221033,20.5,21.5
2461.0,21.050571784646944,21.393124034077935,6.676389922887788,21.0,0,-0.3931240340779354,20.79882782789135,20.5,21.5
2462.0,21.04769694827459,21.284288575721234,6.6754374332408775,21.0,1,-0.28428857572123434,20.195933992154224,20.5,21.5
2463.0,21.064822496371583,21.274098386101535,6.674483667675478,21.0,1,-0.27409838610153514,21.172196489904543,20.5,21.5
2464.0,21.081944428605844,21.221705620283434,6.673528626917923,21.0,1,-0.22170562028343355,20.697777962102418,20.5,21.5
2465.0,21.099062745445508,21.397382940445816,6.672572311695519,21.0,0,-0.3973829404458158,23.15415614206964,20.5,21.5
2466.0,21.09617744735876,21.424333942527674,6.671614722736541,21.0,0,-0.4243339425276744,21.69384396334626,20.5,21.5
2467.0,21.093292534813834,21.485581033265575,6.670655860770234,21.0,0,-0.485581033265575,22.09805194064458,20.5,21.5
2468.0,21.090408007479024,21.440443769525245,6.669695726526814,21.0,0,-0.44044376952524544,20.98907113212195,20.5,21.5
2469.0,21.087523865022835,21.484716108534606,6.668734320737463,21.0,0,-0.4847161085346059,21.92743949862821,20.5,21.5
2470.0,21.084640107113977,21.340700300204627,6.667771644134336,21.0,1,-0.3407003002046274,19.900542216904842,20.5,21.5
2471.0,21.101756733421382,21.391264696493014,6.666807697450553,21.0,0,-0.391264696493014,21.89690865937688,20.5,21.5
2472.0,21.098869743614188,21.360375067950255,6.665842481420199,21.0,0,-0.36037506795025465,21.05147878252266,20.5,21.5
2473.0,21.09598313816175,21.392750230751602,6.6648759967783295,21.0,0,-0.3927502307516022,21.716501858765078,20.5,21.5
2474.0,21.093096916733472,21.387664704307902,6.663908244260965,21.0,0,-0.3876647043079018,21.336809439870898,20.5,21.5
2475.0,21.090211078998976,21.483247599773883,6.66293922460509,21.0,0,-0.48324759977388254,22.43907655443369,20.5,21.5
2476.0,21.087325624628097,21.46510334638283,6.6619689385486565,21.0,0,-0.46510334638282913,21.283660812472295,20.5,21.5
2477.0,21.084440553290882,21.526586609478912,6.660997386830578,21.0,0,-0.5265866094789118,22.14141924043974,20.5,21.5
2478.0,21.08155586465759,21.612992471251964,6.6600245701907355,21.0,0,-0.6129924712519639,22.477051088982485,20.5,21.5
2479.0,21.0786715583987,21.62223733224055,6.659050489369968,21.0,0,-0.6222373322405517,21.71468594212643,20.5,21.5
2480.0,21.075787634184895,21.5881053002451,6.658075145110083,21.0,0,-0.5881053002451004,21.246784980290588,20.5,21.5
2481.0,21.07290409168708,21.544132709429263,6.657098538153847,21.0,0,-0.5441327094292632,21.10440680127089,20.5,21.5
2482.0,21.070020930576373,21.544781667636602,6.656120669244989,21.0,0,-0.5447816676366024,21.551271249709995,20.5,21.5
2483.0,21.067138150524105,21.468100060717966,6.655141539128198,21.0,0,-0.4681000607179655,20.701283991531596,20.5,21.5
2484.0,21.064255751201827,21.36790081003104,6.654161148549123,21.0,1,-0.36790081003103836,20.365908303161767,20.5,21.5
2485.0,21.081373732281296,21.345278358406937,6.653179498254377,21.0,1,-0.34527835840693655,21.11905384216592,20.5,21.5
2486.0,21.09848809343449,21.356733752396444,6.6521965889915275,21.0,1,-0.356733752396444,21.47128769229152,20.5,21.5
2487.0,21.1155988351336,21.318590476633553,6.651212421509103,21.0,1,-0.31859047663355256,20.937157719004638,20.5,21.5
2488.0,21.132705957850874,21.257645985277968,6.65022699655659,21.0,1,-0.2576459852779678,20.64820107172212,20.5,21.5
2489.0,21.149809462058617,21.3447254251587,6.649240314884433,21.0,0,-0.34472542515869975,22.21551982396602,20.5,21.5
2490.0,21.146909348229183,21.370385381915767,6.648252377244032,21.0,0,-0.3703853819157672,21.62698494948644,20.5,21.5
2491.0,21.144009616834985,21.399486920536027,6.647263184387744,21.0,0,-0.3994869205360274,21.69050230673863,20.5,21.5
2492.0,21.141110267548495,21.40852716331488,6.646272737068884,21.0,0,-0.40852716331487926,21.498929591103398,20.5,21.5
2493.0,21.1382113000424,21.4904333668882,6.64528103604172,21.0,0,-0.49043336688820105,22.30949540262142,20.5,21.5
2494.0,21.1353127139896,21.51923734501003,6.644288082061475,21.0,0,-0.5192373450100298,21.807277126228318,20.5,21.5
2495.0,21.132414509063214,21.50499164908514,6.643293875884328,21.0,0,-0.5049916490851416,21.36253468983626,20.5,21.5
2496.0,21.12951668493658,21.490754957749193,6.6422984182674085,21.0,0,-0.49075495774919276,21.348388044389704,20.5,21.5
2497.0,21.126619241283244,21.467960633926698,6.641301709968801,21.0,0,-0.4679606339266975,21.240017395701745,20.5,21.5
2498.0,21.12372217777698,21.412068429942664,6.640303751747544,21.0,0,-0.41206842994266424,20.85314639010233,20.5,21.5
2499.0,21.120825494091775,21.349066722134808,6.639304544363625,21.0,0,-0.3490667221348076,20.71904964405624,20.5,21.5
2500.0,21.11792918990183,21.370248779641948,6.638304088577984,21.0,0,-0.3702487796419476,21.582069354713347,20.5,21.5
2501.0,21.115033264881564,21.374440641577486,6.637302385152511,21.0,0,-0.37444064157748613,21.41635926093287,20.5,21.5
2502.0,21.11213771870562,21.49367353979186,6.636299434850047,21.0,0,-0.49367353979186035,22.686002521935603,20.5,21.5
2503.0,21.109242551048848,21.50381843770311,6.635295238434383,21.0,0,-0.5038184377031101,21.605267416815607,20.5,21.5
2504.0,21.106347761586324,21.46894231091211,6.634289796670258,21.0,0,-0.4689423109121087,21.120181043002095,20.5,21.5
2505.0,21.10345334999334,21.470865195287114,6.633283110323358,21.0,0,-0.47086519528711435,21.49009403903717,20.5,21.5
2506.0,21.100559315945407,21.509072221251365,6.63227518016032,21.0,0,-0.5090722212513654,21.891142480893876,20.5,21.5
2507.0,21.09766565911825,21.43172182060893,6.631266006948728,21.0,0,-0.4317218206089315,20.658217814184592,20.5,21.5
2508.0,21.094772379187816,21.419430574220794,6.630255591457108,21.0,0,-0.4194305742207938,21.296518110339417,20.5,21.5
2509.0,21.09187947583027,21.473349181523172,6.629243934454938,21.0,0,-0.4733491815231723,22.012535254546957,20.5,21.5
2510.0,21.088986948721995,21.431007893197993,6.628231036712639,21.0,0,-0.43100789319799304,21.0075950099462,20.5,21.5
2511.0,21.086094797539594,21.42190888255619,6.627216899001574,21.0,0,-0.4219088825561883,21.33091877613814,20.5,21.5
2512.0,21.083203021959886,21.46119397681904,6.626201522094055,21.0,0,-0.4611939768190396,21.854044919447553,20.5,21.5
2513.0,21.080311621659913,21.465477186874228,6.6251849067633355,21.0,0,-0.465477186874228,21.508309287426112,20.5,21.5
2514.0,21.077420596316934,21.552998864442184,6.624167053783612,21.0,0,-0.5529988644421842,22.428215640121746,20.5,21.5
2515.0,21.074529945608425,21.5711506597107,6.623147963930025,21.0,0,-0.5711506597106997,21.752668612395855,20.5,21.5
2516.0,21.07163966921209,21.541573962659733,6.622127637978653,21.0,0,-0.5415739626597329,21.245806992150065,20.5,21.5
2517.0,21.068749766805844,21.45482259853502,6.621106076706521,21.0,0,-0.4548225985350207,20.5873089572879,20.5,21.5
2518.0,21.065860238067824,21.478196061061947,6.620083280891592,21.0,0,-0.4781960610619471,21.71193068633121,20.5,21.5
2519.0,21.062971082676388,21.418561794466328,6.619059251312769,21.0,0,-0.4185617944663278,20.822219128510135,20.5,21.5
2520.0,21.060082300310114,21.433125379489212,6.618033988749895,21.0,0,-0.43312537948921204,21.578761229718054,20.5,21.5
2521.0,21.057193890647802,21.445438284221595,6.617007493983753,21.0,0,-0.4454382842215949,21.568567331545424,20.5,21.5
2522.0,21.05430585336847,21.432735620134384,6.615979767796061,21.0,0,-0.43273562013438394,21.305708979262274,20.5,21.5
2523.0,21.051418188151356,21.409877640693868,6.61495081096948,21.0,0,-0.40987764069386756,21.181297846288704,20.5,21.5
2524.0,21.04853089467592,21.375988262029317,6.613920624287604,21.0,0,-0.3759882620293169,21.03709447538381,20.5,21.5
2525.0,21.045643972621843,21.261003576101263,6.612889208534965,21.0,1,-0.26100357610126323,20.111156716820727,20.5,21.5
2526.0,21.062757421669026,21.1310996529419,6.611856564497032,21.0,1,-0.13109965294189863,19.832060421348253,20.5,21.5
2527.0,21.079867241497592,21.165725917957637,6.610822692960206,21.0,0,-0.16572591795763714,21.511988568115022,20.5,21.5
2528.0,21.076973432587884,21.077157550549604,6.609787594711828,21.0,1,-0.07715755054960383,20.19147387646927,20.5,21.5
2529.0,21.09407999542031,21.098811301399937,6.60875127054017,21.0,1,-0.09881130139993743,21.315348809903274,20.5,21.5
2530.0,21.111182929675333,21.17491178230558,6.607713721234434,21.0,0,-0.17491178230557836,21.935916591361988,20.5,21.5
2531.0,21.108282235833645,21.268534500708046,6.606674947584764,21.0,0,-0.2685345007080464,22.204761684732727,20.5,21.5
2532.0,21.105381914375997,21.304038461178507,6.605634950382229,21.0,0,-0.3040384611785072,21.659078065883115,20.5,21.5
2533.0,21.1024819649832,21.346803129646872,6.6045937304188325,21.0,0,-0.3468031296468723,21.774449814330524,20.5,21.5
2534.0,21.099582387336284,21.334952946495218,6.603551288487509,21.0,0,-0.3349529464952177,21.21645111497867,20.5,21.5
2535.0,21.096683181116514,21.352071276515897,6.602507625382121,21.0,0,-0.35207127651589687,21.52325457672269,20.5,21.5
2536.0,21.093784346005368,21.303989218675945,6.601462741897468,21.0,0,-0.30398921867594453,20.82316864027642,20.5,21.5
2537.0,21.090885881684546,21.284053692141548,6.6004166388292695,21.0,0,-0.28405369214154774,21.08469842679758,20.5,21.5
2538.0,21.087987787835974,21.410440645077262,6.599369316974181,21.0,0,-0.4104406450772622,22.674310174434407,20.5,21.5
2539.0,21.085090064141802,21.42071054428065,6.598320777129784,21.0,0,-0.4207105442806487,21.523409536314514,20.5,21.5
2540.0,21.0821927102844,21.399400311430785,6.5972710200945865,21.0,0,-0.39940031143078514,21.18629798293215,20.5,21.5
2541.0,21.079295725946363,21.424753180137248,6.596220046668023,21.0,0,-0.42475318013724817,21.67828186720188,20.5,21.5
2542.0,21.076399110810506,21.48346159419571,6.595167857650457,21.0,0,-0.48346159419570967,22.070545734780325,20.5,21.5
2543.0,21.073502864559874,21.40538857497443,6.594114453843176,21.0,0,-0.40538857497443104,20.624658382761645,20.5,21.5
2544.0,21.07060698687773,21.4086288752487,6.5930598360483925,21.0,0,-0.4086288752486986,21.441031877991374,20.5,21.5
2545.0,21.067711477447567,21.428640147307565,6.592004005069244,21.0,0,-0.42864014730756494,21.628752867896228,20.5,21.5
2546.0,21.06481633595309,21.435155595019488,6.5909469617097916,21.0,0,-0.43515559501948786,21.500310072138717,20.5,21.5
2547.0,21.06192156207824,21.376556609661623,6.589888706775021,21.0,0,-0.3765566096616233,20.790566756082978,20.5,21.5
2548.0,21.05902715550718,21.398769681094354,6.588829241070837,21.0,0,-0.39876968109435396,21.62090039542166,20.5,21.5
2549.0,21.056133115924293,21.392788205004667,6.587768565404069,21.0,0,-0.39278820500466693,21.332973444107797,20.5,21.5
2550.0,21.05323944301419,21.39289498038641,6.58670668058247,21.0,0,-0.3928949803864086,21.393962734203825,20.5,21.5
2551.0,21.0503461364617,21.360028781017082,6.58564358741471,21.0,0,-0.3600287810170819,21.031366787323815,20.5,21.5
2552.0,21.047453195951892,21.356335767284083,6.584579286710381,21.0,0,-0.356335767284083,21.319405629954094,20.5,21.5
2553.0,21.044560621170042,21.34864437462787,6.583513779279995,21.0,0,-0.34864437462787023,21.271730448065743,20.5,21.5
2554.0,21.041668411801663,21.215393740411386,6.58244706593498,21.0,1,-0.21539374041138615,19.882887398246545,20.5,21.5
2555.0,21.05877656753249,21.221986408346737,6.581379147487687,21.0,1,-0.2219864083467371,21.287913087700247,20.5,21.5
2556.0,21.075881088048483,21.33227797283279,6.580310024751381,21.0,0,-0.3322779728327916,22.435193617693336,20.5,21.5
2557.0,21.072981973835823,21.335445266327206,6.5792396985402455,21.0,0,-0.3354452663272056,21.367118201271346,20.5,21.5
2558.0,21.070083225380763,21.28854273031117,6.5781681696693814,21.0,0,-0.28854273031117117,20.819517370150827,20.5,21.5
2559.0,21.06718484236962,21.41388836138864,6.577095438954804,21.0,0,-0.41388836138863994,22.667344672163328,20.5,21.5
2560.0,21.06428682448894,21.351462094307948,6.576021507213444,21.0,0,-0.35146209430794784,20.727199423501027,20.5,21.5
2561.0,21.061389171425482,21.267079544090343,6.574946375263147,21.0,1,-0.2670795440903433,20.423254041914298,20.5,21.5
2562.0,21.07849188286625,21.194213556928233,6.573870043922675,21.0,1,-0.19421355692823283,20.46555368530713,20.5,21.5
2563.0,21.09559095849846,21.197044449211607,6.572792514011699,21.0,1,-0.19704444921160658,21.225353372045344,20.5,21.5
2564.0,21.11268639880956,21.216832066194165,6.571713786350804,21.0,1,-0.21683206619416495,21.41470823601975,20.5,21.5
2565.0,21.12977820428707,21.282095511013193,6.570633861761491,21.0,0,-0.28209551101319263,21.93472995920347,20.5,21.5
2566.0,21.126866375418565,21.3991191787805,6.569552741066166,21.0,0,-0.39911917878049863,22.56935585645356,20.5,21.5
2567.0,21.123954912691694,21.556248240758734,6.568470425088153,21.0,0,-0.5562482407587339,23.127538860541087,20.5,21.5
2568.0,21.121043815794174,21.58849163177829,6.56738691465168,21.0,0,-0.5884916317782896,21.910925541973846,20.5,21.5
2569.0,21.118133084413945,21.527281311547746,6.566302210581888,21.0,0,-0.5272813115477462,20.915178109242312,20.5,21.5
2570.0,21.115222718239178,21.545275753776135,6.565216313704828,21.0,0,-0.545275753776135,21.725220176060024,20.5,21.5
2571.0,21.11231271695827,21.545204413492947,6.564129224847456,21.0,0,-0.5452044134929466,21.544491010661062,20.5,21.5
2572.0,21.10940308025985,21.429283675058798,6.5630409448376374,21.0,1,-0.42928367505879805,20.270076290717313,20.5,21.5
2573.0,21.126493807832766,21.45722106936173,6.561951474504146,21.0,0,-0.45722106936172935,21.736595012391042,20.5,21.5
2574.0,21.1235808993661,21.538763591700715,6.560860814676659,21.0,0,-0.5387635917007145,22.354188815090566,20.5,21.5
2575.0,21.120668355349164,21.56080811090852,6.559768966185763,21.0,0,-0.5608081109085212,21.78125330298659,20.5,21.5
2576.0,21.11775617547133,21.490603366420135,6.5586759298629485,21.0,0,-0.49060336642013525,20.788555921536275,20.5,21.5
2577.0,21.11484435942221,21.56946491672458,6.557581706540608,21.0,0,-0.5694649167245807,22.358080419769035,20.5,21.5
2578.0,21.111932906891635,21.52395314639049,6.556486297052042,21.0,0,-0.5239531463904896,21.06883544304958,20.5,21.5
2579.0,21.109021817569666,21.47412451802609,6.555389702231452,21.0,0,-0.4741245180260911,20.975838234382106,20.5,21.5
2580.0,21.106111091146598,21.471149575585354,6.554291922913942,21.0,0,-0.4711495755853541,21.441400151177984,20.5,21.5
2581.0,21.103200727312952,21.484655578401963,6.55319295993552,21.0,0,-0.4846555784019628,21.61971560656805,20.5,21.5
2582.0,21.10029072575948,21.50029151481496,6.552092814133092,21.0,0,-0.5002915148149611,21.656650878944944,20.5,21.5
2583.0,21.097381086177155,21.580781519845708,6.5509914863444685,21.0,0,-0.5807815198457078,22.385681570153174,20.5,21.5
2584.0,21.09447180825719,21.53202866188419,6.54988897740836,21.0,0,-0.5320286618841905,21.044500082269018,20.5,21.5
2585.0,21.09156289169102,21.47729019333291,6.548785288164371,21.0,0,-0.4772901933329088,20.92990550782009,20.5,21.5
2586.0,21.088654336170315,21.46978325142542,6.5476804194530125,21.0,0,-0.46978325142541877,21.39471383235052,20.5,21.5
2587.0,21.08574614138697,21.445552231927707,6.546574372115688,21.0,0,-0.44555223192770654,21.203242036950584,20.5,21.5
2588.0,21.082838307033114,21.442619203007347,6.545467146994702,21.0,0,-0.4426192030073466,21.413288913803747,20.5,21.5
2589.0,21.079930832801107,21.461406020780487,6.544358744933254,21.0,0,-0.46140602078048687,21.64927419851189,20.5,21.5
2590.0,21.077023718383533,21.48098497528813,6.543249166775441,21.0,0,-0.48098497528813056,21.676774520364567,20.5,21.5
2591.0,21.074116963473212,21.439114060410695,6.542138413366253,21.0,0,-0.4391140604106951,21.02040491163634,20.5,21.5
2592.0,21.071210567763192,21.39750577370804,6.541026485551578,21.0,0,-0.3975057737080405,20.981422906681495,20.5,21.5
2593.0,21.06830453094675,21.334082523054565,6.539913384178199,21.0,0,-0.33408252305456543,20.699850016519814,20.5,21.5
2594.0,21.065398852717397,21.39916294468374,6.53879911009379,21.0,0,-0.39916294468374147,22.049967160975502,20.5,21.5
2595.0,21.062493532768872,21.354982538676683,6.537683664146919,21.0,0,-0.3549825386766834,20.913178478606103,20.5,21.5
2596.0,21.05958857079515,21.360542876988106,6.536567047187047,21.0,0,-0.36054287698810583,21.41614626010233,20.5,21.5
2597.0,21.05668396649043,21.415642430003494,6.535449260064525,21.0,0,-0.4156424300034942,21.966637960157378,20.5,21.5
2598.0,21.053779719549144,21.461349342028193,6.5343303036305995,21.0,0,-0.46134934202819267,21.918418462275177,20.5,21.5
2599.0,21.050875829665962,21.368456216144715,6.533210178737401,21.0,1,-0.3684562161447147,20.439524957309935,20.5,21.5
2600.0,21.067972296535775,21.43136391144214,6.532088886237956,21.0,0,-0.4313639114421406,22.0604408644164,20.5,21.5
2601.0,21.065065119853717,21.4721504189856,6.5309664269861765,21.0,0,-0.4721504189855992,21.880015494420185,20.5,21.5
2602.0,21.062158300115144,21.369196525439513,6.529842801836864,21.0,1,-0.36919652543951287,20.33965758997865,20.5,21.5
2603.0,21.079251837015487,21.295969553374988,6.528718011645708,21.0,1,-0.295969553374988,20.56369983272974,20.5,21.5
2604.0,21.096341730250412,21.362537883202698,6.527592057269285,21.0,0,-0.3625378832026982,22.0282211814798,20.5,21.5
2605.0,21.093427980315816,21.375828737267238,6.526464939565058,21.0,0,-0.37582873726723776,21.508737277912633,20.5,21.5
2606.0,21.090514587707666,21.346737887378595,6.525336659391377,21.0,0,-0.3467378873785947,21.055829388492164,20.5,21.5
2607.0,21.087601552122003,21.455262860560936,6.524207217607476,21.0,0,-0.4552628605609357,22.540512592384346,20.5,21.5
2608.0,21.0846888732551,21.45504573494247,6.5230766150734745,21.0,0,-0.4550457349424697,21.45287447875781,20.5,21.5
2609.0,21.081776550803465,21.42018743763888,6.521944852650374,21.0,0,-0.4201874376388801,21.071604464602984,20.5,21.5
2610.0,21.078864584463833,21.351565698301457,6.520811931200062,21.0,0,-0.35156569830145656,20.66534830492722,20.5,21.5
2611.0,21.07595297393318,21.290968273229772,6.519677851585308,21.0,0,-0.2909682732297725,20.68499402251293,20.5,21.5
2612.0,21.073041718908712,21.12851320093485,6.518542614669761,21.0,1,-0.12851320093485086,19.503962477985635,20.5,21.5
2613.0,21.090130819087864,21.22854443510742,6.517406221317957,21.0,0,-0.22854443510741973,22.22885677683311,20.5,21.5
2614.0,21.08721627416831,21.241566888332322,6.516268672395305,21.0,0,-0.2415668883323221,21.371791420581346,20.5,21.5
2615.0,21.084302084647955,21.301413556739703,6.515129968768099,21.0,0,-0.3014135567397034,21.899880240813516,20.5,21.5
2616.0,21.08138825022478,21.39759992135387,6.513990111303513,21.0,0,-0.39759992135386923,22.359463567495528,20.5,21.5
2617.0,21.078474770596994,21.51682282886396,6.512849100869596,21.0,0,-0.5168228288639583,22.70905190396485,20.5,21.5
2618.0,21.075561645463047,21.416518510362117,6.51170693833528,21.0,1,-0.41651851036211696,20.413475325343704,20.5,21.5
2619.0,21.092648874521622,21.39430066459363,6.510563624570367,21.0,1,-0.39430066459362934,21.172122206908753,20.5,21.5
2620.0,21.109732457471633,21.298102477613952,6.509419160445544,21.0,1,-0.29810247761395203,20.33612060781718,20.5,21.5
2621.0,21.126812394812227,21.238616784251462,6.508273546832369,21.0,1,-0.23861678425146238,20.643759850626566,20.5,21.5
2622.0,21.14388868704263,21.217152765903535,6.507126784603276,21.0,1,-0.21715276590353483,21.00251258242426,20.5,21.5
2623.0,21.16096133466214,21.34139043331266,6.505978874631575,21.0,0,-0.34139043331266095,22.583767107403922,20.5,21.5
2624.0,21.158030338170136,21.381071580757865,6.50482981779145,21.0,0,-0.3810715807578653,21.77788305520991,20.5,21.5
2625.0,21.15509969806606,21.437384934314426,6.503679614957955,21.0,0,-0.4373849343144265,22.00051846988004,20.5,21.5
2626.0,21.15216941404944,21.43563450942436,6.502528267007023,21.0,0,-0.43563450942436077,21.418130260523704,20.5,21.5
2627.0,21.14923948582003,21.49257592670399,6.501375774815453,21.0,0,-0.49257592670398864,22.061990099500267,20.5,21.5
2628.0,21.14630991307783,21.379844789652648,6.500222139260918,21.0,1,-0.37984478965264756,20.252533419139237,20.5,21.5
2629.0,21.163380695523067,21.29121356739789,6.499067361221965,21.0,1,-0.2912135673978895,20.40490134485031,20.5,21.5
2630.0,21.180447832856206,21.368735860158626,6.497911441578005,21.0,0,-0.36873586015862614,22.143958787765992,20.5,21.5
2631.0,21.17751132557795,21.479700768970012,6.49675438120932,21.0,0,-0.47970076897001235,22.589349857083874,20.5,21.5
2632.0,21.174575174189076,21.437355837432392,6.4955961809970635,21.0,0,-0.43735583743239204,21.01390652205619,20.5,21.5
2633.0,21.171639378390438,21.47878779680705,6.494436841823256,21.0,0,-0.4787877968070511,21.89310739055364,20.5,21.5
2634.0,21.168703937883123,21.595409434709836,6.493276364570782,21.0,0,-0.5954094347098362,22.761625813737687,20.5,21.5
2635.0,21.165768852368462,21.564393712113453,6.492114750123399,21.0,0,-0.5643937121134535,21.254236486149626,20.5,21.5
2636.0,21.162834121548013,21.49589163360026,6.490951999365724,21.0,0,-0.4958916336002588,20.810870848468312,20.5,21.5
2637.0,21.159899745123575,21.540308917088737,6.489788113183245,21.0,0,-0.540308917088737,21.98448175197352,20.5,21.5
2638.0,21.156965722797185,21.558291848170875,6.4886230924623085,21.0,0,-0.5582918481708745,21.73812115899225,20.5,21.5
2639.0,21.15403205427112,21.524970854857237,6.48745693809013,21.0,0,-0.5249708548572372,21.191760921720864,20.5,21.5
2640.0,21.151098739247885,21.45914951906687,6.486289650954789,21.0,0,-0.4591495190668695,20.800936161163193,20.5,21.5
2641.0,21.148165777430226,21.4309281119178,6.4851212319452225,21.0,0,-0.430928111917801,21.148714040427116,20.5,21.5
2642.0,21.145233168521127,21.421052735450353,6.483951681951233,21.0,0,-0.4210527354503526,21.32229897077587,20.5,21.5
2643.0,21.142300912223813,21.410674853245155,6.482781001863485,21.0,0,-0.41067485324515474,21.306896031193176,20.5,21.5
2644.0,21.13936900824174,21.44139901870859,6.4816091925735,21.0,0,-0.4413990187085908,21.74864067334295,20.5,21.5
2645.0,21.136437456278607,21.49062311622162,6.480436254973664,21.0,0,-0.49062311622162014,21.982864091351914,20.5,21.5
2646.0,21.133506256038345,21.58031324730694,6.47926218995722,21.0,0,-0.5803132473069397,22.477214558160135,20.5,21.5
2647.0,21.13057540722513,21.59977816913504,6.478086998418268,21.0,0,-0.599778169135039,21.794427387416032,20.5,21.5
2648.0,21.12764490954337,21.593760936327737,6.476910681251768,21.0,0,-0.5937609363277367,21.533588608254714,20.5,21.5
2649.0,21.124714762697714,21.53634440651573,6.475733239353537,21.0,0,-0.536344406515731,20.962179108395674,20.5,21.5
2650.0,21.121784966393044,21.52584667559534,6.474554673620248,21.0,0,-0.5258466755953393,21.420869366391422,20.5,21.5
2651.0,21.11885552033449,21.470522317564793,6.473374984949431,21.0,0,-0.470522317564793,20.91727873725933,20.5,21.5
2652.0,21.11592642422741,21.438315206795256,6.472194174239469,21.0,0,-0.4383152067952558,21.116244099099884,20.5,21.5
2653.0,21.112997677777415,21.421470425602365,6.471012242389601,21.0,0,-0.42147042560236514,21.25302261367346,20.5,21.5
2654.0,21.110069280690336,21.47828515249206,6.4698291902999205,21.0,0,-0.4782851524920595,22.046432421389003,20.5,21.5
2655.0,21.10714123267226,21.434494324662943,6.468645018871371,21.0,0,-0.4344943246629427,20.996586046371775,20.5,21.5
2656.0,21.104213533429498,21.434326980626597,6.4674597290057525,21.0,0,-0.43432698062659725,21.432653540263143,20.5,21.5
2657.0,21.101286182668613,21.432937612274962,6.4662733216057156,21.0,0,-0.4329376122749622,21.41904392875861,20.5,21.5
2658.0,21.0983591800964,21.413634690396417,6.4650857975747575,21.0,0,-0.4136346903964174,21.22060547161097,20.5,21.5
2659.0,21.095432525419895,21.42730811751598,6.463897157817232,21.0,0,-0.42730811751598097,21.564042388711616,20.5,21.5
2660.0,21.092506218346376,21.393368134318347,6.462707403238341,21.0,0,-0.3933681343183473,21.05396830234201,20.5,21.5
2661.0,21.089580258583354,21.292560981392263,6.461516534744132,21.0,1,-0.2925609813922634,20.284489452131425,20.5,21.5
2662.0,21.106654645838585,21.20419669348197,6.460324553241505,21.0,1,-0.20419669348196834,20.320553814379018,20.5,21.5
2663.0,21.123725379820065,21.23013003711924,6.459131459638204,21.0,1,-0.2301300371192383,21.489463473491938,20.5,21.5
2664.0,21.14079246103603,21.21298896189301,6.4579372548428235,21.0,1,-0.21298896189301075,21.041578209630735,20.5,21.5
2665.0,21.15785588999479,21.205431226238584,6.4567419397648,21.0,1,-0.20543122623858423,21.12985386969432,20.5,21.5
2666.0,21.174915667204743,21.33564355356833,6.455545515314421,21.0,0,-0.33564355356833175,22.637766826865807,20.5,21.5
2667.0,21.171971793174365,21.42036630069205,6.454347982402814,21.0,0,-0.4203663006920486,22.267593771929217,20.5,21.5
2668.0,21.16902826841221,21.429035183347246,6.453149341941952,21.0,0,-0.42903518334724566,21.515724009899216,20.5,21.5
2669.0,21.166085092626915,21.49818600000929,6.451949594844653,21.0,0,-0.4981860000092908,22.189694166629742,20.5,21.5
2670.0,21.16314226552736,21.571482984771908,6.450748742024576,21.0,0,-0.5714829847719081,22.30445283239808,20.5,21.5
2671.0,21.16019978682266,21.578154742862473,6.4495467843962215,21.0,0,-0.5781547428624734,21.644872323768126,20.5,21.5
2672.0,21.157257656222175,21.531077757383702,6.4483437228749345,21.0,0,-0.5310777573837022,21.06030790259599,20.5,21.5
2673.0,21.154315873435504,21.514991031375118,6.447139558376899,21.0,0,-0.5149910313751178,21.354123771289274,20.5,21.5
2674.0,21.151374438172493,21.439197240906754,6.445934291819137,21.0,0,-0.43919724090675416,20.681259336223118,20.5,21.5
2675.0,21.148433350143222,21.422837754763837,6.444727924119511,21.0,0,-0.42283775476383667,21.25924289333466,20.5,21.5
2676.0,21.145492609058017,21.4511308310183,6.443520456196724,21.0,0,-0.4511308310183004,21.734061593562938,20.5,21.5
2677.0,21.142552214627447,21.505822260258338,6.442311888970316,21.0,0,-0.5058222602583378,22.05273655265871,20.5,21.5
2678.0,21.139612166562316,21.514527667570643,6.4411022233606605,21.0,0,-0.5145276675706434,21.6015817406937,20.5,21.5
2679.0,21.136672464573675,21.560639325959574,6.439891460288974,21.0,0,-0.5606393259595741,22.02175590984888,20.5,21.5
2680.0,21.133733108372816,21.619602160887716,6.438679600677303,21.0,0,-0.619602160887716,22.209230510169135,20.5,21.5
2681.0,21.130794097671277,21.56380156063101,6.437466645448531,21.0,0,-0.5638015606310098,21.005795558063948,20.5,21.5
2682.0,21.127855432180834,21.558728474019397,6.436252595526378,21.0,0,-0.5587284740193965,21.507997607903263,20.5,21.5
2683.0,21.124917111613502,21.595254514458187,6.435037451835394,21.0,0,-0.5952545144581869,21.96051491884609,20.5,21.5
2684.0,21.121979135681546,21.537475884612444,6.4338212153009655,21.0,0,-0.5374758846124443,20.95968958615502,20.5,21.5
2685.0,21.11904150409747,21.491962373049294,6.432603886849309,21.0,0,-0.4919623730492937,21.036827257417787,20.5,21.5
2686.0,21.116104216574023,21.435026004141484,6.4313854674074715,21.0,0,-0.4350260041414842,20.86566231506339,20.5,21.5
2687.0,21.11316727282419,21.47654977244707,6.430165957903335,21.0,0,-0.4765497724470684,21.89178745550291,20.5,21.5
2688.0,21.110230672561205,21.454492922916536,6.428945359265606,21.0,0,-0.4544929229165362,21.233924427611214,20.5,21.5
2689.0,21.107294415498547,21.45489582740329,6.427723672423827,21.0,0,-0.45489582740329126,21.458924872270842,20.5,21.5
2690.0,21.10435850134993,21.411806365220478,6.426500898308364,21.0,0,-0.4118063652204782,20.980911743392348,20.5,21.5
2691.0,21.101422929829322,21.486658560349618,6.425277037850411,21.0,0,-0.48665856034961763,22.235180511641012,20.5,21.5
2692.0,21.098487700650928,21.433210217759818,6.424052091981993,21.0,0,-0.43321021775981805,20.898726791861822,20.5,21.5
2693.0,21.095552813529196,21.41793846884815,6.422826061635959,21.0,0,-0.4179384688481491,21.26522097973146,20.5,21.5
2694.0,21.092618268178818,21.413352362461733,6.421598947745984,21.0,0,-0.41335236246173324,21.367491298597574,20.5,21.5
2695.0,21.08968406431473,21.440431921208543,6.420370751246571,21.0,0,-0.4404319212085426,21.711227508676636,20.5,21.5
2696.0,21.08675020165212,21.387033008070954,6.419141473073042,21.0,0,-0.3870330080709543,20.85304387669507,20.5,21.5
2697.0,21.083816679906402,21.410595578478073,6.417911114161547,21.0,0,-0.41059557847807326,21.646221282549263,20.5,21.5
2698.0,21.080883498793252,21.392763228669804,6.416679675449058,21.0,0,-0.3927632286698035,21.214439730587106,20.5,21.5
2699.0,21.077950658028584,21.425058932544832,6.415447157873368,21.0,0,-0.4250589325448324,21.74801597129512,20.5,21.5
2700.0,21.075018157328554,21.445457660220708,6.414213562373095,21.0,0,-0.44545766022070765,21.64944493697946,20.5,21.5
2701.0,21.072085996409562,21.441954679241626,6.412978889887674,21.0,0,-0.44195467924162557,21.406924869450805,20.5,21.5
2702.0,21.06915417498826,21.386493592054144,6.411743141357363,21.0,0,-0.38649359205414413,20.83188272017933,20.5,21.5
2703.0,21.066222692781533,21.456840677554872,6.410506317723236,21.0,0,-0.45684067755487234,22.160311532562154,20.5,21.5
2704.0,21.06329154950652,21.325864984797136,6.409268419927189,21.0,1,-0.32586498479713555,20.016108057219768,20.5,21.5
2705.0,21.080360744880604,21.300106645415354,6.408029448911936,21.0,1,-0.3001066454153545,21.042523251597544,20.5,21.5
2706.0,21.09742627862141,21.35982462483749,6.406789405621009,21.0,0,-0.3598246248374899,21.957004419058844,20.5,21.5
2707.0,21.09448815124681,21.404013603499276,6.40554829099875,21.0,0,-0.4040136034992763,21.84590339011714,20.5,21.5
2708.0,21.09155036327476,21.303430009200262,6.404306105990325,21.0,1,-0.3034300092002624,20.297594066210124,20.5,21.5
2709.0,21.108612914423304,21.409416046618475,6.403062851541712,21.0,0,-0.40941604661847464,22.469276420800597,20.5,21.5
2710.0,21.10567180441073,21.431230350383345,6.401818528599701,21.0,0,-0.4312303503833448,21.649373388032046,20.5,21.5
2711.0,21.102731033755568,21.367539509363617,6.400573138111902,21.0,0,-0.3675395093636169,20.730631099166338,20.5,21.5
2712.0,21.099790602176437,21.358644245382727,6.399326681026731,21.0,0,-0.35864424538272743,21.269691605573833,20.5,21.5
2713.0,21.09685050939221,21.34884602907122,6.39807915829342,21.0,0,-0.3488460290712183,21.250863865956127,20.5,21.5
2714.0,21.09391075512199,21.416770269393915,6.3968305708620115,21.0,0,-0.4167702693939148,22.09601267262088,20.5,21.5
2715.0,21.090971339085137,21.353260862126948,6.39558091968336,21.0,0,-0.3532608621269482,20.718166789457282,20.5,21.5
2716.0,21.088032261001256,21.396284833458836,6.394330205709129,21.0,0,-0.3962848334588358,21.826524546777712,20.5,21.5
2717.0,21.0850935205902,21.332871685212478,6.3930784298917915,21.0,0,-0.3328716852124778,20.698740202748898,20.5,21.5
2718.0,21.08215511757206,21.380033836957598,6.391825593184629,21.0,0,-0.3800338369575975,21.851655354408795,20.5,21.5
2719.0,21.079217051667182,21.23889219847477,6.390571696541731,21.0,1,-0.23889219847476895,19.827475813646483,20.5,21.5
2720.0,21.096279322596157,21.260271113372344,6.3893167409179945,21.0,1,-0.2602711133723439,21.474060262348093,20.5,21.5
2721.0,21.113337930079823,21.233437733942793,6.3880607272691226,21.0,1,-0.2334377339427931,20.965103939647285,20.5,21.5
2722.0,21.13039287463926,21.205970116820556,6.386803656551626,21.0,1,-0.20597011682055566,20.93129394559818,20.5,21.5
2723.0,21.147444156795643,21.2074470842389,6.385545529722817,21.0,1,-0.20744708423890046,21.22221675842235,20.5,21.5
2724.0,21.16449177707023,21.217623018997646,6.384286347740813,21.0,1,-0.2176230189976458,21.3193823665851,20.5,21.5
2725.0,21.18153573598436,21.28307510905499,6.383026111564539,21.0,0,-0.283075109054991,21.937596009628443,20.5,21.5
2726.0,21.17857603405948,21.33318893972755,6.381764822153717,21.0,0,-0.3331889397275489,21.834327246453128,20.5,21.5
2727.0,21.175616671817096,21.468955732730073,6.3805024804688735,21.0,0,-0.4689557327300733,22.826623662755317,20.5,21.5
2728.0,21.172657648978827,21.467563694464076,6.3792390874713405,21.0,0,-0.46756369446407575,21.4536433118041,20.5,21.5
2729.0,21.169698965266527,21.52820742353428,6.377974644123242,21.0,0,-0.5282074235342797,22.13464471423632,20.5,21.5
2730.0,21.166740620402297,21.478446981213665,6.376709151387508,21.0,0,-0.4784469812136649,20.980842558007517,20.5,21.5
2731.0,21.163782614108495,21.459660914042864,6.375442610227868,21.0,0,-0.459660914042864,21.271800242334855,20.5,21.5
2732.0,21.16082494610772,21.376471631113834,6.3741750216088455,21.0,0,-0.37647163111383364,20.54457880182353,20.5,21.5
2733.0,21.15786761612282,21.37839904455916,6.372906386495767,21.0,0,-0.37839904455915985,21.397673179012422,20.5,21.5
2734.0,21.154910623876898,21.328152890153,6.371636705854753,21.0,0,-0.32815289015299953,20.825691346091396,20.5,21.5
2735.0,21.15195396909329,21.373296761818565,6.370365980652719,21.0,0,-0.3732967618185654,21.824735478474224,20.5,21.5
2736.0,21.148997651495602,21.38665422074077,6.3690942118573775,21.0,0,-0.3866542207407697,21.520228809962813,20.5,21.5
2737.0,21.146041670807673,21.39238491312326,6.367821400437236,21.0,0,-0.3923849131232586,21.449691836948148,20.5,21.5
2738.0,21.1430860267536,21.423104417480694,6.3665475473615984,21.0,0,-0.42310441748069394,21.730299461055047,20.5,21.5
2739.0,21.140130719057723,21.427093164541184,6.365272653600557,21.0,0,-0.4270931645411835,21.46698063514608,20.5,21.5
2740.0,21.13717574744463,21.434113609655547,6.363996720124997,21.0,0,-0.43411360965554735,21.504318060799186,20.5,21.5
2741.0,21.134221111639167,21.433716790739727,6.362719747906601,21.0,0,-0.4337167907397266,21.42974860158152,20.5,21.5
2742.0,21.13126681136642,21.517565815526314,6.361441737917836,21.0,0,-0.5175658155263143,22.35605606339219,20.5,21.5
2743.0,21.12831284635173,21.48311759157643,6.360162691131963,21.0,0,-0.4831175915764305,21.138635352077593,20.5,21.5
2744.0,21.125359216320685,21.395169594438492,6.358882608523032,21.0,0,-0.3951695944384923,20.51568962305911,20.5,21.5
2745.0,21.122405920999125,21.32817293077874,6.357601491065884,21.0,0,-0.32817293077874155,20.658206294181234,20.5,21.5
2746.0,21.119452960113136,21.283360328318686,6.3563193397361415,21.0,0,-0.28336032831868607,20.83523430371813,20.5,21.5
2747.0,21.116500333389062,21.201648927175803,6.35503615551022,21.0,1,-0.2016489271758033,20.384534915746976,20.5,21.5
2748.0,21.133548040553485,21.13180531558175,6.3537519393653215,21.0,1,-0.1318053155817509,20.433369199641227,20.5,21.5
2749.0,21.150592081333247,21.287536213838926,6.352466692279431,21.0,0,-0.28753621383892636,22.84484519641068,20.5,21.5
2750.0,21.147632456255437,21.316444186458565,6.351180415231321,21.0,0,-0.31644418645856476,21.60552391265495,20.5,21.5
2751.0,21.14467316584723,21.323247464236324,6.349893109200546,21.0,0,-0.32324746423632433,21.39128024201392,20.5,21.5
2752.0,21.1417142098359,21.29398347396689,6.348604775167447,21.0,0,-0.2939834739668896,21.001343571272542,20.5,21.5
2753.0,21.138755587948967,21.387063599390817,6.347315414113146,21.0,0,-0.38706359939081736,22.317864853630095,20.5,21.5
2754.0,21.135797299914202,21.39347016480844,6.346025027019547,21.0,0,-0.3934701648084413,21.45753581898468,20.5,21.5
2755.0,21.132839345459622,21.449008773473615,6.344733614869336,21.0,0,-0.449008773473615,22.004394860125352,20.5,21.5
2756.0,21.129881724313503,21.415170064575754,6.343441178645981,21.0,0,-0.41517006457575434,21.076782975597148,20.5,21.5
2757.0,21.12692443620437,21.441125706846726,6.342147719333726,21.0,0,-0.4411257068467265,21.700682129556448,20.5,21.5
2758.0,21.123967480860994,21.39245753264795,6.340853237917599,21.0,0,-0.39245753264794914,20.905775790660176,20.5,21.5
2759.0,21.121010858012404,21.369787767665578,6.339557735383401,21.0,0,-0.36978776766557786,21.143090117841865,20.5,21.5
2760.0,21.11805456738788,21.37660811139991,6.3382612127177165,21.0,0,-0.3766081113999107,21.44481154874324,20.5,21.5
2761.0,21.115098608716945,21.378725867053152,6.3369636709079025,21.0,0,-0.37872586705315214,21.399903423585567,20.5,21.5
2762.0,21.112142981729384,21.384612638095994,6.335665110942093,21.0,0,-0.38461263809599444,21.443480348524417,20.5,21.5
2763.0,21.109187686155227,21.3934409190711,6.3343655338091995,21.0,0,-0.3934409190711001,21.481723728822157,20.5,21.5
2764.0,21.10623272172476,21.38569828620648,6.333064940498905,21.0,0,-0.3856982862064804,21.308271957560283,20.5,21.5
2765.0,21.103278088168512,21.282695197718663,6.331763332001668,21.0,1,-0.28269519771866314,20.25266431284049,20.5,21.5
2766.0,21.120323785217277,21.24921243729056,6.330460709308721,21.0,1,-0.2492124372905593,20.91438483300952,20.5,21.5
2767.0,21.137365812602095,21.2778966450326,6.329157073412068,21.0,0,-0.2778966450326017,21.564738722453026,20.5,21.5
2768.0,21.134404170854257,21.379595175256245,6.327852425304483,21.0,0,-0.3795951752562452,22.39658047749268,20.5,21.5
2769.0,21.131442860505146,21.388154188501815,6.326546765979514,21.0,0,-0.38815418850181516,21.473744320957515,20.5,21.5
2770.0,21.12848188128624,21.402854371209735,6.325240096431475,21.0,0,-0.40285437120973455,21.54985619828893,20.5,21.5
2771.0,21.12552123292927,21.491181915487367,6.323932417655453,21.0,0,-0.4911819154873669,22.37445735826369,20.5,21.5
2772.0,21.122560915166215,21.51118776432257,6.3226237306473045,21.0,0,-0.5111877643225711,21.711246252674613,20.5,21.5
2773.0,21.119600927729312,21.418039804148098,6.321314036403647,21.0,1,-0.4180398041480977,20.486560202403364,20.5,21.5
2774.0,21.136641270351046,21.453812067827343,6.320003335921873,21.0,0,-0.45381206782734296,21.811534704619795,20.5,21.5
2775.0,21.13367794276416,21.540583436316663,6.318691630200138,21.0,0,-0.5405834363166626,22.40829712120986,20.5,21.5
2776.0,21.130714945501644,21.512148520930033,6.317378920237361,21.0,0,-0.5121485209300332,21.22779936706374,20.5,21.5
2777.0,21.12775227829659,21.51846725679247,6.316065207033229,21.0,0,-0.5184672567924693,21.58165461541683,20.5,21.5
2778.0,21.124789940882337,21.562191412642655,6.3147504915881925,21.0,0,-0.5621914126426546,21.999432971144508,20.5,21.5
2779.0,21.121827932992478,21.465554667014015,6.313434774903462,21.0,1,-0.4655546670140147,20.499187210727616,20.5,21.5
2780.0,21.13886625436086,21.39761737664383,6.3121180579810146,21.0,1,-0.39761737664382935,20.718244472941976,20.5,21.5
2781.0,21.155900904721584,21.406273063430753,6.310800341823588,21.0,1,-0.40627306343075276,21.492829931299987,20.5,21.5
2782.0,21.172931884609003,21.337117632333467,6.30948162743468,21.0,1,-0.3371176323334666,20.645563321360605,20.5,21.5
2783.0,21.189959194557566,21.371578805094725,6.308161915818548,21.0,0,-0.37157880509472463,21.716190532707305,20.5,21.5
2784.0,21.18698283510182,21.5019723784686,6.306841207980211,21.0,0,-0.5019723784686008,22.805908112207362,20.5,21.5
2785.0,21.184006806776395,21.498613790055128,6.305519504925446,21.0,0,-0.49861379005512774,21.465027905920397,20.5,21.5
2786.0,21.181031109316024,21.532321920803945,6.304196807660784,21.0,0,-0.5323219208039447,21.869403228292114,20.5,21.5
2787.0,21.178055742455694,21.570046196626542,6.302873117193521,21.0,0,-0.5700461966265422,21.947288954852517,20.5,21.5
2788.0,21.175080705930643,21.52303916134115,6.301548434531702,21.0,0,-0.5230391613411491,21.05296880848722,20.5,21.5
2789.0,21.172105999476365,21.47959696298874,6.300222760684132,21.0,0,-0.4795969629887402,21.04517497946465,20.5,21.5
2790.0,21.169131622828605,21.53337885213542,6.298896096660368,21.0,0,-0.5333788521354208,22.071197743602227,20.5,21.5
2791.0,21.16615757572337,21.552713061984427,6.297568443470722,21.0,0,-0.5527130619844272,21.74605516047449,20.5,21.5
2792.0,21.16318385789692,21.556390995882033,6.296239802126262,21.0,0,-0.5563909958820332,21.593170334858094,20.5,21.5
2793.0,21.16021046908577,21.582409671200164,6.294910173638804,21.0,0,-0.5824096712001641,21.842596424381473,20.5,21.5
2794.0,21.157237409026678,21.6034826910728,6.29357955902092,21.0,0,-0.6034826910727986,21.814212889799144,20.5,21.5
2795.0,21.154264677456677,21.61840048045038,6.292247959285929,21.0,0,-0.6184004804503793,21.767578374226186,20.5,21.5
2796.0,21.151292274113043,21.508782291790766,6.290915375447901,21.0,1,-0.5087822917907658,20.41260040519463,20.5,21.5
2797.0,21.16832019873331,21.463287669989903,6.28958180852166,21.0,1,-0.4632876699899029,21.008341451981273,20.5,21.5
2798.0,21.185344451055265,21.474663111618334,6.288247259522773,21.0,0,-0.47466311161833374,21.588417527902642,20.5,21.5
2799.0,21.182365031616957,21.441691940616693,6.286911729467557,21.0,0,-0.4416919406166926,21.11198023060028,20.5,21.5
2800.0,21.17938594095653,21.439395354894135,6.285575219373079,21.0,0,-0.4393953548941347,21.416429497668556,20.5,21.5
2801.0,21.176407178812212,21.442902743022486,6.284237730257146,21.0,0,-0.44290274302248633,21.477976624306002,20.5,21.5
2802.0,21.1734287449225,21.540857489299963,6.282899263138316,21.0,0,-0.5408574892999631,22.52040495207473,20.5,21.5
2803.0,21.170450639026143,21.501484581385164,6.2815598190358894,21.0,0,-0.5014845813851636,21.10775550223717,20.5,21.5
2804.0,21.167472860862144,21.482788691913814,6.280219398969911,21.0,0,-0.48278869191381446,21.295829797200323,20.5,21.5
2805.0,21.164495410169767,21.477762662551868,6.27887800396117,21.0,0,-0.47776266255186783,21.4275023689324,20.5,21.5
2806.0,21.161518286688526,21.502445086625876,6.277535635031196,21.0,0,-0.5024450866258761,21.74926932736596,20.5,21.5
2807.0,21.158541490158196,21.488714897456045,6.276192293202261,21.0,0,-0.48871489745604535,21.35141300575774,20.5,21.5
2808.0,21.155565020318804,21.522190507187037,6.2748479794973795,21.0,0,-0.5221905071870374,21.856946604496958,20.5,21.5
2809.0,21.152588876910638,21.57033152347125,6.273502694940304,21.0,0,-0.5703315234712498,22.051741686313374,20.5,21.5
2810.0,21.149613059674245,21.546859930679293,6.272156440555528,21.0,0,-0.5468599306792932,21.312144002759727,20.5,21.5
2811.0,21.14663756835042,21.59128450574784,6.270809217368282,21.0,0,-0.59128450574784,22.035530256433308,20.5,21.5
2812.0,21.143662402680224,21.593987784694697,6.269461026404536,21.0,0,-0.593987784694697,21.621020574163268,20.5,21.5
2813.0,21.14068756240497,21.548837060042267,6.268111868690994,21.0,0,-0.548837060042267,21.097329813517966,20.5,21.5
2814.0,21.137713047266228,21.483965552680075,6.266761745255101,21.0,0,-0.48396555268007546,20.83525047905816,20.5,21.5
2815.0,21.134738857005825,21.45251743950063,6.265410657125033,21.0,0,-0.4525174395006317,21.138036307706194,20.5,21.5
2816.0,21.13176499136585,21.427278607460472,6.264058605329702,21.0,0,-0.4272786074604724,21.17489028705888,20.5,21.5
2817.0,21.12879145008864,21.38070836445046,6.262705590898756,21.0,0,-0.3807083644504594,20.91500593435033,20.5,21.5
2818.0,21.125818232916803,21.322255204894528,6.261351614862573,21.0,0,-0.3222552048945282,20.737723609335216,20.5,21.5
2819.0,21.12284533959319,21.294638850245935,6.259996678252264,21.0,0,-0.29463885024593495,21.018475303760003,20.5,21.5
2820.0,21.119872769860923,21.315886279990103,6.258640782099675,21.0,0,-0.315886279990103,21.528360577431783,20.5,21.5
2821.0,21.11690052346337,21.273192793401833,6.257283927437378,21.0,0,-0.273192793401833,20.846257927519133,20.5,21.5
2822.0,21.113928600144167,21.29764655373059,6.255926115298676,21.0,0,-0.29764655373059057,21.542184157018166,20.5,21.5
2823.0,21.110956999647197,21.414435058219926,6.254567346717604,21.0,0,-0.4144350582199259,22.58232010311328,20.5,21.5
2824.0,21.10798572171661,21.44383923091455,6.2532076227289215,21.0,0,-0.44383923091454847,21.737880957860774,20.5,21.5
2825.0,21.10501476609681,21.465655505156345,6.251846944368118,21.0,0,-0.46565550515634513,21.68381824757431,20.5,21.5
2826.0,21.102044132532466,21.52723693782044,6.25048531267141,21.0,0,-0.5272369378204402,22.14305126446139,20.5,21.5
2827.0,21.099073820768496,21.470897086200186,6.249122728675739,21.0,0,-0.47089708620018556,20.90749856999764,20.5,21.5
2828.0,21.096103830550078,21.392130875299085,6.247759193418773,21.0,0,-0.39213087529908464,20.604468766288075,20.5,21.5
2829.0,21.09313416162265,21.406041340474317,6.246394707938901,21.0,0,-0.4060413404743173,21.545145992226644,20.5,21.5
2830.0,21.090164813731914,21.414212591499535,6.2450292732752395,21.0,0,-0.4142125914995347,21.49592510175171,20.5,21.5
2831.0,21.087195786623823,21.436989536413087,6.2436628904676255,21.0,0,-0.4369895364130869,21.66475898554861,20.5,21.5
2832.0,21.08422708004459,21.409770647124727,6.24229556055662,21.0,0,-0.4097706471247271,21.13758175424113,20.5,21.5
2833.0,21.081258693740693,21.51017027266455,6.240927284583505,21.0,0,-0.5101702726645492,22.51416652806277,20.5,21.5
2834.0,21.078290627458863,21.50964010879148,6.23955806359028,21.0,0,-0.5096401087914799,21.504338470060787,20.5,21.5
2835.0,21.07532288094609,21.47251061185414,6.238187898619668,21.0,0,-0.47251061185414045,21.101215642480746,20.5,21.5
2836.0,21.072355453949623,21.41257440894957,6.236816790715109,21.0,0,-0.4125744089495704,20.81321237990387,20.5,21.5
2837.0,21.069388346216975,21.511115108512374,6.23544474092076,21.0,0,-0.5111151085123744,22.496522104140414,20.5,21.5
2838.0,21.066421557495914,21.406058892213885,6.2340717502814975,21.0,1,-0.4060588922138848,20.35549672922899,20.5,21.5
2839.0,21.08345508753447,21.455804117346318,6.2326978198429135,21.0,0,-0.4558041173463181,21.95325636867065,20.5,21.5
2840.0,21.080484936080932,21.430460534467255,6.231322950651316,21.0,0,-0.4304605344672545,21.17702470567662,20.5,21.5
2841.0,21.077515103683847,21.445830861836214,6.229947143753729,21.0,0,-0.4458308618362139,21.599534135525808,20.5,21.5
2842.0,21.074545590091862,21.35689707603829,6.228570400197886,21.0,1,-0.35689707603829035,20.467559218059055,20.5,21.5
2843.0,21.091576395053885,21.352492702894317,6.227192721032241,21.0,1,-0.3524927028943168,21.30844897145458,20.5,21.5
2844.0,21.10860351831908,21.332285626416763,6.225814107305954,21.0,1,-0.3322856264167626,21.13021486164122,20.5,21.5
2845.0,21.125626960436875,21.39217662824019,6.224434560068899,21.0,0,-0.39217662824018973,21.99108664647446,20.5,21.5
2846.0,21.1226467219568,21.406097108376883,6.2230540803716625,21.0,0,-0.4060971083768834,21.54530190974382,20.5,21.5
2847.0,21.119666803428483,21.506901259639367,6.22167266926554,21.0,0,-0.5069012596393669,22.514942772264202,20.5,21.5
2848.0,21.11668720460165,21.52052142630428,6.220290327802536,21.0,0,-0.5205214263042812,21.656723092953424,20.5,21.5
2849.0,21.11370792522629,21.419575330159766,6.218907057035362,21.0,1,-0.4195753301597662,20.410114368714616,20.5,21.5
2850.0,21.13072896505265,21.418210042808614,6.217522858017442,21.0,1,-0.41821004280861374,21.40455716929709,20.5,21.5
2851.0,21.147746323831242,21.456051061110628,6.216137731802901,21.0,0,-0.4560510611106281,21.83446124413077,20.5,21.5
2852.0,21.144760002112836,21.442808365646062,6.214751679446573,21.0,0,-0.4428083656460622,21.310381411000403,20.5,21.5
2853.0,21.141774000448304,21.49270998906174,6.213364702003999,21.0,0,-0.49270998906174057,21.991726223218524,20.5,21.5
2854.0,21.138788318588617,21.571579953524118,6.211976800531422,21.0,0,-0.5715799535241182,22.360279598147894,20.5,21.5
2855.0,21.135802956285005,21.525343600044113,6.210587976085789,21.0,0,-0.5253436000441134,21.062980065244066,20.5,21.5
2856.0,21.132817913288964,21.505747787779267,6.20919822972475,21.0,0,-0.5057477877792671,21.309789665130804,20.5,21.5
2857.0,21.12983318935225,21.496184551846646,6.207807562506657,21.0,0,-0.4961845518466461,21.400552192520436,20.5,21.5
2858.0,21.126848784226883,21.397508609429366,6.2064159754905655,21.0,1,-0.39750860942936583,20.410749185256563,20.5,21.5
2859.0,21.143864697665137,21.382554683985344,6.2050234697362265,21.0,1,-0.38255468398534376,21.233015429545123,20.5,21.5
2860.0,21.16087692941955,21.440335393846144,6.203630046304096,21.0,0,-0.4403353938461443,22.01814249245415,20.5,21.5
2861.0,21.15788548004293,21.44871432885896,6.202235706255328,21.0,0,-0.44871432885895857,21.5325036789871,20.5,21.5
2862.0,21.15489435008817,21.462003390142055,6.200840450651768,21.0,0,-0.4620033901420548,21.594894002973017,20.5,21.5
2863.0,21.151903539308282,21.509961810825196,6.199444280555968,21.0,0,-0.509961810825196,21.989546017656608,20.5,21.5
2864.0,21.14891304745653,21.585767624749202,6.198047197031172,21.0,0,-0.5857676247492023,22.343825763989265,20.5,21.5
2865.0,21.145922874286445,21.526585775485877,6.196649201141318,21.0,0,-0.5265857754858772,20.934767282852626,20.5,21.5
2866.0,21.142933019551815,21.485831810723425,6.195250293951043,21.0,0,-0.4858318107234254,21.078292163098908,20.5,21.5
2867.0,21.139943483006697,21.464026192550147,6.193850476525673,21.0,0,-0.464026192550147,21.245970010817363,20.5,21.5
2868.0,21.1369542644054,21.53013247695506,6.192449749931232,21.0,0,-0.5301324769550604,22.191195321004194,20.5,21.5
2869.0,21.133965363502504,21.445823572998332,6.191048115234433,21.0,0,-0.4458235729983322,20.60273453343105,20.5,21.5
2870.0,21.13097678005285,21.507034283612246,6.189645573502682,21.0,0,-0.5070342836122457,22.11914138975138,20.5,21.5
2871.0,21.12798851381154,21.489138218870675,6.188242125804077,21.0,0,-0.489138218870675,21.310177571454968,20.5,21.5
2872.0,21.125000564533938,21.4091413205217,6.186837773207403,21.0,0,-0.4091413205217016,20.609172337031968,20.5,21.5
2873.0,21.12201293197567,21.31864042387861,6.185432516782136,21.0,1,-0.3186404238786089,20.413631457447682,20.5,21.5
2874.0,21.13902561589263,21.35405537321822,6.184026357598439,21.0,0,-0.35405537321821967,21.708204866614327,20.5,21.5
2875.0,21.136034616040973,21.245498949207068,6.1826192967271645,21.0,1,-0.24549894920706805,20.159934709095552,20.5,21.5
2876.0,21.15304393297711,21.26835359490172,6.18121133523985,21.0,1,-0.2683535949017184,21.496900051848222,20.5,21.5
2877.0,21.17004956645756,21.361712405499997,6.179802474208722,21.0,0,-0.36171240549999695,22.295300511482782,20.5,21.5
2878.0,21.16705151703911,21.446727004773262,6.178392714706685,21.0,0,-0.4467270047732619,22.29687299750591,20.5,21.5
2879.0,21.164053785278643,21.446511948834367,6.176982057807334,21.0,0,-0.44651194883436673,21.444361389445415,20.5,21.5
2880.0,21.16105637093315,21.5613242124828,6.175570504584947,21.0,0,-0.5613242124827984,22.709446848967115,20.5,21.5
2881.0,21.15805927375988,21.57276363379567,6.174158056114481,21.0,0,-0.5727636337956703,21.68715784692439,20.5,21.5
2882.0,21.15506249351635,21.606122862875434,6.1727447134715785,21.0,0,-0.6061228628754343,21.939715153673074,20.5,21.5
2883.0,21.15206602996034,21.53304395486794,6.171330477732562,21.0,0,-0.5330439548679387,20.802254874792983,20.5,21.5
2884.0,21.149069882849897,21.56749848347536,6.169915349974431,21.0,0,-0.5674984834753616,21.91204376954959,20.5,21.5
2885.0,21.146074051943323,21.574218122022078,6.168499331274869,21.0,0,-0.5742181220220779,21.64141450748924,20.5,21.5
2886.0,21.14307853699919,21.5445137616044,6.167082422712235,21.0,0,-0.5445137616043993,21.247470157427614,20.5,21.5
2887.0,21.140083337776332,21.475841138658577,6.165664625365567,21.0,0,-0.475841138658577,20.789114909200354,20.5,21.5
2888.0,21.13708845403385,21.51132798627807,6.164245940314579,21.0,0,-0.5113279862780686,21.866196462472985,20.5,21.5
2889.0,21.134093885531108,21.455092389784504,6.162826368639662,21.0,0,-0.45509238978450384,20.892736424848856,20.5,21.5
2890.0,21.13109963202773,21.36964706094801,6.1614059114218795,21.0,0,-0.3696470609480116,20.51519377258309,20.5,21.5
2891.0,21.128105693283608,21.421719646218207,6.159984569742974,21.0,0,-0.42171964621820734,21.942445498920165,20.5,21.5
2892.0,21.1251120690589,21.46136695610118,6.1585623446853575,21.0,0,-0.4613669561011804,21.85784005493091,20.5,21.5
2893.0,21.122118759114027,21.468223481997416,6.157139237332117,21.0,0,-0.46822348199741626,21.536788740959775,20.5,21.5
2894.0,21.11912576320967,21.51724154848833,6.155715248767011,21.0,0,-0.5172415484883288,22.007422213397454,20.5,21.5
2895.0,21.11613308110678,21.514012314953497,6.1542903800744675,21.0,0,-0.5140123149534972,21.48171997960518,20.5,21.5
2896.0,21.113140712566576,21.508023826230204,6.152864632339586,21.0,0,-0.5080238262302039,21.44813893899727,20.5,21.5
2897.0,21.110148657350532,21.468442188204843,6.151438006648138,21.0,0,-0.4684421882048433,21.072625807951237,20.5,21.5
2898.0,21.10715691522039,21.451073811519727,6.1500105040865565,21.0,0,-0.45107381151972703,21.277390044668564,20.5,21.5
2899.0,21.104165485938164,21.425443660749558,6.148582125741951,21.0,0,-0.42544366074955775,21.169142153047865,20.5,21.5
2900.0,21.101174369266126,21.45894839073431,6.147152872702093,21.0,0,-0.45894839073431015,21.793995690581834,20.5,21.5
2901.0,21.098183564966813,21.459152663461502,6.1457227460554185,21.0,0,-0.4591526634615022,21.461195390733423,20.5,21.5
2902.0,21.09519307280303,21.454757140116286,6.1442917468910325,21.0,0,-0.45475714011628554,21.41080190666412,20.5,21.5
2903.0,21.09220289253785,21.437902103786065,6.1428598762987034,21.0,0,-0.4379021037860653,21.269351740483863,20.5,21.5
2904.0,21.0892130239346,21.45538165108239,6.141427135368863,21.0,0,-0.4553816510823907,21.630177124045645,20.5,21.5
2905.0,21.086223466756888,21.413351147655966,6.139993525192606,21.0,0,-0.41335114765596614,20.99304611339172,20.5,21.5
2906.0,21.083234220768574,21.27318592483739,6.138559046861689,21.0,1,-0.2731859248373887,19.871533696651614,20.5,21.5
2907.0,21.10024528573379,21.264241410631115,6.1371237014685285,21.0,1,-0.26424141063111506,21.17479626856838,20.5,21.5
2908.0,21.117252661416938,21.343343376436017,6.135687490106202,21.0,0,-0.3433433764360174,22.13436303448504,20.5,21.5
2909.0,21.114256348382675,21.341637021819473,6.1342504138684495,21.0,0,-0.34163702181947286,21.324573475654027,20.5,21.5
2910.0,21.11126034719577,21.379804134215828,6.1328124738496665,21.0,0,-0.3798041342158278,21.761475258179377,20.5,21.5
2911.0,21.108264657621103,21.514726097343676,6.131373671144904,21.0,0,-0.5147260973436758,22.863945728622156,20.5,21.5
2912.0,21.10526927942381,21.536391363674444,6.129934006849876,21.0,0,-0.5363913636744435,21.75304402698212,20.5,21.5
2913.0,21.102274212369295,21.431369114112545,6.128493482060948,21.0,1,-0.4313691141125453,20.381146618493563,20.5,21.5
2914.0,21.119279456223232,21.38474908803773,6.1270520978751435,21.0,1,-0.38474908803772934,20.91854882728957,20.5,21.5
2915.0,21.136281010751564,21.37429576319323,6.125609855390136,21.0,1,-0.3742957631932313,21.26976251474825,20.5,21.5
2916.0,21.153278876520492,21.30827714971039,6.124166755704262,21.0,1,-0.30827714971038844,20.64809101488196,20.5,21.5
2917.0,21.170273054096327,21.344318155739003,6.122722799916499,21.0,0,-0.3443181557390034,21.704728216025153,20.5,21.5
2918.0,21.16726354404549,21.375678135129615,6.121277989126483,21.0,0,-0.3756781351296148,21.68927792903573,20.5,21.5
2919.0,21.164254346934506,21.360269170723097,6.119832324434503,21.0,0,-0.3602691707230967,21.206179526657916,20.5,21.5
2920.0,21.161245462530005,21.38713466681488,6.118385806941494,21.0,0,-0.3871346668148803,21.655789627732716,20.5,21.5
2921.0,21.158236890598886,21.445034040748528,6.116938437749042,21.0,0,-0.4450340407485278,22.024027780085003,20.5,21.5
2922.0,21.155228630908315,21.399185314238828,6.115490217959381,21.0,0,-0.39918531423882797,20.94069804914183,20.5,21.5
2923.0,21.152220683225725,21.406197548126286,6.114041148675394,21.0,0,-0.4061975481262863,21.47631988700087,20.5,21.5
2924.0,21.149213047318813,21.45754251618003,6.112591231000609,21.0,0,-0.4575425161800304,21.97099219671747,20.5,21.5
2925.0,21.14620572295555,21.567449221813042,6.111140466039204,21.0,0,-0.5674492218130425,22.666516278143163,20.5,21.5
2926.0,21.143198709904166,21.514137038427705,6.109688854895999,21.0,0,-0.5141370384277053,20.981015204574334,20.5,21.5
2927.0,21.140192007933162,21.604961438133536,6.108236398676458,21.0,0,-0.604961438133536,22.513205435191843,20.5,21.5
2928.0,21.137185616811312,21.562494641391776,6.106783098486688,21.0,0,-0.5624946413917762,21.13782667397418,20.5,21.5
2929.0,21.13417953630765,21.503438332145876,6.105328955433444,21.0,0,-0.5034383321458762,20.912875239686876,20.5,21.5
2930.0,21.131173766191473,21.419332117435545,6.103873970624116,21.0,0,-0.41933211743554466,20.57826997033223,20.5,21.5
2931.0,21.12816830623236,21.486889549503662,6.10241814516674,21.0,0,-0.4868895495036618,22.162463870184833,20.5,21.5
2932.0,21.12516315620015,21.414026191265876,6.100961480169992,21.0,0,-0.4140261912658758,20.685392608888016,20.5,21.5
2933.0,21.122158315864944,21.510073457633045,6.099503976743182,21.0,0,-0.5100734576330446,22.470546121304732,20.5,21.5
2934.0,21.11915378499712,21.59589584765893,6.098045635996264,21.0,0,-0.5958958476589302,22.454119747917787,20.5,21.5
2935.0,21.11614956336732,21.506793072922015,6.096586459039828,21.0,0,-0.5067930729220151,20.615765325552864,20.5,21.5
2936.0,21.113145650746453,21.43021443079093,6.0951264469851,21.0,0,-0.43021443079092947,20.664428009480073,20.5,21.5
2937.0,21.1101420469057,21.464747413895086,6.093665600943944,21.0,0,-0.4647474138950862,21.810077244936654,20.5,21.5
2938.0,21.107138751616507,21.465099580660752,6.092203922028858,21.0,0,-0.46509958066075185,21.468621248317408,20.5,21.5
2939.0,21.10413576465059,21.460170048376806,6.0907414113529725,21.0,0,-0.4601700483768063,21.41087472553735,20.5,21.5
2940.0,21.10113308577993,21.536456273100104,6.089278070030055,21.0,0,-0.5364562731001037,22.299318520333077,20.5,21.5
2941.0,21.098130714776783,21.66774136203819,6.0878138991745,21.0,0,-0.6677413620381891,22.980592251419043,20.5,21.5
2942.0,21.095128651413663,21.571935077256978,6.086348899901341,21.0,0,-0.5719350772569776,20.613872229444862,20.5,21.5
2943.0,21.092126895463363,21.533140381501017,6.084883073326238,21.0,0,-0.533140381501017,21.14519342394141,20.5,21.5
2944.0,21.089125446698937,21.474715751341535,6.08341642056548,21.0,0,-0.47471575134153454,20.89046944974671,20.5,21.5
2945.0,21.08612430489371,21.37875584011872,6.081948942735988,21.0,1,-0.3787558401187212,20.419156727890588,20.5,21.5
2946.0,21.103123469821277,21.278999811794247,6.08048064095531,21.0,1,-0.2789998117942467,20.2814395285495,20.5,21.5
2947.0,21.120118941255505,21.31369904640426,6.079011516341621,21.0,0,-0.3136990464042597,21.66069139250439,20.5,21.5
2948.0,21.117110719770523,21.274872226473033,6.077541570013725,21.0,0,-0.27487222647303255,20.88660402716076,20.5,21.5
2949.0,21.114102805940572,21.28432361829556,6.076070803091051,21.0,0,-0.2843236182955593,21.378837536520827,20.5,21.5
2950.0,21.111095199540003,21.313313161620783,6.074599216693648,21.0,0,-0.3133131616207834,21.603208594873024,20.5,21.5
2951.0,21.108087900343435,21.35648920468201,6.0731268119421955,21.0,0,-0.35648920468200984,21.788249635294274,20.5,21.5
2952.0,21.105080908125753,21.329838129553863,6.071653589957993,21.0,0,-0.32983812955386327,21.063327378272398,20.5,21.5
2953.0,21.102074222662118,21.395380447645454,6.070179551862965,21.0,0,-0.3953804476454543,22.050803628561365,20.5,21.5
2954.0,21.09906784372796,21.431912557624464,6.068704698779653,21.0,0,-0.43191255762446445,21.797233657414566,20.5,21.5
2955.0,21.09606177109897,21.505148203669716,6.067229031831223,21.0,0,-0.5051482036697159,22.23750466412223,20.5,21.5
2956.0,21.093056004551116,21.52773382379088,6.06575255214146,21.0,0,-0.5277338237908786,21.753590025002506,20.5,21.5
2957.0,21.090050543860634,21.602242431088712,6.0642752608347665,21.0,0,-0.6022424310887118,22.347328504067043,20.5,21.5
2958.0,21.08704538880403,21.49615350980873,6.062797159036165,21.0,1,-0.49615350980873174,20.43526429700893,20.5,21.5
2959.0,21.104040539158074,21.395708218340722,6.061318247871295,21.0,1,-0.39570821834072234,20.39125530366063,20.5,21.5
2960.0,21.121031994699816,21.32480052849034,6.059838528466411,21.0,1,-0.32480052849033925,20.61572362998651,20.5,21.5
2961.0,21.13801975600657,21.309831638322557,6.058358001948381,21.0,1,-0.30983163832255656,21.16014273664473,20.5,21.5
2962.0,21.15500382365576,21.24687439659778,6.056876669444694,21.0,1,-0.24687439659777866,20.61730197935,20.5,21.5
2963.0,21.17198419822492,21.29882473743435,6.055394532083449,21.0,0,-0.29882473743435156,21.81832814580008,20.5,21.5
2964.0,21.168960880291692,21.373784311088606,6.053911590993355,21.0,0,-0.3737843110886061,22.12338004763115,20.5,21.5
2965.0,21.165937870433833,21.414531158227028,6.05242784730374,21.0,0,-0.41453115822702813,21.82199962961125,20.5,21.5
2966.0,21.16291516842921,21.398648198611752,6.050943302144536,21.0,0,-0.3986481986117525,21.239818602458996,20.5,21.5
2967.0,21.15989277405595,21.454157670282815,6.04945795664629,21.0,0,-0.4541576702828145,22.009252386993435,20.5,21.5
2968.0,21.156870687092468,21.5043606332151,6.047971811940158,21.0,0,-0.5043606332151,22.006390262537955,20.5,21.5
2969.0,21.15384890731744,21.46428482654112,6.046484869157903,21.0,0,-0.464284826541121,21.06352675980133,20.5,21.5
2970.0,21.150827434509807,21.428884144765355,6.044997129431897,21.0,0,-0.4288841447653553,21.074877327007698,20.5,21.5
2971.0,21.147806268448793,21.37092166603355,6.043508593895119,21.0,0,-0.37092166603354926,20.79129687871549,20.5,21.5
2972.0,21.144785408913883,21.353936593673,6.042019263681153,21.0,0,-0.35393659367300145,21.184085870067523,20.5,21.5
2973.0,21.141764855684837,21.338314087882658,6.040529139924188,21.0,0,-0.33831408788265804,21.182089029979224,20.5,21.5
2974.0,21.138744608541685,21.366742779652974,6.039038223759018,21.0,0,-0.36674277965297364,21.65102969735613,20.5,21.5
2975.0,21.13572466726473,21.471622405532084,6.037546516321043,21.0,0,-0.47162240553208434,22.52041866432319,20.5,21.5
2976.0,21.13270503163454,21.509155248820345,6.0360540187462615,21.0,0,-0.5091552488203455,21.884483681702957,20.5,21.5
2977.0,21.129685701431963,21.52014753431284,6.034560732171273,21.0,0,-0.5201475343128408,21.630070389237794,20.5,21.5
2978.0,21.126666676438113,21.518632334556063,6.033066657733284,21.0,0,-0.5186323345560631,21.503480336988286,20.5,21.5
2979.0,21.12364795643437,21.480849531992032,6.031571796570095,21.0,0,-0.48084953199203184,21.10302150635172,20.5,21.5
2980.0,21.120629541202398,21.398305896614676,6.030076149820108,21.0,0,-0.3983058966146764,20.572869542841122,20.5,21.5
2981.0,21.11761143052412,21.437921128847886,6.028579718622324,21.0,0,-0.43792112884788637,21.834073451179986,20.5,21.5
2982.0,21.11459362418174,21.344639428749268,6.027082504116341,21.0,1,-0.344639428749268,20.411822427763084,20.5,21.5
2983.0,21.13157612195773,21.312714588712197,6.025584507442351,21.0,1,-0.31271458871219693,20.993466188341486,20.5,21.5
2984.0,21.148554923634826,21.35608898817958,6.024085729741143,21.0,0,-0.3560889881795788,21.789832982853397,20.5,21.5
2985.0,21.14553002979605,21.411697872900902,6.022586172154105,21.0,0,-0.411697872900902,21.967786720114134,20.5,21.5
2986.0,21.14250544102452,21.390074480811897,6.021085835823212,21.0,0,-0.3900744808118972,21.17384055992185,20.5,21.5
2987.0,21.139481157103482,21.47670579842842,6.019584721891037,21.0,0,-0.4767057984284193,22.34301897459364,20.5,21.5
2988.0,21.13645717781644,21.50977406398725,6.018082831500743,21.0,0,-0.5097740639872512,21.84045671957557,20.5,21.5
2989.0,21.133433502947177,21.482411739007397,6.016580165796086,21.0,0,-0.48241173900739653,21.20878848920885,20.5,21.5
2990.0,21.130410132279746,21.492895397870313,6.015076725921408,21.0,0,-0.49289539787031345,21.597731986499483,20.5,21.5
2991.0,21.127387065598473,21.318577275526145,6.013572513021648,21.0,1,-0.31857727552614534,19.575396052084464,20.5,21.5
2992.0,21.144364302687958,21.261570567387462,6.012067528242327,21.0,1,-0.2615705673874622,20.69150348600063,20.5,21.5
2993.0,21.16133784333307,21.23071804206636,6.0105617727295595,21.0,1,-0.2307180420663606,20.922192788855345,20.5,21.5
2994.0,21.17830768811895,21.320561536518163,6.009055247630039,21.0,0,-0.3205615365181629,22.218996481036186,20.5,21.5
2995.0,21.17527383763085,21.372343376679773,6.007547954091053,21.0,0,-0.3723433766797726,21.89016177829587,20.5,21.5
2996.0,21.17224029245414,21.563945205696847,6.00603989326047,21.0,0,-0.5639452056968466,23.479963495867587,20.5,21.5
2997.0,21.169207052374304,21.641626888226927,6.004531066286745,21.0,0,-0.6416268882269272,22.418443713527733,20.5,21.5
2998.0,21.166174117177086,21.760927766249416,6.003021474318915,21.0,0,-0.7609277662494165,22.95393654647431,20.5,21.5
2999.0,21.163141486648513,21.72172634505217,6.0015111185066,21.0,0,-0.7217263450521685,21.32971213307969,20.5,21.5
3000.0,21.160109160574883,21.566475928850974,6.0,21.0,1,-0.5664759288509735,20.013971766839024,20.5,21.5
3001.0,21.177077138742767,21.540974769835195,5.9984881199499,21.0,1,-0.540974769835195,21.28596317967741,20.5,21.5
3002.0,21.19404142093901,21.526749947174373,5.996975479507661,21.0,1,-0.5267499471743733,21.384501720566156,20.5,21.5
3003.0,21.21100200775072,21.47803675456594,5.995462079825224,21.0,1,-0.47803675456594164,20.990904828481625,20.5,21.5
3004.0,21.227958899765138,21.42146998392703,5.993947922055111,21.0,1,-0.42146998392702884,20.8558022775379,20.5,21.5
3005.0,21.244912097569596,21.506599113517865,5.992433007350417,21.0,0,-0.5065991135178649,22.357890409426226,20.5,21.5
3006.0,21.241861601751552,21.537822684329548,5.990917336864816,21.0,0,-0.5378226843295479,21.85005839244638,20.5,21.5
3007.0,21.238811412898574,21.479194911295313,5.989400911752556,21.0,0,-0.47919491129531266,20.89291718095296,20.5,21.5
3008.0,21.235761530798346,21.403739361773344,5.987883733168462,21.0,0,-0.4037393617733436,20.649183866553653,20.5,21.5
3009.0,21.23271195523882,21.406028163584903,5.986365802267932,21.0,0,-0.406028163584903,21.428916181700497,20.5,21.5
3010.0,21.229662686008226,21.399078652363773,5.984847120206934,21.0,0,-0.39907865236377305,21.329583540152473,20.5,21.5
3011.0,21.226613722895067,21.407675413988965,5.983327688142014,21.0,0,-0.4076754139889651,21.493643030240886,20.5,21.5
3012.0,21.223565065688117,21.492705473680466,5.981807507230282,21.0,0,-0.49270547368046635,22.34300607059548,20.5,21.5
3013.0,21.220516714176426,21.503727778117955,5.980286578629423,21.0,0,-0.5037277781179554,21.613950822492846,20.5,21.5
3014.0,21.217468668149316,21.567791473571727,5.978764903497693,21.0,0,-0.5677914735717273,22.208428428109446,20.5,21.5
3015.0,21.214420927396386,21.516027652409917,5.97724248299391,21.0,0,-0.5160276524099174,20.99838944079182,20.5,21.5
3016.0,21.211373491707505,21.491151252418582,5.975719318277466,21.0,0,-0.4911512524185824,21.24238725250523,20.5,21.5
3017.0,21.208326360872817,21.523232330467366,5.974195410508315,21.0,0,-0.5232323304673656,21.844043110955198,20.5,21.5
3018.0,21.205279534682745,21.53954501257029,5.972670760846981,21.0,0,-0.5395450125702901,21.702671833599535,20.5,21.5
3019.0,21.202233012927977,21.511326788956797,5.9711453704545505,21.0,0,-0.5113267889567972,21.229144552821868,20.5,21.5
3020.0,21.19918679539948,21.560350642421476,5.9696192404926745,21.0,0,-0.5603506424214757,22.05058917706826,20.5,21.5
3021.0,21.1961408818885,21.54983631059766,5.968092372123567,21.0,0,-0.5498363105976587,21.44469299235949,20.5,21.5
3022.0,21.193095272186547,21.50808784909861,5.966564766510006,21.0,0,-0.5080878490986116,21.09060323410814,20.5,21.5
3023.0,21.19004996608541,21.543508485264425,5.9650364248153265,21.0,0,-0.5435084852644252,21.89771484692256,20.5,21.5
3024.0,21.187004963377156,21.557593626649737,5.96350734820343,21.0,0,-0.5575936266497372,21.698445040502857,20.5,21.5
3025.0,21.18396026385412,21.47906869877638,5.961977537838775,21.0,0,-0.4790686987763806,20.693819420042814,20.5,21.5
3026.0,21.18091586730892,21.550575547269297,5.960446994886379,21.0,0,-0.5505755472692968,22.26564403219846,20.5,21.5
3027.0,21.177871773534434,21.614212919482195,5.958915720511813,21.0,0,-0.6142129194821955,22.250586641611182,20.5,21.5
3028.0,21.17482798232383,21.602463542154776,5.957383715881214,21.0,0,-0.6024635421547764,21.484969768880585,20.5,21.5
3029.0,21.17178449347054,21.614366166605713,5.955850982161268,21.0,0,-0.6143661666057127,21.733392411115076,20.5,21.5
3030.0,21.16874130676828,21.650957517943798,5.954317520519217,21.0,0,-0.6509575179437981,22.01687103132465,20.5,21.5
3031.0,21.16569842201103,21.586004237687654,5.952783332122862,21.0,0,-0.5860042376876535,20.936471435126208,20.5,21.5
3032.0,21.162655838993054,21.421948586463735,5.951248418140551,21.0,1,-0.4219485864637349,19.78139207422455,20.5,21.5
3033.0,21.179613557508883,21.42876542808405,5.949712779741189,21.0,1,-0.4287654280840485,21.496933844287184,20.5,21.5
3034.0,21.19656757735333,21.390614308207,5.948176418094232,21.0,1,-0.39061430820699883,21.009103109436502,20.5,21.5
3035.0,21.21351789912148,21.433693935300255,5.946639334369687,21.0,0,-0.4336939353002549,21.864490206232816,20.5,21.5
3036.0,21.21046452340853,21.373841291235962,5.945101529738108,21.0,0,-0.3738412912359621,20.775314850593034,20.5,21.5
3037.0,21.207411450809794,21.457597668491367,5.943563005370602,21.0,0,-0.45759766849136696,22.295161441045416,20.5,21.5
3038.0,21.204358681120706,21.446731801348616,5.94202376243882,21.0,0,-0.4467318013486157,21.338073129921103,20.5,21.5
3039.0,21.20130621413697,21.411012785614155,5.940483802114965,21.0,0,-0.41101278561415455,21.053822628269543,20.5,21.5
3040.0,21.198254049654565,21.455009116160483,5.9389431255717815,21.0,0,-0.45500911616048256,21.894972421623763,20.5,21.5
3041.0,21.19520218746975,21.50532468790761,5.937401733982563,21.0,0,-0.5053246879076099,22.008480405378883,20.5,21.5
3042.0,21.192150627379053,21.449966937095997,5.935859628521148,21.0,0,-0.4499669370959971,20.89638942897987,20.5,21.5
3043.0,21.18909936917928,21.447221651671903,5.934316810361912,21.0,0,-0.447221651671903,21.41976879743096,20.5,21.5
3044.0,21.186048412667517,21.49593254055697,5.932773280679783,21.0,0,-0.49593254055697145,21.983041429407656,20.5,21.5
3045.0,21.18299775764112,21.396169999404087,5.931229040650223,21.0,1,-0.39616999940408704,20.398544587875243,20.5,21.5
3046.0,21.199947403897724,21.355370194112744,5.929684091449239,21.0,1,-0.3553701941127443,20.947372141199317,20.5,21.5
3047.0,21.216893351235235,21.426514107174626,5.928138434253378,21.0,0,-0.4265141071746257,22.13795323779344,20.5,21.5
3048.0,21.21383560025184,21.43991709096124,5.926592070239725,21.0,0,-0.43991709096124154,21.5739469288274,20.5,21.5
3049.0,21.21077815154584,21.466114333316778,5.9250450005859,21.0,0,-0.4661143333167779,21.72808675687214,20.5,21.5
3050.0,21.207721004915648,21.541978441568798,5.923497226470068,21.0,0,-0.5419784415687978,22.300619524088997,20.5,21.5
3051.0,21.204664160159957,21.663236695576312,5.921948749070925,21.0,0,-0.6632366955763125,22.87581923565146,20.5,21.5
3052.0,21.20160761707774,21.649427893385557,5.920399569567704,21.0,0,-0.6494278933855568,21.511339871478,20.5,21.5
3053.0,21.198551375468238,21.57252484177971,5.918849689140171,21.0,0,-0.5725248417797104,20.803494325721246,20.5,21.5
3054.0,21.195495435130972,21.56116103765144,5.91729910896863,21.0,0,-0.5611610376514413,21.44752299636875,20.5,21.5
3055.0,21.19243979586574,21.56631367519173,5.915747830233914,21.0,0,-0.5663136751917293,21.61784005059461,20.5,21.5
3056.0,21.189384457472617,21.486516448987764,5.914195854117388,21.0,0,-0.48651644898776425,20.688544186948114,20.5,21.5
3057.0,21.186329419751946,21.43341222048445,5.912643181800951,21.0,0,-0.43341222048444905,20.902369935451297,20.5,21.5
3058.0,21.183274682504354,21.44086489358527,5.911089814467031,21.0,0,-0.44086489358527103,21.51539162459349,20.5,21.5
3059.0,21.180220245530748,21.393951965275683,5.909535753298584,21.0,0,-0.3939519652756829,20.9248226821798,20.5,21.5
3060.0,21.177166108632303,21.374085351491598,5.9079809994790935,21.0,0,-0.3740853514915976,21.175419213650745,20.5,21.5
3061.0,21.174112271610472,21.3933941078461,5.906425554192575,21.0,0,-0.39339410784609896,21.586481671391113,20.5,21.5
3062.0,21.17105873426699,21.42370562543629,5.904869418623566,21.0,0,-0.4237056254362912,21.726820801338214,20.5,21.5
3063.0,21.16800549640386,21.501799093922823,5.903312593957131,21.0,0,-0.5017990939228234,22.282733778788145,20.5,21.5
3064.0,21.164952557823373,21.534078413133397,5.901755081378862,21.0,0,-0.5340784131333969,21.85687160523913,20.5,21.5
3065.0,21.161899918328086,21.523795879502813,5.900196882074871,21.0,0,-0.5237958795028135,21.42097054319698,20.5,21.5
3066.0,21.158847577720834,21.459962140149006,5.898637997231793,21.0,0,-0.45996214014900616,20.821624746610933,20.5,21.5
3067.0,21.155795535804735,21.493091394970143,5.89707842803679,21.0,0,-0.4930913949701434,21.824383943181516,20.5,21.5
3068.0,21.15274379238318,21.43124504510567,5.895518175677539,21.0,0,-0.4312450451056691,20.812781546460926,20.5,21.5
3069.0,21.14969234725984,21.461434719033555,5.893957241342242,21.0,0,-0.46143471903355504,21.763331458312415,20.5,21.5
3070.0,21.14664120023866,21.451539886761843,5.892395626219618,21.0,0,-0.451539886761843,21.352591564044722,20.5,21.5
3071.0,21.143590351123855,21.462713884953878,5.890833331498904,21.0,0,-0.4627138849538781,21.57445386687423,20.5,21.5
3072.0,21.14053979971993,21.471529491489314,5.889270358369855,21.0,0,-0.47152949148931356,21.559685556843668,20.5,21.5
3073.0,21.137489545831663,21.404570215114603,5.887706708022744,21.0,0,-0.4045702151146031,20.7349774513675,20.5,21.5
3074.0,21.1344395892641,21.448632078790272,5.88614238164836,21.0,0,-0.448632078790272,21.88925071554696,20.5,21.5
3075.0,21.13138992982258,21.457010825166897,5.884577380438003,21.0,0,-0.45701082516689695,21.540798288933146,20.5,21.5
3076.0,21.1283405673127,21.46506309377253,5.88301170558349,21.0,0,-0.46506309377253174,21.54558577982888,20.5,21.5
3077.0,21.125291501540357,21.424903268120936,5.881445358277153,21.0,0,-0.4249032681209357,21.023305011604975,20.5,21.5
3078.0,21.122242732311705,21.495847486670062,5.879878339711831,21.0,0,-0.49584748667006195,22.205289672161324,20.5,21.5
3079.0,21.119194259433186,21.377853993747475,5.878310651080876,21.0,1,-0.3778539937474754,20.19791906452161,20.5,21.5
3080.0,21.136146082711516,21.38308489463763,5.876742293578155,21.0,1,-0.38308489463762996,21.435393903539175,20.5,21.5
3081.0,21.15309420195369,21.43021590086978,5.875173268398038,21.0,0,-0.43021590086977923,21.901525963191272,20.5,21.5
3082.0,21.150038617766977,21.409746952420193,5.873603576735405,21.0,0,-0.40974695242019266,21.205057467924327,20.5,21.5
3083.0,21.146983330758772,21.48819524477382,5.872033219785646,21.0,0,-0.48819524477382004,22.272678168310094,20.5,21.5
3084.0,21.143928340736576,21.48212472490396,5.870462198744655,21.0,0,-0.4821247249039615,21.421419526205376,20.5,21.5
3085.0,21.140873647508176,21.403039504797427,5.868890514808834,21.0,0,-0.4030395047974267,20.612187303732078,20.5,21.5
3086.0,21.137819250881638,21.325636114526542,5.867318169175089,21.0,0,-0.3256361145265423,20.5516022118177,20.5,21.5
3087.0,21.134765150665295,21.365046748549283,5.865745163040828,21.0,0,-0.36504674854928254,21.759153088776685,20.5,21.5
3088.0,21.13171134666777,21.3250704459662,5.864171497603965,21.0,0,-0.32507044596620105,20.925307420135386,20.5,21.5
3089.0,21.128657838697958,21.449946159353658,5.8625971740629135,21.0,0,-0.449946159353658,22.698703293228228,20.5,21.5
3090.0,21.125604626565032,21.524951506467065,5.8610221936165905,21.0,0,-0.5249515064670653,22.27500497760114,20.5,21.5
3091.0,21.122551710078444,21.555876422254094,5.859446557464411,21.0,0,-0.5558764222540944,21.865125580124385,20.5,21.5
3092.0,21.11949908904792,21.53913681965919,5.857870266806293,21.0,0,-0.5391368196591912,21.37174079371016,20.5,21.5
3093.0,21.116446763283474,21.48969746748879,5.856293322842646,21.0,0,-0.4896974674887886,20.995303945784762,20.5,21.5
3094.0,21.113394732595385,21.337810854971938,5.854715726774385,21.0,1,-0.33781085497193786,19.81894472980343,20.5,21.5
3095.0,21.13034299679422,21.326789687529725,5.853137479802917,21.0,1,-0.32678968752972537,21.2165780131076,20.5,21.5
3096.0,21.14728755569082,21.35662321025884,5.851558583130145,21.0,0,-0.3566232102588387,21.654958437549972,20.5,21.5
3097.0,21.144228409896307,21.409684651279697,5.8499790379584695,21.0,0,-0.4096846512796972,21.940299061488282,20.5,21.5
3098.0,21.14116956002192,21.40469081817714,5.848398845490781,21.0,0,-0.4046908181771407,21.354752487151575,20.5,21.5
3099.0,21.13811100587901,21.54788343391112,5.846818006930464,21.0,0,-0.5478834339111209,22.979809591250923,20.5,21.5
3100.0,21.13505274727922,21.590640384309143,5.8452365234813985,21.0,0,-0.5906403843091432,22.018209888289366,20.5,21.5
3101.0,21.13199478403446,21.5413319147197,5.843654396347952,21.0,0,-0.5413319147196987,21.048247218825253,20.5,21.5
3102.0,21.128937115956923,21.505441892077283,5.842071626734981,21.0,0,-0.5054418920772825,21.14654166565312,20.5,21.5
3103.0,21.125879742859077,21.524777523941236,5.840488215847838,21.0,0,-0.5247775239412356,21.718133842580766,20.5,21.5
3104.0,21.122822664553674,21.412259672267318,5.838904164892355,21.0,1,-0.41225967226731797,20.287081155528142,20.5,21.5
3105.0,21.13976588085374,21.406224567449875,5.837319475074857,21.0,1,-0.40622456744987545,21.34587351927545,20.5,21.5
3106.0,21.156705391572586,21.478756847444163,5.835734147602153,21.0,0,-0.47875684744416347,22.204079647387044,20.5,21.5
3107.0,21.153641197323793,21.439478604673898,5.834148183681542,21.0,0,-0.4394786046738979,21.046696176971242,20.5,21.5
3108.0,21.150577298721064,21.494175830028365,5.832561584520803,21.0,0,-0.4941758300283645,22.04114808357303,20.5,21.5
3109.0,21.147513695578223,21.584073995018215,5.830974351328199,21.0,0,-0.5840739950182154,22.483055644916725,20.5,21.5
3110.0,21.144450387709373,21.629195362088105,5.829386485312479,21.0,0,-0.6291953620881046,22.080409032786996,20.5,21.5
3111.0,21.141387374928893,21.54999313608185,5.82779798768287,21.0,0,-0.5499931360818486,20.75797087601929,20.5,21.5
3112.0,21.138324657051445,21.547451354883236,5.826208859649083,21.0,0,-0.5474513548832363,21.522033542897113,20.5,21.5
3113.0,21.135262233891964,21.554001256312965,5.82461910242131,21.0,0,-0.554001256312965,21.619500270610253,20.5,21.5
3114.0,21.13220010526567,21.529425878843988,5.823028717210218,21.0,0,-0.5294258788439876,21.283672104154213,20.5,21.5
3115.0,21.12913827098806,21.425622485082094,5.821437705226955,21.0,1,-0.4256224850820942,20.38758854746316,20.5,21.5
3116.0,21.14607673087491,21.4012111292042,5.819846067683145,21.0,1,-0.4012111292041993,21.15709757042525,20.5,21.5
3117.0,21.16301148474227,21.408635971569176,5.818253805790892,21.0,1,-0.40863597156917564,21.48288439521894,20.5,21.5
3118.0,21.17994253320648,21.388154460747565,5.81666092076277,21.0,1,-0.38815446074756466,21.183339352531455,20.5,21.5
3119.0,21.19686987688399,21.43162665098332,5.815067413811832,21.0,0,-0.4316266509833184,21.866348553340856,20.5,21.5
3120.0,21.193793516391377,21.477599470194146,5.813473286151601,21.0,0,-0.4775994701941464,21.937327662302426,20.5,21.5
3121.0,21.19071745234533,21.56029300991392,5.811878538996076,21.0,0,-0.5602930099139201,22.387228407111657,20.5,21.5
3122.0,21.18764168456266,21.584287259951182,5.810283173559725,21.0,0,-0.5842872599511821,21.824229760323803,20.5,21.5
3123.0,21.18456621286046,21.52425870577139,5.80868719105749,21.0,0,-0.5242587057713912,20.923973163973482,20.5,21.5
3124.0,21.181491037056098,21.46845027855254,5.80709059270478,21.0,0,-0.46845027855254173,20.910366006364047,20.5,21.5
3125.0,21.178416156967227,21.460043018356934,5.805493379717475,21.0,0,-0.4600430183569344,21.37597041640086,20.5,21.5
3126.0,21.175341572411778,21.51057311389014,5.8038955533119205,21.0,0,-0.510573113890139,22.015874069222185,20.5,21.5
3127.0,21.172267283207958,21.52378671141602,5.802297114704932,21.0,0,-0.5237867114160188,21.655922686674817,20.5,21.5
3128.0,21.169193289174256,21.51159047857873,5.80069806511379,21.0,0,-0.5115904785787286,21.389628150205827,20.5,21.5
3129.0,21.166119590129444,21.543465514470697,5.79909840575624,21.0,0,-0.5434655144706966,21.862215873390376,20.5,21.5
3130.0,21.16304618589257,21.48365817205208,5.797498137850493,21.0,0,-0.48365817205208117,20.885584747865927,20.5,21.5
3131.0,21.15997307628296,21.40263104673379,5.795897262615221,21.0,0,-0.40263104673379146,20.592359793550894,20.5,21.5
3132.0,21.156900261120224,21.3171313639915,5.794295781269561,21.0,1,-0.3171313639914999,20.462134536568584,20.5,21.5
3133.0,21.173827740224255,21.339632425372418,5.792693695033112,21.0,0,-0.3396324253724181,21.5646430391816,20.5,21.5
3134.0,21.170751513415215,21.26041270622273,5.79109100512593,21.0,1,-0.2604127062227306,20.468215514725856,20.5,21.5
3135.0,21.187675581313556,21.284080956293618,5.789487712768534,21.0,0,-0.28408095629361796,21.52076345700249,20.5,21.5
3136.0,21.184595943739847,21.353876000367855,5.787883819181903,21.0,0,-0.3538760003678547,22.051826441110222,20.5,21.5
3137.0,21.181516601314936,21.463975567124443,5.7862793255874685,21.0,0,-0.463975567124443,22.564971234690326,20.5,21.5
3138.0,21.17843755385979,21.484437603855476,5.784674233207123,21.0,0,-0.48443760385547563,21.689057971165802,20.5,21.5
3139.0,21.17535880119566,21.545690534558226,5.783068543263215,21.0,0,-0.5456905345582257,22.158219841585726,20.5,21.5
3140.0,21.172280343144074,21.530579292947255,5.781462256978547,21.0,0,-0.5305792929472553,21.37946687683755,20.5,21.5
3141.0,21.16920217952684,21.49254958669349,5.7798553755763775,21.0,0,-0.4925495866934888,21.112252524155824,20.5,21.5
3142.0,21.16612431016605,21.460389912489564,5.778247900280412,21.0,0,-0.46038991248956407,21.138793170450317,20.5,21.5
3143.0,21.163046734884073,21.48346883302147,5.776639832314818,21.0,0,-0.4834688330214689,21.714258038340517,20.5,21.5
3144.0,21.15996945350356,21.457018282328413,5.775031172904207,21.0,0,-0.4570182823284128,21.19251277539785,20.5,21.5
3145.0,21.15689246584744,21.571986251194456,5.773421923273641,21.0,0,-0.5719862511944562,22.72166593985489,20.5,21.5
3146.0,21.153815771738927,21.576579406041436,5.771812084648637,21.0,0,-0.5765794060414358,21.62251095451123,20.5,21.5
3147.0,21.15073937100151,21.609539620573756,5.770201658255157,21.0,0,-0.6095396205737558,21.939141765896956,20.5,21.5
3148.0,21.14766326345896,21.554336798766947,5.768590645319607,21.0,0,-0.554336798766947,21.00230858069886,20.5,21.5
3149.0,21.144587448935333,21.559032967090864,5.766979047068848,21.0,0,-0.5590329670908645,21.60599465033004,20.5,21.5
3150.0,21.14151192725496,21.536547422837362,5.76536686473018,21.0,0,-0.5365474228373621,21.31169198030234,20.5,21.5
3151.0,21.138436698242455,21.547741918942073,5.763754099531349,21.0,0,-0.5477419189420729,21.65968687998918,20.5,21.5
3152.0,21.135361761722713,21.51734093727601,5.762140752700549,21.0,0,-0.5173409372760105,21.213331120615386,20.5,21.5
3153.0,21.13228711752091,21.578942994792445,5.76052682546641,21.0,0,-0.5789429947924454,22.194963569956794,20.5,21.5
3154.0,21.129212765462498,21.55179590849837,5.758912319058011,21.0,0,-0.5517959084983701,21.280325045557618,20.5,21.5
3155.0,21.12613870537322,21.45432888228772,5.757297234704866,21.0,1,-0.4543288822877187,20.479658620181205,20.5,21.5
3156.0,21.143064937079085,21.40821381849737,5.7556815736369344,21.0,1,-0.4082138184973694,20.947063180593876,20.5,21.5
3157.0,21.1599874604064,21.381360029443243,5.7540653370846115,21.0,1,-0.3813600294432433,21.112822138901983,20.5,21.5
3158.0,21.176906275981732,21.352016847269,5.752448526278731,21.0,1,-0.35201684726899884,21.058585025526554,20.5,21.5
3159.0,21.193821384431793,21.408668529468667,5.750831142450567,21.0,0,-0.4086685294686667,21.975185351465345,20.5,21.5
3160.0,21.190732786383396,21.388219654242704,5.749213186831825,21.0,0,-0.3882196542427039,21.183730901983076,20.5,21.5
3161.0,21.187644482463487,21.373729135297708,5.747594660654649,21.0,0,-0.3737291352977081,21.22882394584775,20.5,21.5
3162.0,21.184556472499125,21.40582872264731,5.745975565151618,21.0,0,-0.4058287226473105,21.726824596143334,20.5,21.5
3163.0,21.181468756317656,21.44020852903935,5.744355901555744,21.0,0,-0.44020852903934937,21.784006592959738,20.5,21.5
3164.0,21.178381333746703,21.426398304895592,5.742735671100471,21.0,0,-0.42639830489559216,21.28829606345802,20.5,21.5
3165.0,21.175294204614175,21.500843547875846,5.741114875019672,21.0,0,-0.5008435478758457,22.24529597767838,20.5,21.5
3166.0,21.172207368748257,21.45332611315593,5.739493514547659,21.0,0,-0.4533261131559314,20.978151765956788,20.5,21.5
3167.0,21.169120825977416,21.451928783942662,5.737871590919164,21.0,0,-0.45192878394266245,21.437955491809973,20.5,21.5
3168.0,21.166034576130404,21.41555060621792,5.736249105369356,21.0,0,-0.41555060621791995,21.051768828970495,20.5,21.5
3169.0,21.16294861903625,21.34902391064052,5.734626059133826,21.0,0,-0.3490239106405184,20.683756954866503,20.5,21.5
3170.0,21.159862954524268,21.352081968422226,5.733002453448595,21.0,0,-0.35208196842222605,21.382662546239303,20.5,21.5
3171.0,21.156777582424052,21.39485380431935,5.731378289550109,21.0,0,-0.39485380431935013,21.82257216329059,20.5,21.5
3172.0,21.153692502565477,21.48348588163452,5.729753568675239,21.0,0,-0.4834858816345218,22.369806654786238,20.5,21.5
3173.0,21.150607714778697,21.49816239726802,5.728128292061283,21.0,0,-0.49816239726801825,21.644927553602983,20.5,21.5
3174.0,21.147523218894154,21.48709970896731,5.726502460945958,21.0,0,-0.48709970896731036,21.37647282596023,20.5,21.5
3175.0,21.144439014742563,21.478335832686977,5.724876076567403,21.0,0,-0.47833583268697666,21.39069706988364,20.5,21.5
3176.0,21.14135510215493,21.58354102179785,5.723249140164185,21.0,0,-0.5835410217978492,22.635592912906574,20.5,21.5
3177.0,21.13827148096253,21.52064463260407,5.721621652975284,21.0,0,-0.5206446326040712,20.891680740666292,20.5,21.5
3178.0,21.13518815099693,21.570285007741116,5.719993616240102,21.0,0,-0.5702850077411163,22.066688759111567,20.5,21.5
3179.0,21.13210511208998,21.660479266970505,5.718365031198462,21.0,0,-0.6604792669705049,22.56242185926439,20.5,21.5
3180.0,21.1290223640738,21.663202397084973,5.716735899090601,21.0,0,-0.663202397084973,21.690433698229654,20.5,21.5
3181.0,21.125939906780804,21.59785814911777,5.715106221157173,21.0,0,-0.5978581491177692,20.944415669445732,20.5,21.5
3182.0,21.122857740043678,21.595531331230404,5.71347599863925,21.0,0,-0.5955313312304042,21.572263152356754,20.5,21.5
3183.0,21.1197758636954,21.556832337305885,5.711845232778318,21.0,0,-0.5568323373058846,21.169842398060688,20.5,21.5
3184.0,21.116694277569216,21.48386819672958,5.710213924816274,21.0,0,-0.48386819672958126,20.75422679096655,20.5,21.5
3185.0,21.113612981498665,21.449967035162437,5.708582075995432,21.0,0,-0.4499670351624374,21.110955419491,20.5,21.5
3186.0,21.110531975317564,21.394564301926334,5.706949687558515,21.0,0,-0.3945643019263336,20.840536969565296,20.5,21.5
3187.0,21.10745125886001,21.211462832482162,5.705316760748657,21.0,1,-0.21146283248216236,19.38044813804045,20.5,21.5
3188.0,21.124370831960388,21.140277950602837,5.703683296809404,21.0,1,-0.14027795060283665,20.42842913180958,20.5,21.5
3189.0,21.141286694453356,21.1717375612128,5.702049296984709,21.0,1,-0.17173756121280093,21.486333667312444,20.5,21.5
3190.0,21.158198846973864,21.14135933042268,5.700414762518935,21.0,1,-0.14135933042268078,20.83757702252148,20.5,21.5
3191.0,21.175107290156973,21.24099920762522,5.69877969465685,21.0,0,-0.24099920762521876,22.2373979796506,20.5,21.5
3192.0,21.172012024637873,21.34612271028468,5.6971440946436305,21.0,0,-0.34612271028467845,22.397357736879275,20.5,21.5
3193.0,21.168917051051874,21.365738059770845,5.6955079637248565,21.0,0,-0.3657380597708446,21.561891554632506,20.5,21.5
3194.0,21.16582236923441,21.37376932807156,5.693871303146511,21.0,0,-0.3737693280715604,21.454082011078718,20.5,21.5
3195.0,21.16272797902119,21.39493397403296,5.692234114154986,21.0,0,-0.39493397403295916,21.606580433646947,20.5,21.5
3196.0,21.15963388024822,21.39632209069468,5.69059639799707,21.0,0,-0.3963220906946816,21.410203257311906,20.5,21.5
3197.0,21.156540072751767,21.428299495753276,5.688958155919955,21.0,0,-0.42829949575327575,21.748073546339217,20.5,21.5
3198.0,21.1534465563684,21.540140934476725,5.687319389171233,21.0,0,-0.5401409344767245,22.658555321711212,20.5,21.5
3199.0,21.150353330934962,21.546719230088307,5.685680098998897,21.0,0,-0.546719230088307,21.612502186204132,20.5,21.5
3200.0,21.147260396288576,21.5854927801505,5.684040286651338,21.0,0,-0.5854927801504992,21.97322828077242,20.5,21.5
3201.0,21.14416775226665,21.52873896198563,5.6823999533773435,21.0,0,-0.5287389619856313,20.961200780336952,20.5,21.5
3202.0,21.14107539870687,21.501964274111053,5.6807591004261,21.0,0,-0.501964274111053,21.23421739536527,20.5,21.5
3203.0,21.137983335447213,21.36499352112418,5.679117729047189,21.0,1,-0.3649935211241804,19.995285991255454,20.5,21.5
3204.0,21.154891562325933,21.35735523278661,5.677475840490582,21.0,1,-0.35735523278660963,21.280972349410902,20.5,21.5
3205.0,21.171796079181565,21.444934487964208,5.675833436006654,21.0,0,-0.44493448796420765,22.320727039740188,20.5,21.5
3206.0,21.16869688665293,21.437648210757654,5.674190516846164,21.0,0,-0.43764821075765425,21.36478543869212,20.5,21.5
3207.0,21.16559798537897,21.4798905281749,5.672547084260269,21.0,0,-0.47989052817489863,21.902313702347342,20.5,21.5
3208.0,21.162499375198745,21.55034998934469,5.67090313950051,21.0,0,-0.5503499893446886,22.254944601042588,20.5,21.5
3209.0,21.159401055951605,21.51754062319805,5.669258683818827,21.0,0,-0.5175406231980517,21.189446961731683,20.5,21.5
3210.0,21.15630302747718,21.41808406757076,5.667613718467543,21.0,1,-0.41808406757076,20.423518511297843,20.5,21.5
3211.0,21.173205289615378,21.387919350026106,5.665968244699369,21.0,1,-0.387919350026106,21.086272174579566,20.5,21.5
3212.0,21.190103842206394,21.44041074983658,5.664322263767406,21.0,0,-0.44041074983658035,21.965324747941324,20.5,21.5
3213.0,21.186998685890707,21.456833202000237,5.662675776925143,21.0,0,-0.4568332020002366,21.6210577236368,20.5,21.5
3214.0,21.183893821308914,21.59903404294614,5.6610287854264465,21.0,0,-0.5990340429461405,23.02104245240518,20.5,21.5
3215.0,21.180789248301735,21.578411835432746,5.659381290525575,21.0,0,-0.5784118354327461,21.372189760298802,20.5,21.5
3216.0,21.17768496671018,21.688189874306754,5.6577332934771665,21.0,0,-0.6881898743067545,22.78597026304684,20.5,21.5
3217.0,21.174580976375534,21.64455962796746,5.656084795536243,21.0,0,-0.6445596279674604,21.20825716457452,20.5,21.5
3218.0,21.171477277139367,21.569055076679984,5.654435797958208,21.0,0,-0.5690550766799838,20.814009563805218,20.5,21.5
3219.0,21.16837386884353,21.454450896270902,5.6527863019988445,21.0,1,-0.4544508962709024,20.30840909218009,20.5,21.5
3220.0,21.18527075133016,21.463087637909247,5.651136308914314,21.0,0,-0.463087637909247,21.549455054292693,20.5,21.5
3221.0,21.182163924441678,21.419780095044135,5.649485819961159,21.0,0,-0.4197800950441355,20.98670466639302,20.5,21.5
3222.0,21.17905738882078,21.349259059015104,5.647834836396299,21.0,0,-0.3492590590151039,20.644048698724788,20.5,21.5
3223.0,21.175951144310297,21.427818475642276,5.64618335947703,21.0,0,-0.42781847564227604,22.213412641913997,20.5,21.5
3224.0,21.17284519075333,21.471784072501755,5.644531390461022,21.0,0,-0.47178407250175525,21.911440041096547,20.5,21.5
3225.0,21.16973952799327,21.392892530525742,5.642878930606323,21.0,0,-0.39289253052574225,20.603977110765612,20.5,21.5
3226.0,21.16663415587379,21.38663945046529,5.6412259811713525,21.0,0,-0.3866394504652888,21.324108649860754,20.5,21.5
3227.0,21.16352907423885,21.426747916560977,5.639572543414903,21.0,0,-0.4267479165609771,21.82783257751786,20.5,21.5
3228.0,21.160424282932684,21.38911821235801,5.63791861859614,21.0,0,-0.38911821235801014,21.01282117032834,20.5,21.5
3229.0,21.157319781799817,21.33134350215505,5.636264207974599,21.0,0,-0.3313435021550504,20.753596400125453,20.5,21.5
3230.0,21.154215570685054,21.362607450596595,5.634609312810185,21.0,0,-0.36260745059659527,21.675246935012044,20.5,21.5
3231.0,21.151111649433478,21.383318289101602,5.632953934363172,21.0,0,-0.38331828910160226,21.590426674151672,20.5,21.5
3232.0,21.148008017890465,21.374455639909094,5.631298073894206,21.0,0,-0.3744556399090939,21.28582914798401,20.5,21.5
3233.0,21.144904675901667,21.310615986626495,5.629641732664292,21.0,0,-0.3106159866264946,20.6722194538005,20.5,21.5
3234.0,21.14180162331302,21.33917275176985,5.627984911934809,21.0,0,-0.3391727517698513,21.62474040320342,20.5,21.5
3235.0,21.138698859970745,21.415225705747734,5.6263276129675,21.0,0,-0.41522570574773354,22.175755245526556,20.5,21.5
3236.0,21.135596385721346,21.430683944311546,5.624669837024466,21.0,0,-0.43068394431154644,21.585266329949675,20.5,21.5
3237.0,21.132494200411607,21.500448787336385,5.623011585368176,21.0,0,-0.500448787336385,22.19809721758477,20.5,21.5
3238.0,21.129392303888597,21.5635013753025,5.621352859261464,21.0,0,-0.5635013753025007,22.194027254963657,20.5,21.5
3239.0,21.12629069599967,21.58623206213499,5.619693659967519,21.0,0,-0.5862320621349895,21.813538930459877,20.5,21.5
3240.0,21.123189376592464,21.54899767576996,5.618033988749896,21.0,0,-0.5489976757699608,21.176653812119675,20.5,21.5
3241.0,21.120088345514894,21.42703143645692,5.616373846872504,21.0,1,-0.42703143645692165,20.20736904332653,20.5,21.5
3242.0,21.136987602615164,21.347118064145196,5.6147132355996145,21.0,1,-0.34711806414519586,20.547984341027938,20.5,21.5
3243.0,21.153883147741762,21.34743075020238,5.613052156195856,21.0,1,-0.34743075020238123,21.350557610774235,20.5,21.5
3244.0,21.170774981543452,21.289900459838428,5.611390609926211,21.0,1,-0.28990045983842805,20.714597556198896,20.5,21.5
3245.0,21.187663104669127,21.364346427735335,5.609728598056021,21.0,0,-0.36434642773533454,22.1088061067044,20.5,21.5
3246.0,21.184547517767804,21.46582508764233,5.608066121850982,21.0,0,-0.46582508764232955,22.48061168671228,20.5,21.5
3247.0,21.18143222148862,21.621955977515693,5.606403182577136,21.0,0,-0.6219559775156931,23.18326487624933,20.5,21.5
3248.0,21.17831721568084,21.61075169205458,5.604739781500889,21.0,0,-0.6107516920545812,21.498708837443463,20.5,21.5
3249.0,21.175202500194004,21.684957365084777,5.603075919888992,21.0,0,-0.6849573650847773,22.42701409538674,20.5,21.5
3250.0,21.172088074877944,21.616908946382203,5.601411599008546,21.0,0,-0.6169089463822033,20.936424759356463,20.5,21.5
3251.0,21.16897393958277,21.548055976843656,5.599746820127007,21.0,0,-0.5480559768436564,20.859526281458187,20.5,21.5
3252.0,21.16586009415888,21.383159331498472,5.598081584512174,21.0,1,-0.38315933149847226,19.73419287804663,20.5,21.5
3253.0,21.18274653845695,21.439459329039465,5.596415893432197,21.0,0,-0.4394593290394653,22.002459304449395,20.5,21.5
3254.0,21.179629272327944,21.42472371021588,5.5947497481555715,21.0,0,-0.4247237102158792,21.27736752198002,20.5,21.5
3255.0,21.17651229642311,21.382975142480575,5.593083149951142,21.0,0,-0.38297514248057496,20.965489465127533,20.5,21.5
3256.0,21.173395610593815,21.453284926419066,5.591416100088093,21.0,0,-0.4532849264190659,22.156382765803976,20.5,21.5
3257.0,21.170279214691714,21.50140950196679,5.589748599835958,21.0,0,-0.5014095019667906,21.982655257444037,20.5,21.5
3258.0,21.167163108568744,21.496755994086353,5.588080650464608,21.0,0,-0.49675599408635307,21.450220915281978,20.5,21.5
3259.0,21.16404729207712,21.49176797801743,5.586412253244261,21.0,0,-0.4917679780174318,21.44188781732822,20.5,21.5
3260.0,21.160931765069353,21.550278560520617,5.5847434094454735,21.0,0,-0.5502785605206171,22.13538438555247,20.5,21.5
3261.0,21.15781652739823,21.507348941291333,5.583074120339143,21.0,0,-0.5073489412913332,21.078052748998495,20.5,21.5
3262.0,21.154701578916818,21.410236401302832,5.581404387196506,21.0,1,-0.4102364013028321,20.43911100141782,20.5,21.5
3263.0,21.171586919478475,21.368303408179788,5.579734211289136,21.0,1,-0.3683034081797878,20.948973476949345,20.5,21.5
3264.0,21.188468548936836,21.423615165407032,5.578063593888944,21.0,0,-0.4236151654070319,21.976732737679473,20.5,21.5
3265.0,21.185346467945827,21.372494077080383,5.5763925362681785,21.0,0,-0.3724940770803826,20.86128319381389,20.5,21.5
3266.0,21.182224677159493,21.4187727093526,5.5747210396994245,21.0,0,-0.4187727093525986,21.881559032074758,20.5,21.5
3267.0,21.179103176432,21.502357038125993,5.573049105455596,21.0,0,-0.502357038125993,22.338200325859937,20.5,21.5
3268.0,21.175981965617805,21.52569743980107,5.571376734809948,21.0,0,-0.5256974398010712,21.759101456551853,20.5,21.5
3269.0,21.172861044571643,21.45844632014147,5.569703929036059,21.0,0,-0.45844632014146924,20.78593512354545,20.5,21.5
3270.0,21.169740413148535,21.494157627933472,5.568030689407845,21.0,0,-0.49415762793347184,21.851270705853498,20.5,21.5
3271.0,21.166620071203788,21.440596733812935,5.566357017199552,21.0,0,-0.44059673381293507,20.904987792607567,20.5,21.5
3272.0,21.163500018592988,21.440019734213656,5.564682913685753,21.0,0,-0.4400197342136565,21.43424973822087,20.5,21.5
3273.0,21.160380255172004,21.447029967516173,5.563008380141352,21.0,0,-0.44702996751617263,21.517132300541334,20.5,21.5
3274.0,21.157260780797,21.426488248986225,5.561333417841576,21.0,0,-0.4264882489862245,21.221071063686743,20.5,21.5
3275.0,21.154141595324408,21.44480408715602,5.5596580280619845,21.0,0,-0.4448040871560188,21.627962468853962,20.5,21.5
3276.0,21.151022698610955,21.513969108552516,5.557982212078459,21.0,0,-0.5139691085525158,22.205619322517485,20.5,21.5
3277.0,21.14790409051365,21.533787622353753,5.556305971167205,21.0,0,-0.5337876223537528,21.731972760366123,20.5,21.5
3278.0,21.14478577088978,21.505459773090035,5.554629306604755,21.0,0,-0.5054597730900348,21.222181280452855,20.5,21.5
3279.0,21.141667739596922,21.460566400721284,5.552952219667962,21.0,0,-0.46056640072128374,21.011632677033774,20.5,21.5
3280.0,21.138549996492937,21.50277417926566,5.551274711633998,21.0,0,-0.5027741792656606,21.92485196470943,20.5,21.5
3281.0,21.135432541435964,21.420551243400045,5.549596783780362,21.0,0,-0.4205512434000447,20.598321884743886,20.5,21.5
3282.0,21.132315374284435,21.36599174877584,5.547918437384865,21.0,0,-0.3659917487758406,20.8203968025338,20.5,21.5
3283.0,21.129198494897054,21.3813627631048,5.546239673725643,21.0,0,-0.3813627631048,21.535072906394394,20.5,21.5
3284.0,21.12608190313282,21.475369371492093,5.544560494081149,21.0,0,-0.4753693714920928,22.41543545536502,20.5,21.5
3285.0,21.12296559885101,21.4862397166058,5.542880899730149,21.0,0,-0.4862397166058017,21.59494316774289,20.5,21.5
3286.0,21.119849581911186,21.499365587418104,5.541200891951728,21.0,0,-0.49936558741810444,21.630624295541132,20.5,21.5
3287.0,21.116733852173194,21.516165294281514,5.539520472025284,21.0,0,-0.5161652942815138,21.684162362915608,20.5,21.5
3288.0,21.113618409497164,21.40708198149249,5.537839641230532,21.0,1,-0.40708198149248886,20.31624885360224,20.5,21.5
3289.0,21.13050325374351,21.42657961926566,5.536158400847496,21.0,0,-0.42657961926565946,21.621555996997365,20.5,21.5
3290.0,21.12738438477293,21.28050716579174,5.534476752156514,21.0,1,-0.2805071657917395,19.81978263105254,20.5,21.5
3291.0,21.14426580324641,21.309096389356462,5.532794696438235,21.0,0,-0.309096389356462,21.594988625003687,20.5,21.5
3292.0,21.141143509025046,21.282440234525655,5.531112234973618,21.0,0,-0.28244023452565514,21.015878686217587,20.5,21.5
3293.0,21.138021502770236,21.341992088817285,5.529429369043929,21.0,0,-0.3419920888172854,21.937510631733588,20.5,21.5
3294.0,21.134899784343492,21.247977386029593,5.527746099930746,21.0,1,-0.24797738602959285,20.307830358152668,20.5,21.5
3295.0,21.15177835360661,21.311241062916434,5.52606242891595,21.0,0,-0.3112410629164337,21.943877831784842,20.5,21.5
3296.0,21.14865321042167,21.218990036280196,5.52437835728173,21.0,1,-0.21899003628019642,20.296479769917823,20.5,21.5
3297.0,21.16552835545104,21.185410735308725,5.522693886310579,21.0,1,-0.1854107353087251,20.849617725594012,20.5,21.5
3298.0,21.182399788557213,21.16626257311085,5.521009017285297,21.0,1,-0.16626257311084913,20.97478095113209,20.5,21.5
3299.0,21.199267510402958,21.20777054708706,5.519323751488983,21.0,0,-0.20777054708705833,21.62285028684915,20.5,21.5
3300.0,21.196131521651175,21.307736681709617,5.5176380902050415,21.0,0,-0.307736681709617,22.307398027935204,20.5,21.5
3301.0,21.192995822964885,21.386320631757012,5.515952034717177,21.0,0,-0.3863206317570125,22.172160132230967,20.5,21.5
3302.0,21.189860414207235,21.474432293732068,5.514265586309393,21.0,0,-0.4744322937320682,22.355548913482625,20.5,21.5
3303.0,21.186725295241654,21.539530605219625,5.512578746265993,21.0,0,-0.5395306052196247,22.19051372009519,20.5,21.5
3304.0,21.18359046593186,21.548936810880175,5.510891515871581,21.0,0,-0.5489368108801749,21.642998867485677,20.5,21.5
3305.0,21.18045592614185,21.479753872944407,5.509203896411055,21.0,0,-0.4797538729444071,20.78792449358673,20.5,21.5
3306.0,21.177321675735904,21.441954791196654,5.507515889169611,21.0,0,-0.44195479119665393,21.063963973719122,20.5,21.5
3307.0,21.17418771457859,21.462897291067627,5.50582749543274,21.0,0,-0.4628972910676268,21.672322289777355,20.5,21.5
3308.0,21.17105404253476,21.483481493846433,5.504138716486228,21.0,0,-0.48348149384643335,21.6893235216345,20.5,21.5
3309.0,21.16792065946955,21.46212333752602,5.5024495536161515,21.0,0,-0.46212333752601964,21.248541774321883,20.5,21.5
3310.0,21.164787565248382,21.459436665061197,5.500760008108883,21.0,0,-0.4594366650611974,21.432569940412975,20.5,21.5
3311.0,21.161654759736955,21.459698895444017,5.499070081251085,21.0,0,-0.4596988954440171,21.462321199272214,20.5,21.5
3312.0,21.158522242801258,21.347067923031386,5.49737977432971,21.0,1,-0.34706792303138556,20.22075819890507,20.5,21.5
3313.0,21.175390014307563,21.33614389548709,5.495689088632,21.0,1,-0.33614389548709056,21.22690362004414,20.5,21.5
3314.0,21.192254074122427,21.387785571793795,5.493998025445486,21.0,0,-0.38778557179379547,21.904202334860845,20.5,21.5
3315.0,21.18911442291269,21.435583799045492,5.492306586057986,21.0,0,-0.43558379904549227,21.91356607156246,20.5,21.5
3316.0,21.18597506134532,21.468353913822188,5.490614771757604,21.0,0,-0.46835391382218816,21.796055061589147,20.5,21.5
3317.0,21.182835989287405,21.564731057903863,5.488922583832734,21.0,0,-0.5647310579038631,22.528502498720613,20.5,21.5
3318.0,21.179697206606313,21.530922356648126,5.487230023572046,21.0,0,-0.5309223566481265,21.19283534409076,20.5,21.5
3319.0,21.176558713169708,21.471629855199552,5.485537092264499,21.0,0,-0.47162985519955214,20.87870484071381,20.5,21.5
3320.0,21.173420508845528,21.50442840888772,5.483843791199336,21.0,0,-0.5044284088877191,21.83241394576939,20.5,21.5
3321.0,21.170282593501998,21.56753981038128,5.482150121666077,21.0,0,-0.5675398103812803,22.198653825316892,20.5,21.5
3322.0,21.16714496700763,21.630472179691477,5.480456084954528,21.0,0,-0.630472179691477,22.259795872793443,20.5,21.5
3323.0,21.164007629231218,21.60414255519158,5.478761682354769,21.0,0,-0.6041425551915793,21.340846310192603,20.5,21.5
3324.0,21.16087058004184,21.66907750440091,5.477066915157162,21.0,0,-0.6690775044009101,22.318426996494217,20.5,21.5
3325.0,21.157733819308863,21.605283206621415,5.475371784652347,21.0,0,-0.6052832066214151,20.967340228826465,20.5,21.5
3326.0,21.15459734690193,21.57965986980821,5.473676292131238,21.0,0,-0.5796598698082107,21.323426501676167,20.5,21.5
3327.0,21.151461162690975,21.49685391955688,5.471980438885026,21.0,0,-0.4968539195568802,20.668794417043575,20.5,21.5
3328.0,21.148325266546212,21.550926340302546,5.47028422620518,21.0,0,-0.5509263403025457,22.0916505477592,20.5,21.5
3329.0,21.145189658338143,21.53962489221596,5.468587655383438,21.0,0,-0.5396248922159614,21.42661041135012,20.5,21.5
3330.0,21.14205433793755,21.495082940447006,5.466890727711811,21.0,0,-0.4950829404470056,21.049663422757448,20.5,21.5
3331.0,21.138919305215506,21.493813026866217,5.465193444482585,21.0,0,-0.4938130268662171,21.48111389105833,20.5,21.5
3332.0,21.13578456004336,21.43709661307619,5.463495806988314,21.0,0,-0.4370966130761893,20.86993247517591,20.5,21.5
3333.0,21.132650102292747,21.471682624377298,5.461797816521824,21.0,0,-0.4716826243772978,21.817542737388383,20.5,21.5
3334.0,21.12951593183559,21.347953979966704,5.460099474376209,21.0,1,-0.34795397996670374,20.110667535860763,20.5,21.5
3335.0,21.1463820485441,21.37427734544234,5.458400781844829,21.0,0,-0.3742773454423407,21.63751100019871,20.5,21.5
3336.0,21.143244452290762,21.38630805036478,5.456701740221312,21.0,0,-0.38630805036477867,21.50661509958916,20.5,21.5
3337.0,21.14010714374835,21.415859816096965,5.455002350799552,21.0,0,-0.4158598160969653,21.711377473418832,20.5,21.5
3338.0,21.13697012278976,21.315205419778756,5.45330261487371,21.0,1,-0.3152054197787564,20.308661456596667,20.5,21.5
3339.0,21.153833389288174,21.41245873296169,5.451602533738207,21.0,0,-0.41245873296168867,22.38499186479101,20.5,21.5
3340.0,21.150692943117065,21.438779143558715,5.449902108687731,21.0,0,-0.4387791435587154,21.701983249528983,20.5,21.5
3341.0,21.14755278495018,21.373192175563656,5.448201341017226,21.0,0,-0.3731921755636556,20.717322495613057,20.5,21.5
3342.0,21.14441291466139,21.393873734944272,5.4465002320219025,21.0,0,-0.3938737349442718,21.600689328750434,20.5,21.5
3343.0,21.141273332124864,21.431781792312915,5.44479878299723,21.0,0,-0.4317817923129148,21.810862365999345,20.5,21.5
3344.0,21.13813403721504,21.46448541830178,5.4430969952389345,21.0,0,-0.4644854183017806,21.79152167819044,20.5,21.5
3345.0,21.134995029806642,21.381259234230374,5.441394870043003,21.0,0,-0.3812592342303738,20.548997393516306,20.5,21.5
3346.0,21.13185630977469,21.42953809353884,5.4396924087056755,21.0,0,-0.42953809353884154,21.91232668662352,20.5,21.5
3347.0,21.128717876994475,21.410880192007454,5.4379896125234515,21.0,0,-0.41088019200745407,21.22430117669358,20.5,21.5
3348.0,21.12557973134158,21.42714372717061,5.4362864827930855,21.0,0,-0.4271437271706091,21.58977907880216,20.5,21.5
3349.0,21.122441872691873,21.346848970479286,5.434583020811583,21.0,0,-0.34684897047928587,20.543901403566053,20.5,21.5
3350.0,21.119304300921495,21.423376093952704,5.432879227876206,21.0,0,-0.4233760939527045,22.18864732868689,20.5,21.5
3351.0,21.116167015906885,21.40175285893671,5.431175105284466,21.0,0,-0.4017528589367103,21.18552050877677,20.5,21.5
3352.0,21.11303001752476,21.394626240580358,5.429470654334127,21.0,0,-0.394626240580358,21.323360057016835,20.5,21.5
3353.0,21.109893305652122,21.345557220350138,5.4277658763232015,21.0,0,-0.3455572203501376,20.854867018047933,20.5,21.5
3354.0,21.106756880166255,21.337607562903628,5.4260607725499534,21.0,0,-0.3376075629036279,21.25811098843853,20.5,21.5
3355.0,21.10362074094473,21.333846839568942,5.424355344312892,21.0,0,-0.3338468395689418,21.29623960622208,20.5,21.5
3356.0,21.100484887865406,21.292645128844264,5.422649592910778,21.0,0,-0.2926451288442635,20.88062802159748,20.5,21.5
3357.0,21.097349320806416,21.211121157201553,5.420943519642612,21.0,1,-0.21112115720155344,20.395881440774453,20.5,21.5
3358.0,21.114214039646182,21.22931642762406,5.419237125807644,21.0,1,-0.22931642762405957,21.41126913184912,20.5,21.5
3359.0,21.131075044263415,21.267070623877064,5.417530412705367,21.0,0,-0.26707062387706415,21.64461258640711,20.5,21.5
3360.0,21.127932335337103,21.23322979735492,5.415823381635518,21.0,0,-0.23322979735491955,20.894821532133474,20.5,21.5
3361.0,21.124789913546362,21.295869167507185,5.414116033898076,21.0,0,-0.2958691675071847,21.922262869029836,20.5,21.5
3362.0,21.12164777877043,21.443230533976234,5.412408370793259,21.0,0,-0.4432305339762337,22.916844198666723,20.5,21.5
3363.0,21.118505930888837,21.436593441341802,5.410700393621528,21.0,0,-0.43659344134180245,21.37022251499749,20.5,21.5
3364.0,21.115364369781382,21.359673749921328,5.408992103683581,21.0,0,-0.3596737499213276,20.59047683571658,20.5,21.5
3365.0,21.11222309532816,21.448917323622993,5.407283502280355,21.0,0,-0.4489173236229931,22.341353060639648,20.5,21.5
3366.0,21.109082107409552,21.44186642918471,5.405574590713025,21.0,0,-0.4418664291847101,21.37135748480188,20.5,21.5
3367.0,21.10594140590621,21.397957507408897,5.403865370283002,21.0,0,-0.397957507408897,20.958868289650766,20.5,21.5
3368.0,21.102800990699087,21.44540081652675,5.40215584229193,21.0,0,-0.44540081652674957,21.919833907705275,20.5,21.5
3369.0,21.099660861669406,21.424737049279244,5.40044600804169,21.0,0,-0.42473704927924416,21.21809937680419,20.5,21.5
3370.0,21.09652101869868,21.361359656028647,5.398735868834395,21.0,0,-0.3613596560286467,20.727585723522672,20.5,21.5
3371.0,21.09338146166871,21.323402114875876,5.39702542597239,21.0,0,-0.32340211487587567,20.943826703348165,20.5,21.5
3372.0,21.09024219046157,21.330423267313897,5.3953146807582515,21.0,0,-0.33042326731389693,21.40063479169411,20.5,21.5
3373.0,21.08710320495963,21.364239687261637,5.393603634494789,21.0,0,-0.36423968726163736,21.70240388673904,20.5,21.5
3374.0,21.083964505045536,21.4190948553326,5.391892288485036,21.0,0,-0.4190948553325988,21.967646536042214,20.5,21.5
3375.0,21.080826090602223,21.46936985511249,5.390180644032256,21.0,0,-0.46936985511248963,21.972119852911398,20.5,21.5
3376.0,21.077687961512908,21.50647500656269,5.388468702439944,21.0,0,-0.5064750065626917,21.877526521064713,20.5,21.5
3377.0,21.074550117661094,21.47159048943372,5.386756465011816,21.0,0,-0.4715904894337193,21.122745318143995,20.5,21.5
3378.0,21.071412558930565,21.43229747415125,5.385043933051816,21.0,0,-0.43229747415125175,21.039367321326576,20.5,21.5
3379.0,21.068275285205388,21.43623936863832,5.38333110786411,21.0,0,-0.4362393686383186,21.475658313508987,20.5,21.5
3380.0,21.06513829636992,21.4797411791287,5.38161799075309,21.0,0,-0.4797411791286983,21.914759284032495,20.5,21.5
3381.0,21.062001592308796,21.474197144636904,5.37990458302337,21.0,0,-0.47419714463690354,21.418756799718956,20.5,21.5
3382.0,21.058865172906938,21.477560284579535,5.378190885979782,21.0,0,-0.4775602845795355,21.511191684005855,20.5,21.5
3383.0,21.055729038049552,21.436202887399048,5.3764769009273845,21.0,0,-0.4362028873990482,21.022628915594176,20.5,21.5
3384.0,21.05259318762213,21.419679583752746,5.37476262917145,21.0,0,-0.41967958375274605,21.254446547289724,20.5,21.5
3385.0,21.049457621510438,21.292127236401704,5.373048072017469,21.0,1,-0.29212723640170424,20.016603762891286,20.5,21.5
3386.0,21.06632233960054,21.256689456758792,5.371333230771154,21.0,1,-0.2566894567587923,20.902311660329673,20.5,21.5
3387.0,21.083183341778774,21.269412767323722,5.369618106738431,21.0,1,-0.2694127673237219,21.396645872973018,20.5,21.5
3388.0,21.100040628731765,21.35273309134084,5.367902701225439,21.0,0,-0.3527330913408413,22.185936331512035,20.5,21.5
3389.0,21.096894201146263,21.490601461022145,5.366187015538539,21.0,0,-0.49060146102214475,22.86928515783518,20.5,21.5
3390.0,21.093748059709142,21.47207395204833,5.364471050984296,21.0,0,-0.4720739520483299,21.28679886231018,20.5,21.5
3391.0,21.090602204307398,21.47773671267433,5.362754808869492,21.0,0,-0.4777367126743286,21.534364318934315,20.5,21.5
3392.0,21.08745663482831,21.536867996756794,5.36103829050112,21.0,0,-0.5368679967567935,22.128180837581443,20.5,21.5
3393.0,21.084311351159446,21.490432103113285,5.359321497186385,21.0,0,-0.4904321031132852,21.026073166678202,20.5,21.5
3394.0,21.081166353188653,21.4106657832777,5.3576044302326995,21.0,0,-0.4106657832777003,20.61300258492185,20.5,21.5
3395.0,21.07802164080406,21.413911372411352,5.355887090947684,21.0,0,-0.4139113724113521,21.44636726374787,20.5,21.5
3396.0,21.074877213894087,21.42228682646236,5.354169480639166,21.0,0,-0.4222868264623614,21.506041366972454,20.5,21.5
3397.0,21.071733072347435,21.444615478065618,5.352451600615184,21.0,0,-0.44461547806561796,21.667901994098184,20.5,21.5
3398.0,21.068589216053088,21.412667674571328,5.350733452183974,21.0,0,-0.4126676745713276,21.093189639628424,20.5,21.5
3399.0,21.065445644900315,21.35941711278045,5.3490150366539835,21.0,0,-0.35941711278044863,20.82691149487166,20.5,21.5
3400.0,21.062302358778666,21.398708236163053,5.347296355333861,21.0,0,-0.39870823616305273,21.791619469989094,20.5,21.5
3401.0,21.05915935757798,21.415772973800586,5.3455774095324555,21.0,0,-0.41577297380058553,21.586420350175914,20.5,21.5
3402.0,21.05601664118837,21.35175150049712,5.343858200558819,21.0,0,-0.35175150049711945,20.71153676746246,20.5,21.5
3403.0,21.052874209500246,21.363189015380264,5.342138729722206,21.0,0,-0.3631890153802644,21.477564164211714,20.5,21.5
3404.0,21.04973206240429,21.405361862738378,5.340418998332066,21.0,0,-0.4053618627383777,21.82709033631951,20.5,21.5
3405.0,21.046590199791474,21.389211265433378,5.3386990076980485,21.0,0,-0.3892112654333779,21.22770529238338,20.5,21.5
3406.0,21.043448621553054,21.36460779470995,5.336978759130005,21.0,0,-0.36460779470995064,21.118573087475678,20.5,21.5
3407.0,21.04030732758057,21.329536786443274,5.335258253937978,21.0,0,-0.3295367864432741,20.97882670377651,20.5,21.5
3408.0,21.03716631776584,21.305083961000832,5.333537493432204,21.0,0,-0.30508396100083246,21.060555706576416,20.5,21.5
3409.0,21.034025592000976,21.3257972253625,5.3318164789231215,21.0,0,-0.3257972253624999,21.532929868979174,20.5,21.5
3410.0,21.03088515017836,21.21416592172657,5.330095211721355,21.0,1,-0.21416592172656834,20.097852885367253,20.5,21.5
3411.0,21.04774499219067,21.159591236466117,5.328373693137727,21.0,1,-0.15959123646611673,20.6138443838616,20.5,21.5
3412.0,21.06460111793086,21.194593278068155,5.326651924483245,21.0,0,-0.19459327806815452,21.544613694088532,20.5,21.5
3413.0,21.06145352809217,21.30096507710869,5.324929907069113,21.0,0,-0.3009650771086889,22.364683067514033,20.5,21.5
3414.0,21.058306223367964,21.255458182617843,5.3232076422067225,21.0,0,-0.2554581826178435,20.80038923770939,20.5,21.5
3415.0,21.055159203651733,21.345609435390788,5.321485131207652,21.0,0,-0.3456094353907879,22.247121963120232,20.5,21.5
3416.0,21.052012468837244,21.447544953539428,5.31976237538367,21.0,0,-0.4475449535394276,22.466900135025824,20.5,21.5
3417.0,21.048866018818554,21.44163627223555,5.3180393760467295,21.0,0,-0.4416362722355487,21.38254945919676,20.5,21.5
3418.0,21.04571985349,21.42271656517858,5.316316134508967,21.0,0,-0.4227165651785789,21.23351949460888,20.5,21.5
3419.0,21.0425739727462,21.42926854896589,5.314592652082709,21.0,0,-0.42926854896589006,21.494788386839,20.5,21.5
3420.0,21.039428376482068,21.436532223884285,5.312868930080462,21.0,0,-0.43653222388428503,21.509168973068235,20.5,21.5
3421.0,21.036283064592787,21.411254491207615,5.311144969814913,21.0,0,-0.4112544912076146,21.15847716444091,20.5,21.5
3422.0,21.03313803697383,21.386785488546124,5.309420772598937,21.0,0,-0.38678548854612416,21.14209546193122,20.5,21.5
3423.0,21.029993293520956,21.35457450372727,5.307696339745581,21.0,0,-0.35457450372727095,21.03246465553874,20.5,21.5
3424.0,21.026848834130202,21.356435545557805,5.305971672568077,21.0,0,-0.35643554555780455,21.37504596386314,20.5,21.5
3425.0,21.02370465869789,21.357632491683486,5.304246772379833,21.0,0,-0.35763249168348565,21.369601952940297,20.5,21.5
3426.0,21.020560767120628,21.361988024394815,5.302521640494438,21.0,0,-0.36198802439481526,21.40554335150811,20.5,21.5
3427.0,21.017417159295302,21.385540277722914,5.300796278225654,21.0,0,-0.38554027772291377,21.6210628110039,20.5,21.5
3428.0,21.014273835119088,21.37301688669487,5.299070686887419,21.0,0,-0.3730168866948702,21.247782976414435,20.5,21.5
3429.0,21.011130794489443,21.397672879734195,5.297344867793846,21.0,0,-0.39767287973419485,21.64423281012744,20.5,21.5
3430.0,21.007988037304102,21.413803399877384,5.295618822259222,21.0,0,-0.41380339987738424,21.575108601309278,20.5,21.5
3431.0,21.004845563461092,21.314369364319077,5.293892551598003,21.0,1,-0.31436936431907725,20.320029008736007,20.5,21.5
3432.0,21.02170337285872,21.312139273270738,5.292166057124823,21.0,1,-0.31213927327073776,21.289838362787343,20.5,21.5
3433.0,21.038557465395574,21.262562944684202,5.290439340154482,21.0,1,-0.26256294468420194,20.766799658818844,20.5,21.5
3434.0,21.055407841770524,21.26194922959173,5.288712402001948,21.0,1,-0.2619492295917283,21.25581207866699,20.5,21.5
3435.0,21.072254502682572,21.317549910863228,5.286985243982358,21.0,0,-0.31754991086322804,21.873556723578226,20.5,21.5
3436.0,21.06909744883083,21.44587900206421,5.2852578674110235,21.0,0,-0.44587900206420983,22.729169914074028,20.5,21.5
3437.0,21.065940680914547,21.429889399510273,5.2835302736034135,21.0,0,-0.42988939951027305,21.269993373970905,20.5,21.5
3438.0,21.062784198833086,21.447032010510018,5.281802463875165,21.0,0,-0.44703201051001784,21.618458120507466,20.5,21.5
3439.0,21.059628002486093,21.429366594770904,5.2800744395420836,21.0,0,-0.42936659477090444,21.25271243737977,20.5,21.5
3440.0,21.056472091773504,21.364012255563942,5.278346201920131,21.0,0,-0.36401225556394223,20.71046886349432,20.5,21.5
3441.0,21.053316466595533,21.319026611597756,5.276617752325437,21.0,0,-0.31902661159775647,20.8691701719359,20.5,21.5
3442.0,21.05016112685268,21.361089308183843,5.274889092074293,21.0,0,-0.36108930818384266,21.781716274044705,20.5,21.5
3443.0,21.047006072445722,21.37297954549664,5.273160222483147,21.0,0,-0.3729795454966407,21.49188191862462,20.5,21.5
3444.0,21.04385130327573,21.407546546975738,5.27143114486861,21.0,0,-0.40754654697573756,21.753216561766706,20.5,21.5
3445.0,21.040696819244047,21.417122140565386,5.269701860547446,21.0,0,-0.417122140565386,21.51287807646187,20.5,21.5
3446.0,21.037542620252307,21.391016729413884,5.267972370836585,21.0,0,-0.39101672941388443,21.12996261789887,20.5,21.5
3447.0,21.034388706202424,21.40061918331049,5.266242677053105,21.0,0,-0.4006191833104893,21.496643722276538,20.5,21.5
3448.0,21.031235076996595,21.362180017676927,5.264512780514244,21.0,0,-0.362180017676927,20.977788361341304,20.5,21.5
3449.0,21.0280817325373,21.29400994609773,5.262782682537396,21.0,0,-0.2940099460977308,20.61230923030577,20.5,21.5
3450.0,21.0249286727273,21.245338124520078,5.261052384440104,21.0,0,-0.24533812452007808,20.75861990874355,20.5,21.5
3451.0,21.02177589746964,21.220863153204654,5.259321887540064,21.0,0,-0.22086315320465388,20.976113440050412,20.5,21.5
3452.0,21.018623406667654,21.210096682000035,5.257591193155125,21.0,0,-0.21009668200003517,21.102431969953848,20.5,21.5
3453.0,21.01547120022495,21.198458267128835,5.255860302603288,21.0,0,-0.19845826712883508,21.082074118416834,20.5,21.5
3454.0,21.012319278045428,21.23275257350864,5.2541292172027,21.0,0,-0.2327525735086411,21.5756956373067,20.5,21.5
3455.0,21.009167640033258,21.27418105358848,5.25239793827166,21.0,0,-0.27418105358848166,21.688465854386887,20.5,21.5
3456.0,21.006016286092905,21.331117020385044,5.250666467128609,21.0,0,-0.33111702038504376,21.900476688350665,20.5,21.5
3457.0,21.002865216129113,21.31826071111801,5.248934805092139,21.0,0,-0.31826071111801113,21.189697618447685,20.5,21.5
3458.0,20.999714430046904,21.40044943385593,5.247202953480985,21.0,0,-0.400449433855929,22.222336661235108,20.5,21.5
3459.0,20.99656392775159,21.334034688744442,5.24547091361403,21.0,0,-0.33403468874444187,20.66988723762957,20.5,21.5
3460.0,20.993413709148765,21.325259399971902,5.243738686810295,21.0,0,-0.3252593999719018,21.2375065122465,20.5,21.5
3461.0,20.990263774144296,21.2835422536582,5.242006274388948,21.0,0,-0.28354225365820085,20.86637079052119,20.5,21.5
3462.0,20.987114122644346,21.23619841660914,5.240273677669294,21.0,0,-0.23619841660914176,20.76276004611855,20.5,21.5
3463.0,20.983964754555352,21.151344387281785,5.2385408979707835,21.0,1,-0.15134438728178523,20.30280409400822,20.5,21.5
3464.0,21.000815669784036,21.24228021359952,5.236807936613001,21.0,0,-0.24228021359952123,22.15163847677688,20.5,21.5
3465.0,20.997662868237402,21.264432342656296,5.2350747949156755,21.0,0,-0.26443234265629556,21.48595363322404,20.5,21.5
3466.0,20.994510350622736,21.28966589388262,5.233341474198667,21.0,0,-0.28966589388262065,21.54200140614587,20.5,21.5
3467.0,20.99135811684745,21.306716073591833,5.231607975781975,21.0,0,-0.30671607359183284,21.477217870683955,20.5,21.5
3468.0,20.98820616681924,21.32922246306783,5.229874300985733,21.0,0,-0.3292224630678291,21.55428635782779,20.5,21.5
3469.0,20.985054500446072,21.311422868499726,5.228140451130212,21.0,0,-0.3114228684997258,21.133426922818693,20.5,21.5
3470.0,20.981903117636207,21.264236194482933,5.226406427535814,21.0,0,-0.26423619448293323,20.792369454315008,20.5,21.5
3471.0,20.978752018298188,21.241916111446436,5.224672231523071,21.0,0,-0.24191611144643588,21.018715281081462,20.5,21.5
3472.0,20.975601202340833,21.244306460023115,5.222937864412652,21.0,0,-0.24430646002311462,21.268209945789902,20.5,21.5
3473.0,20.972450669673247,21.20420359100482,5.22120332752535,21.0,0,-0.20420359100481988,20.803174900821872,20.5,21.5
3474.0,20.969300420204817,21.184261089376662,5.219468622182091,21.0,0,-0.18426108937666186,20.98483607309508,20.5,21.5
3475.0,20.966150453845213,21.17895268007131,5.217733749703929,21.0,0,-0.17895268007130838,21.125868587017774,20.5,21.5
3476.0,20.963000770504383,21.12765210472429,5.215998711412046,21.0,0,-0.1276521047242909,20.614646351254116,20.5,21.5
3477.0,20.959851370092565,21.214123260985794,5.214263508627749,21.0,0,-0.2141232609857937,22.078834823600822,20.5,21.5
3478.0,20.956702252520273,21.285308206089006,5.212528142672467,21.0,0,-0.285308206089006,21.99715765712113,20.5,21.5
3479.0,20.953553417698302,21.339154195732142,5.21079261486776,21.0,0,-0.3391541957321422,21.877614092163505,20.5,21.5
3480.0,20.950404865537735,21.471186184050065,5.2090569265353075,21.0,0,-0.4711861840500653,22.791506067229296,20.5,21.5
3481.0,20.947256595949934,21.532280685972907,5.207321078996911,21.0,0,-0.532280685972907,22.143225705201324,20.5,21.5
3482.0,20.944108608846545,21.456171299470252,5.205585073574493,21.0,0,-0.4561712994702525,20.695077434443707,20.5,21.5
3483.0,20.94096090413949,21.435029378530455,5.203848911590101,21.0,0,-0.4350293785304551,21.22361016913248,20.5,21.5
3484.0,20.93781348174098,21.382979569643204,5.202112594365893,21.0,0,-0.38297956964320434,20.862481480770697,20.5,21.5
3485.0,20.934666341563506,21.262611483127106,5.200376123224153,21.0,1,-0.262611483127106,20.058930617966123,20.5,21.5
3486.0,20.95151948351984,21.246277056655536,5.198639499487278,21.0,1,-0.24627705665553634,21.08293279193984,20.5,21.5
3487.0,20.968368907523033,21.230172291155476,5.196902724477783,21.0,1,-0.23017229115547622,21.069124636154875,20.5,21.5
3488.0,20.985214614286424,21.21071798954662,5.1951657995183,21.0,1,-0.21071798954661958,21.016174973458053,20.5,21.5
3489.0,21.00205660452347,21.185466164409412,5.193428725931569,21.0,1,-0.18546616440941222,20.93294791303734,20.5,21.5
3490.0,21.01889487894775,21.202183100498484,5.191691505040449,21.0,1,-0.20218310049848398,21.3693524613892,20.5,21.5
3491.0,21.03572943827297,21.244664517136737,5.189954138167908,21.0,0,-0.2446645171367372,21.66947868351927,20.5,21.5
3492.0,21.03256028321295,21.266723161838534,5.188216626637029,21.0,0,-0.2667231618385344,21.487309608856506,20.5,21.5
3493.0,21.029391414481633,21.27766128969904,5.186478971771001,21.0,0,-0.27766128969904,21.387042568304096,20.5,21.5
3494.0,21.026222831993092,21.298089822163416,5.184741174893124,21.0,0,-0.2980898221634156,21.50237514680717,20.5,21.5
3495.0,21.02305453566167,21.326629923725676,5.183003237326806,21.0,0,-0.326629923725676,21.61203093934828,20.5,21.5
3496.0,21.019886525402004,21.323804989078965,5.181265160395561,21.0,0,-0.3238049890789654,21.29555564261186,20.5,21.5
3497.0,21.016718801129002,21.35368120931089,5.179526945423011,21.0,0,-0.35368120931088853,21.65244341163012,20.5,21.5
3498.0,21.013551362757863,21.43507250849435,5.177788593732883,21.0,0,-0.43507250849435053,22.24898550032897,20.5,21.5
3499.0,21.01038421020406,21.401275257480503,5.176050106649008,21.0,0,-0.40127525748050275,21.063302747342025,20.5,21.5
3500.0,21.00721734338335,21.449387116800942,5.174311485495317,21.0,0,-0.449387116800942,21.930505710005335,20.5,21.5
3501.0,21.004050762211772,21.501698674413202,5.172572731595847,21.0,0,-0.5016986744132019,22.0248142505358,20.5,21.5
3502.0,21.000884466605648,21.4919583318756,5.170833846274736,21.0,0,-0.4919583318756011,21.394554906499593,20.5,21.5
3503.0,20.997718456481582,21.435865172571404,5.169094830856218,21.0,0,-0.435865172571404,20.874933579529433,20.5,21.5
3504.0,20.994552731756457,21.497915095668358,5.167355686664631,21.0,0,-0.49791509566835757,22.118414326637893,20.5,21.5
3505.0,20.99138729234744,21.480403292015588,5.1656164150244095,21.0,0,-0.4804032920155876,21.305285255487888,20.5,21.5
3506.0,20.988222138171974,21.43011020231359,5.1638770172600825,21.0,0,-0.430110202313589,20.927179305293603,20.5,21.5
3507.0,20.98505726914779,21.358817989174593,5.162137494696277,21.0,0,-0.35881798917459307,20.645895857784634,20.5,21.5
3508.0,20.9818926851929,21.418587844561465,5.160397848657718,21.0,0,-0.4185878445614648,22.016286398430182,20.5,21.5
3509.0,20.978728386225594,21.391914830966044,5.158658080469219,21.0,0,-0.3919148309660443,21.12518469501184,20.5,21.5
3510.0,20.975564372164442,21.402608126169035,5.156918191455691,21.0,0,-0.4026081261690351,21.509541078198943,20.5,21.5
3511.0,20.9724006429283,21.37943568886284,5.155178182942132,21.0,0,-0.3794356888628414,21.147711315800905,20.5,21.5
3512.0,20.969237198436304,21.37243401904298,5.153438056253638,21.0,0,-0.3724340190429807,21.302417320844373,20.5,21.5
3513.0,20.966074038607868,21.270646690618424,5.151697812715389,21.0,1,-0.27064669061842395,20.252773406372857,20.5,21.5
3514.0,20.98291116336269,21.337723435612865,5.149957453652656,21.0,0,-0.33772343561286533,22.00849088555728,20.5,21.5
3515.0,20.97974457262075,21.324940067639346,5.1482169803907984,21.0,0,-0.32494006763934635,21.197106387904157,20.5,21.5
3516.0,20.976578267102305,21.312565664257583,5.146476394255265,21.0,0,-0.31256566425758336,21.188821630439953,20.5,21.5
3517.0,20.973412246727737,21.29638680296368,5.1447356965715825,21.0,0,-0.29638680296368136,21.13459819002466,20.5,21.5
3518.0,20.970246511417706,21.251902290471737,5.142994888665372,21.0,0,-0.25190229047173673,20.80705716555229,20.5,21.5
3519.0,20.967081061093154,21.202036429944105,5.141253971862334,21.0,0,-0.20203642994410487,20.703377824667786,20.5,21.5
3520.0,20.963915895675306,21.138406277084684,5.13951294748825,21.0,0,-0.1384062770846839,20.502104748490474,20.5,21.5
3521.0,20.96075101508567,21.18928200097508,5.13777181686899,21.0,0,-0.18928200097507997,21.69803923987904,20.5,21.5
3522.0,20.957586419246027,21.242220549080674,5.136030581330497,21.0,0,-0.24222054908067392,21.771606030136613,20.5,21.5
3523.0,20.954422108078443,21.25479765291989,5.134289242198799,21.0,0,-0.25479765291989054,21.380568691312057,20.5,21.5
3524.0,20.951258081505266,21.26220067357226,5.1325478008,21.0,0,-0.2622006735722593,21.336230880095947,20.5,21.5
3525.0,20.948094339449124,21.27984576379342,5.130806258460286,21.0,0,-0.2798457637934213,21.45629666600504,20.5,21.5
3526.0,20.944930881832928,21.23747053652968,5.129064616505916,21.0,0,-0.2374705365296812,20.81371826389228,20.5,21.5
3527.0,20.941767708579864,21.306322468685984,5.127322876263226,21.0,0,-0.306322468685984,21.994841790249012,20.5,21.5
3528.0,20.9386048196134,21.382804896298097,5.125581039058627,21.0,0,-0.3828048962980972,22.14762917241923,20.5,21.5
3529.0,20.93544221485729,21.299529131971862,5.123839106218604,21.0,1,-0.2995291319718625,20.466771488709515,20.5,21.5
3530.0,20.952279894235563,21.276937542600095,5.122097079069714,21.0,1,-0.27693754260009484,21.05102164888242,20.5,21.5
3531.0,20.96911385767253,21.262518894092718,5.120354958938587,21.0,1,-0.2625188940927181,21.11833240901895,20.5,21.5
3532.0,20.98594410589278,21.22371353432124,5.118612747151924,21.0,1,-0.22371353432124153,20.835659936606476,20.5,21.5
3533.0,21.002770639621033,21.247683234006146,5.116870445036493,21.0,1,-0.24768323400614634,21.487380230855194,20.5,21.5
3534.0,21.019593459582115,21.340108046164442,5.115128053919134,21.0,0,-0.3401080461644419,22.264356167747398,20.5,21.5
3535.0,21.016412566500982,21.448989077025452,5.113385575126755,21.0,0,-0.4489890770254519,22.53779938563555,20.5,21.5
3536.0,21.013231961102708,21.50423274570006,5.111643009986328,21.0,0,-0.5042327457000617,22.05666943244616,20.5,21.5
3537.0,21.010051643312483,21.511109234853475,5.109900359824891,21.0,0,-0.5111092348534747,21.579874126387605,20.5,21.5
3538.0,21.006871613055786,21.525962233284723,5.108157625969551,21.0,0,-0.5259622332847229,21.674492217597205,20.5,21.5
3539.0,21.00369187025837,21.496809844408528,5.1064148097474735,21.0,0,-0.4968098444085278,21.205285955646577,20.5,21.5
3540.0,21.000512414846266,21.446184106965056,5.1046719124858875,21.0,0,-0.44618410696505606,20.93992673253034,20.5,21.5
3541.0,20.997333246745793,21.381910642183456,5.102928935512089,21.0,0,-0.38191064218345616,20.739175994367457,20.5,21.5
3542.0,20.994154365883546,21.357849908573364,5.101185880153427,21.0,0,-0.35784990857336396,21.117242572472442,20.5,21.5
3543.0,20.9909757721864,21.312336385581993,5.099442747737316,21.0,0,-0.31233638558199317,20.857201155668285,20.5,21.5
3544.0,20.987797465581508,21.382087021996057,5.097699539591227,21.0,0,-0.3820870219960568,22.079593386136693,20.5,21.5
3545.0,20.98461944599631,21.326840699586207,5.095956257042689,21.0,0,-0.32684069958620654,20.774377475487704,20.5,21.5
3546.0,20.981441713358517,21.411502181165353,5.094212901419285,21.0,0,-0.4115021811653534,22.258116996956822,20.5,21.5
3547.0,20.97826426759613,21.344822042500446,5.092469474048659,21.0,0,-0.34482204250044646,20.678020655851377,20.5,21.5
3548.0,20.97508710863742,21.297703690394428,5.090725976258508,21.0,0,-0.2977036903944281,20.826520169334245,20.5,21.5
3549.0,20.971910236410945,21.27582892661535,5.0889824093765785,21.0,0,-0.2758289266153504,21.057081288824573,20.5,21.5
3550.0,20.96873365084554,21.195566375154677,5.087238774730672,21.0,1,-0.19556637515467656,20.392940860547938,20.5,21.5
3551.0,20.985557351870316,21.116663327141328,5.085495073648644,21.0,1,-0.11666332714132821,20.327632847007845,20.5,21.5
3552.0,21.00237733941467,21.148675135718165,5.0837513074583995,21.0,1,-0.1486751357181646,21.46879322148653,20.5,21.5
3553.0,21.01919361420828,21.196322585118775,5.08200747748789,21.0,0,-0.1963225851187751,21.67279707912488,20.5,21.5
3554.0,21.016006176980937,21.174749896331107,5.08026358506512,21.0,0,-0.17474989633110738,20.95902300845443,20.5,21.5
3555.0,21.012819028462555,21.240055828863646,5.078519631518138,21.0,0,-0.24005582886364607,21.893115154189033,20.5,21.5
3556.0,21.009632168583167,21.219350832479705,5.07677561817504,21.0,0,-0.2193508324797051,21.012300868640295,20.5,21.5
3557.0,21.006445597273085,21.21023170354261,5.075031546363969,21.0,0,-0.21023170354261111,21.11904041417167,20.5,21.5
3558.0,21.003259314462905,21.1979263854972,5.073287417413113,21.0,0,-0.1979263854972011,21.0748732050431,20.5,21.5
3559.0,21.000073320083494,21.17637313743892,5.071543232650699,21.0,0,-0.1763731374389188,20.960840656856096,20.5,21.5
3560.0,20.996887614066008,21.161832501501024,5.069798993405002,21.0,0,-0.16183250150102424,21.01642614212208,20.5,21.5
3561.0,20.993702196341875,21.20369900459894,5.0680547010043355,21.0,0,-0.20369900459893842,21.62236403557808,20.5,21.5
3562.0,20.99051706684281,21.288468362944627,5.066310356777053,21.0,0,-0.2884683629446272,22.136161946401515,20.5,21.5
3563.0,20.987332225500797,21.324893866405514,5.064565962051549,21.0,0,-0.3248938664055139,21.68914890101438,20.5,21.5
3564.0,20.984147672248106,21.299398334823707,5.062821518156256,21.0,0,-0.2993983348237066,21.044443019005634,20.5,21.5
3565.0,20.98096340701729,21.482386172059215,5.061077026419646,21.0,0,-0.48238617205921486,23.312264544414298,20.5,21.5
3566.0,20.97777942974117,21.494174028633758,5.059332488170222,21.0,0,-0.4941740286337577,21.612052594379186,20.5,21.5
3567.0,20.974595740352854,21.425248831861342,5.057587904736527,21.0,0,-0.4252488318613423,20.73599686413719,20.5,21.5
3568.0,20.97141233878573,21.4220862060626,5.0558432774471385,21.0,0,-0.4220862060625983,21.390459948075158,20.5,21.5
3569.0,20.968229224973463,21.431225131883956,5.054098607630663,21.0,0,-0.4312251318839557,21.52261439009753,20.5,21.5
3570.0,20.965046398849996,21.28274489844321,5.052353896615746,21.0,1,-0.2827448984432088,19.79794256403574,20.5,21.5
3571.0,20.98186386034955,21.28281881284358,5.05060914573106,21.0,1,-0.2828188128435798,21.28355795684729,20.5,21.5
3572.0,20.998677609406624,21.320578467506728,5.048864356305307,21.0,0,-0.3205784675067278,21.698175014138208,20.5,21.5
3573.0,20.995487646756004,21.33254253217491,5.047119529667221,21.0,0,-0.3325425321749087,21.452183178856718,20.5,21.5
3574.0,20.992297973132587,21.334560820166924,5.045374667145563,21.0,0,-0.33456082016692434,21.35474370008708,20.5,21.5
3575.0,20.98910858847139,21.359754923922303,5.043629770069122,21.0,0,-0.3597549239223028,21.611695961476087,20.5,21.5
3576.0,20.98591949270771,21.355147599288994,5.041884839766714,21.0,0,-0.3551475992889941,21.309074352955907,20.5,21.5
3577.0,20.98273068577712,21.334590303694355,5.040139877567179,21.0,0,-0.3345903036943554,21.12901734774797,20.5,21.5
3578.0,20.979542167615477,21.29407478139813,5.03839488479938,21.0,0,-0.29407478139813037,20.88891955843588,20.5,21.5
3579.0,20.976353938158915,21.309361849745766,5.036649862792205,21.0,0,-0.3093618497457662,21.462232533222124,20.5,21.5
3580.0,20.97316599734384,21.251408411596582,5.034904812874567,21.0,0,-0.2514084115965822,20.671874030104743,20.5,21.5
3581.0,20.96997834510695,21.23948540778267,5.033159736375395,21.0,0,-0.23948540778267002,21.120255369643548,20.5,21.5
3582.0,20.966790981385202,21.22468696387157,5.031414634623642,21.0,0,-0.2246869638715694,21.076702524760563,20.5,21.5
3583.0,20.96360390611585,21.233892010843174,5.029669508948277,21.0,0,-0.23389201084317435,21.325942480559224,20.5,21.5
3584.0,20.960417119236418,21.214439120464444,5.02792436067829,21.0,0,-0.21443912046444424,21.019910216677143,20.5,21.5
3585.0,20.957230620684705,21.21067115187761,5.026179191142689,21.0,0,-0.21067115187760876,21.172991466009254,20.5,21.5
3586.0,20.954044410398797,21.263143442035954,5.024434001670494,21.0,0,-0.26314344203595397,21.787866343619406,20.5,21.5
3587.0,20.950858488317053,21.250276545510697,5.022688793590746,21.0,0,-0.25027654551069745,21.121607580258132,20.5,21.5
3588.0,20.94767285437811,21.201564578699497,5.020943568232492,21.0,0,-0.20156457869949662,20.71444491058749,20.5,21.5
3589.0,20.94448750852088,21.147157449949987,5.0191983269248,21.0,0,-0.14715744994998659,20.603086162454886,20.5,21.5
3590.0,20.94130245068456,21.16566696813289,5.017453070996748,21.0,0,-0.16566696813288928,21.350762149961916,20.5,21.5
3591.0,20.938117680808624,21.150212536286546,5.015707801777423,21.0,0,-0.15021253628654563,20.99566821782311,20.5,21.5
3592.0,20.934933198832816,21.197854904210708,5.013962520595922,21.0,0,-0.19785490421070762,21.674278583452327,20.5,21.5
3593.0,20.931749004697167,21.25406520676838,5.012217228781357,21.0,0,-0.25406520676838085,21.816168232345113,20.5,21.5
3594.0,20.928565098341984,21.235561696565277,5.01047192766284,21.0,0,-0.23556169656527715,21.05052659453424,20.5,21.5
3595.0,20.92538147970785,21.259363831939503,5.008726618569494,21.0,0,-0.25936383193950263,21.497385185681757,20.5,21.5
3596.0,20.92219814873562,21.216735636140466,5.0069813028304475,21.0,0,-0.21673563614046643,20.790453678150104,20.5,21.5
3597.0,20.91901510536644,21.22066862847698,5.0052359817748355,21.0,0,-0.22066862847697877,21.259998551842102,20.5,21.5
3598.0,20.915832349541724,21.161842933775567,5.003490656731797,21.0,0,-0.16184293377556713,20.57358598676145,20.5,21.5
3599.0,20.912649881203162,21.22430845359971,5.00174532903047,21.0,0,-0.2243084535997113,21.848963651841153,20.5,21.5
