t,T_true,T_meas,T_out,setpoint,heater,error,T_pred,lower,upper
0.0,18.0,18.226442669706422,5.0,21.0,1,2.7735573302935776,18.226442669706422,20.5,21.5
1.0,18.0174,18.291318776766474,5.00174532903047,21.0,1,2.7086812232335262,18.940079847366988,20.5,21.5
2.0,18.034796869065804,18.3442850602834,5.003490656731796,21.0,1,2.6557149397165993,18.87394789545267,20.5,21.5
3.0,18.052190607823338,18.3733590581889,5.005235981774836,21.0,1,2.6266409418111003,18.66409903724389,20.5,21.5
4.0,18.06958121689813,18.35970792528439,5.0069813028304475,21.0,1,2.6402920747156102,18.22319659623929,20.5,21.5
5.0,18.086968696915317,18.33077591446541,5.008726618569493,21.0,1,2.669224085534591,18.041455806275604,20.5,21.5
6.0,18.104353048499647,18.31356396039307,5.010471927662839,21.0,1,2.6864360396069316,18.14144441966966,20.5,21.5
7.0,18.12173427227548,18.313320134338838,5.012217228781357,21.0,1,2.686679865661162,18.310881873796532,20.5,21.5
8.0,18.13911236886678,18.282627621179444,5.013962520595923,21.0,1,2.7173723788205564,17.9757024895855,20.5,21.5
9.0,18.156487338897126,18.326415175287956,5.015707801777423,21.0,1,2.6735848247120444,18.764290716373075,20.5,21.5
10.0,18.173859182989702,18.437947346425936,5.017453070996748,21.0,1,2.5620526535740638,19.553269057805743,20.5,21.5
11.0,18.191227901767302,18.527238175817036,5.0191983269248,21.0,1,2.472761824182964,19.420146469728035,20.5,21.5
12.0,18.208593495852334,18.533318059853674,5.020943568232491,21.0,1,2.4666819401463265,18.594116900220047,20.5,21.5
13.0,18.22595596586681,18.62004678068423,5.022688793590745,21.0,1,2.3799532193157695,19.4873339889898,20.5,21.5
14.0,18.243315312432355,18.624106182842084,5.024434001670494,21.0,1,2.375893817157916,18.66470020442062,20.5,21.5
15.0,18.260671536170204,18.55914250799622,5.026179191142689,21.0,1,2.4408574920037793,17.909505759537588,20.5,21.5
16.0,18.278024637701197,18.44454782798499,5.02792436067829,21.0,1,2.555452172015009,17.298601027872692,20.5,21.5
17.0,18.29537461764579,18.47431837085528,5.029669508948277,21.0,1,2.525681629144721,18.772023799558163,20.5,21.5
18.0,18.312721476624052,18.51917669758832,5.0314146346236415,21.0,1,2.480823302411679,18.96775996491874,20.5,21.5
19.0,18.33006521525565,18.524661248595883,5.033159736375395,21.0,1,2.4753387514041165,18.579506758671506,20.5,21.5
20.0,18.347405834159876,18.540753383336646,5.034904812874567,21.0,1,2.4592466166633535,18.701674730744276,20.5,21.5
21.0,18.36474333395562,18.638719865061763,5.036649862792205,21.0,1,2.3612801349382373,19.618384682312925,20.5,21.5
22.0,18.382077715261385,18.623922877780608,5.038394884799379,21.0,1,2.3760771222193924,18.475953004969057,20.5,21.5
23.0,18.39940897869529,18.54176527203031,5.040139877567178,21.0,1,2.458234727969689,17.720189214527345,20.5,21.5
24.0,18.416737124875066,18.662356908890718,5.0418848397667135,21.0,1,2.337643091109282,19.86827327749479,20.5,21.5
25.0,18.434062154418044,18.73145649534542,5.043629770069122,21.0,1,2.2685435046545805,19.422452359892432,20.5,21.5
26.0,18.451384067941174,18.756174540045297,5.045374667145563,21.0,1,2.243825459954703,19.003354987044073,20.5,21.5
27.0,18.468702866061015,18.77979945989491,5.047119529667221,21.0,1,2.2202005401050897,19.016048658391043,20.5,21.5
28.0,18.486018549393737,18.791663610655817,5.048864356305306,21.0,1,2.2083363893441827,18.910305118264887,20.5,21.5
29.0,18.50333111855512,18.726038284823613,5.050609145731059,21.0,1,2.2739617151763873,18.069785026501567,20.5,21.5
30.0,18.520640574160556,18.720326293405332,5.052353896615746,21.0,1,2.279673706594668,18.663206379222526,20.5,21.5
31.0,18.537946916825046,18.72384866509961,5.054098607630664,21.0,1,2.2761513349003906,18.759072382042383,20.5,21.5
32.0,18.555250147163207,18.702969845686646,5.055843277447138,21.0,1,2.2970301543133544,18.494181651557007,20.5,21.5
33.0,18.572550265789264,18.7723226045509,5.057587904736527,21.0,1,2.227677395449099,19.465850193193454,20.5,21.5
34.0,18.589847273317055,18.792860432640516,5.059332488170221,21.0,1,2.2071395673594836,18.998238713536672,20.5,21.5
35.0,18.607141170360027,18.823418420185927,5.061077026419645,21.0,1,2.176581579814073,19.128998295640034,20.5,21.5
36.0,18.62443195753124,18.891493321179055,5.062821518156257,21.0,1,2.1085066788209446,19.57224233111034,20.5,21.5
37.0,18.641719635443366,19.034394386754048,5.064565962051549,21.0,1,1.9656056132459518,20.463405042503975,20.5,21.5
38.0,18.659004204708687,19.01413523539029,5.066310356777053,21.0,1,1.9858647646097083,18.811543721752727,20.5,21.5
39.0,18.6762856659391,18.99608980756168,5.068054701004335,21.0,1,2.003910192438319,18.815635529275575,20.5,21.5
40.0,18.693564019746113,18.99247099907609,5.069798993405002,21.0,1,2.0075290009239097,18.956282914220182,20.5,21.5
41.0,18.710839266740845,19.004164830055863,5.071543232650699,21.0,1,1.9958351699441366,19.121103139853595,20.5,21.5
42.0,18.728111407534026,18.944226772580866,5.073287417413113,21.0,1,2.0557732274191345,18.344846197830886,20.5,21.5
43.0,18.745380442736003,18.9701571155667,5.075031546363969,21.0,1,2.0298428844333003,19.22946054542504,20.5,21.5
44.0,18.76264637295673,18.99996062207008,5.07677561817504,21.0,1,2.0000393779299195,19.29799568710389,20.5,21.5
45.0,18.779909198805775,19.043344815116235,5.078519631518137,21.0,1,1.9566551848837648,19.477186745577782,20.5,21.5
46.0,18.797168920892318,19.034115318418515,5.080263585065119,21.0,1,1.9658846815814854,18.941820351441308,20.5,21.5
47.0,18.81442553982515,19.054487877515527,5.08200747748789,21.0,1,1.9455121224844731,19.25821346848565,20.5,21.5
48.0,18.831679056212685,19.03418862438757,5.0837513074583995,21.0,1,1.9658113756124287,18.831196093108016,20.5,21.5
49.0,18.848929470662934,19.015412567693176,5.085495073648644,21.0,1,1.9845874323068244,18.827652000749218,20.5,21.5
50.0,18.86617678378353,19.069932694737222,5.087238774730672,21.0,1,1.930067305262778,19.615133965177687,20.5,21.5
51.0,18.88342099618172,19.147472121238422,5.088982409376578,21.0,1,1.8525278787615775,19.922866386250426,20.5,21.5
52.0,18.90066210846436,19.115334651464707,5.090725976258508,21.0,1,1.884665348535293,18.79395995372755,20.5,21.5
53.0,18.917900121237917,19.195873508955657,5.09246947404866,21.0,1,1.804126491044343,20.001262083865157,20.5,21.5
54.0,18.93513503510848,19.350682992866663,5.094212901419286,21.0,1,1.6493170071333374,20.89877783197672,20.5,21.5
55.0,18.95236685068174,19.403159292210297,5.095956257042688,21.0,1,1.5968407077897027,19.927922285646645,20.5,21.5
56.0,18.969595568563015,19.286638286819667,5.097699539591226,21.0,1,1.7133617131803334,18.12142823291336,20.5,21.5
57.0,18.986821189357222,19.25006576032126,5.099442747737315,21.0,1,1.7499342396787405,18.884340495337188,20.5,21.5
58.0,19.0040437136689,19.297497828641163,5.101185880153427,21.0,1,1.7025021713588373,19.771818511840195,20.5,21.5
59.0,19.021263142102196,19.198635088526565,5.102928935512088,21.0,1,1.801364911473435,18.21000768738059,20.5,21.5
60.0,19.03847947526088,19.178099095941093,5.1046719124858875,21.0,1,1.8219009040589071,18.97273917008637,20.5,21.5
61.0,19.055692713748325,19.2525174250953,5.106414809747473,21.0,1,1.7474825749047014,19.996700716637356,20.5,21.5
62.0,19.072902858167524,19.38903553372684,5.10815762596955,21.0,1,1.6109644662731597,20.754216620042257,20.5,21.5
63.0,19.090109909121082,19.374224742276123,5.109900359824891,21.0,1,1.6257752577238769,19.22611682776895,20.5,21.5
64.0,19.10731386721122,19.427087741756537,5.111643009986327,21.0,1,1.5729122582434627,19.95571773656068,20.5,21.5
65.0,19.124514733039778,19.400593816317688,5.113385575126755,21.0,1,1.5994061836823121,19.135654561929194,20.5,21.5
66.0,19.141712507208194,19.48457549379166,5.115128053919134,21.0,1,1.5154245062083405,20.324392268531376,20.5,21.5
67.0,19.158907190317535,19.56040959185419,5.116870445036493,21.0,1,1.4395904081458113,20.31875057247948,20.5,21.5
68.0,19.176098782968477,19.63038448743037,5.118612747151923,21.0,1,1.3696155125696308,20.330133443192175,20.5,21.5
69.0,19.193287285761315,19.666738985446063,5.120354958938587,21.0,1,1.333261014553937,20.030283965603,20.5,21.5
70.0,19.210472699295952,19.736018841711026,5.122097079069714,21.0,1,1.2639811582889742,20.428817404360654,20.5,21.5
71.0,19.227655024171906,19.682004959919464,5.123839106218604,21.0,1,1.317995040080536,19.141866142003845,20.5,21.5
72.0,19.244834260988316,19.635783557915786,5.125581039058627,21.0,1,1.3642164420842136,19.17356953787901,20.5,21.5
73.0,19.26201041034393,19.604037745887595,5.127322876263226,21.0,1,1.3959622541124048,19.286579625605683,20.5,21.5
74.0,19.279183472837115,19.598532120256074,5.129064616505916,21.0,1,1.401467879743926,19.543475863940863,20.5,21.5
75.0,19.296353449065847,19.592240409314314,5.130806258460286,21.0,1,1.4077595906856857,19.529323299896717,20.5,21.5
76.0,19.313520339627726,19.62807922142265,5.1325478008,21.0,1,1.3719207785773513,19.986467342505993,20.5,21.5
77.0,19.33068414511996,19.598608516634645,5.134289242198798,21.0,1,1.4013914833653551,19.303901468754606,20.5,21.5
78.0,19.347844866139376,19.56521627209768,5.1360305813304965,21.0,1,1.434783727902321,19.23129382672802,20.5,21.5
79.0,19.365002503282415,19.572151807839585,5.137771816868989,21.0,1,1.4278481921604147,19.64150716525865,20.5,21.5
80.0,19.382157057145132,19.5913469237489,5.13951294748825,21.0,1,1.408653076251099,19.78329808284206,20.5,21.5
81.0,19.3993085283232,19.527243659728818,5.141253971862334,21.0,1,1.4727563402711823,18.886211019527984,20.5,21.5
82.0,19.416456917411907,19.554628556516,5.142994888665372,21.0,1,1.4453714434839995,19.82847752438783,20.5,21.5
83.0,19.433602225006158,19.64556308749862,5.1447356965715825,21.0,1,1.3544369125013809,20.554908397324805,20.5,21.5
84.0,19.450744451700473,19.675092690052644,5.146476394255263,21.0,1,1.3249073099473563,19.97038871559289,20.5,21.5
85.0,19.467883598088985,19.61425519074759,5.1482169803907984,21.0,1,1.3857448092524116,19.005880197697035,20.5,21.5
86.0,19.485019664765446,19.733630155355918,5.149957453652656,21.0,1,1.2663698446440819,20.927379801439216,20.5,21.5
87.0,19.502152652323222,19.79799038281083,5.151697812715388,21.0,1,1.2020096171891694,20.441592657359955,20.5,21.5
88.0,19.5192825613553,19.815493673628104,5.153438056253638,21.0,1,1.1845063263718956,19.990526581800843,20.5,21.5
89.0,19.53640939245428,19.802422127310372,5.155178182942132,21.0,1,1.197577872689628,19.671706664133048,20.5,21.5
90.0,19.55353314621238,19.87148515309382,5.15691819145569,21.0,1,1.1285148469061816,20.562115410928282,20.5,21.5
91.0,19.57065382322143,19.843969385032487,5.158658080469219,21.0,1,1.1560306149675128,19.568811704419176,20.5,21.5
92.0,19.58777142407288,19.853421212036082,5.160397848657718,21.0,1,1.146578787963918,19.94793948207203,20.5,21.5
93.0,19.604885949357797,19.76150643845147,5.162137494696277,21.0,1,1.2384935615485304,18.842358702605345,20.5,21.5
94.0,19.621997399666864,19.843199590417836,5.163877017260082,21.0,1,1.1568004095821642,20.660131110081497,20.5,21.5
95.0,19.639105775590384,19.854849063885432,5.165616415024409,21.0,1,1.1451509361145682,19.971343798561392,20.5,21.5
96.0,19.65621107771827,19.91136419506707,5.167355686664631,21.0,1,1.088635804932931,20.47651550688344,20.5,21.5
97.0,19.67331330664006,19.953922941225947,5.169094830856218,21.0,1,1.0460770587740527,20.37951040281473,20.5,21.5
98.0,19.690412462944906,20.04503247272183,5.170833846274735,21.0,1,0.9549675272781712,20.956127787680643,20.5,21.5
99.0,19.707508547221572,20.012595810932787,5.172572731595847,21.0,1,0.9874041890672132,19.688229193042368,20.5,21.5
100.0,19.724601560058446,20.061314422313266,5.174311485495316,21.0,1,0.9386855776867336,20.548500536118063,20.5,21.5
101.0,19.741691502043533,20.021186324883352,5.176050106649007,21.0,1,0.9788136751166476,19.61990535058421,20.5,21.5
102.0,19.758778373764454,19.987816124425027,5.177788593732883,21.0,1,1.0121838755749728,19.654114119841775,20.5,21.5
103.0,19.77586217580845,20.0661842366203,5.179526945423011,21.0,1,0.9338157633797017,20.84986535857301,20.5,21.5
104.0,19.79294290876237,20.121876148589536,5.181265160395561,21.0,1,0.8781238514104643,20.67879526828191,20.5,21.5
105.0,19.810020573212697,20.02694680633915,5.183003237326805,21.0,1,0.9730531936608493,19.0776533838353,20.5,21.5
106.0,19.82709516974552,20.18666807316182,5.184741174893123,21.0,0,0.8133319268381811,21.7838807413885,20.5,21.5
107.0,19.82416669894655,20.22559257829649,5.186478971771001,21.0,0,0.7744074217035113,20.614837629643187,20.5,21.5
108.0,19.821239161401113,20.19754590156375,5.188216626637028,21.0,1,0.8024540984362503,19.91707913423636,20.5,21.5
109.0,19.83831255689416,20.15941682140957,5.189954138167908,21.0,1,0.8405831785904283,19.77812601986779,20.5,21.5
110.0,19.855382885210414,20.207079670100292,5.191691505040448,21.0,1,0.7929203298997081,20.683708157007494,20.5,21.5
111.0,19.87245014693438,20.165430348491917,5.193428725931568,21.0,1,0.8345696515080832,19.748937132408166,20.5,21.5
112.0,19.88951434265018,20.197776523699762,5.195165799518299,21.0,1,0.802223476300238,20.521238275778213,20.5,21.5
113.0,19.906575472941554,20.234509856573254,5.196902724477783,21.0,1,0.7654901434267458,20.601843185308176,20.5,21.5
114.0,19.92363353839186,20.279516848695096,5.198639499487278,21.0,1,0.7204831513049044,20.72958676991351,20.5,21.5
115.0,19.94068853958408,20.34726662389495,5.200376123224153,21.0,1,0.6527333761050507,21.024764375893486,20.5,21.5
116.0,19.95774047710081,20.31116819391388,5.202112594365893,21.0,1,0.6888318060861209,19.950183894103176,20.5,21.5
117.0,19.97478935152426,20.209534440349323,5.2038489115901,21.0,1,0.7904655596506771,19.19319690470376,20.5,21.5
118.0,19.991835163436274,20.23110483083591,5.205585073574493,21.0,1,0.7688951691640895,20.446808735701786,20.5,21.5
119.0,20.008877913418303,20.240814469621263,5.207321078996911,21.0,1,0.7591855303787369,20.33791085747479,20.5,21.5
120.0,20.02591760205142,20.267900472230156,5.209056926535307,21.0,1,0.7320995277698437,20.53876049831909,20.5,21.5
121.0,20.042954229916315,20.297335460510226,5.21079261486776,21.0,1,0.7026645394897741,20.59168534331092,20.5,21.5
122.0,20.059987797593305,20.37172219292578,5.212528142672467,21.0,1,0.6282778070742197,21.115589517081325,20.5,21.5
123.0,20.07701830566232,20.306633339730848,5.214263508627747,21.0,1,0.6933666602691524,19.65574480778152,20.5,21.5
124.0,20.094045754702915,20.312578536897153,5.215998711412046,21.0,1,0.6874214631028472,20.372030508560204,20.5,21.5
125.0,20.111070145294256,20.384829928892355,5.217733749703929,21.0,1,0.6151700711076451,21.107343848844376,20.5,21.5
126.0,20.12809147801514,20.361075233294812,5.219468622182091,21.0,1,0.6389247667051876,20.123528277319387,20.5,21.5
127.0,20.145109753443972,20.44659525265414,5.221203327525349,21.0,1,0.5534047473458585,21.301795446247432,20.5,21.5
128.0,20.16212497215879,20.499032862330203,5.222937864412651,21.0,1,0.5009671376697966,21.023408959090823,20.5,21.5
129.0,20.17913713473724,20.585424898040138,5.224672231523071,21.0,1,0.414575101959862,21.449345255139484,20.5,21.5
130.0,20.196146241756598,20.509986834248604,5.226406427535814,21.0,1,0.490013165751396,19.755606196333265,20.5,21.5
131.0,20.213152293793755,20.568960139022888,5.228140451130212,21.0,1,0.431039860977112,21.158693186765728,20.5,21.5
132.0,20.230155291425223,20.63462472669823,5.229874300985733,21.0,1,0.365375273301769,21.29127060345166,20.5,21.5
133.0,20.247155235227137,20.635458038019618,5.231607975781974,21.0,1,0.36454196198038247,20.643791151233483,20.5,21.5
134.0,20.264152125775247,20.55923685021551,5.233341474198666,21.0,1,0.44076314978449105,19.797024972174423,20.5,21.5
135.0,20.28114596364493,20.62901216720838,5.2350747949156755,21.0,1,0.37098783279162006,21.32676533713709,20.5,21.5
136.0,20.298136749411185,20.670195756369434,5.236807936613002,21.0,1,0.3298042436305657,21.082031647979978,20.5,21.5
137.0,20.315124483648624,20.607398820826614,5.2385408979707835,21.0,1,0.3926011791733863,19.979429465398407,20.5,21.5
138.0,20.332109166931488,20.630489474688957,5.240273677669294,21.0,1,0.36951052531104267,20.861396013312394,20.5,21.5
139.0,20.349090799833636,20.66087604258889,5.242006274388947,21.0,1,0.3391239574111111,20.964741721588204,20.5,21.5
140.0,20.366069382928547,20.659572491354286,5.243738686810295,21.0,1,0.340427508645714,20.646536979008257,20.5,21.5
141.0,20.383044916789324,20.582438319460152,5.24547091361403,21.0,1,0.41756168053984766,19.811096600518816,20.5,21.5
142.0,20.400017401988688,20.579550224691182,5.247202953480985,21.0,1,0.42044977530881766,20.550669277001482,20.5,21.5
143.0,20.416986839098985,20.596987552750456,5.248934805092138,21.0,1,0.40301244724954444,20.771360833343188,20.5,21.5
144.0,20.433953228692186,20.56178718860545,5.2506664671286085,21.0,1,0.4382128113945498,20.209783547155396,20.5,21.5
145.0,20.450916571339874,20.53362225880977,5.25239793827166,21.0,1,0.4663777411902288,20.25197296085298,20.5,21.5
146.0,20.46787686761326,20.5697658949384,5.254129217202701,21.0,1,0.43023410506160076,20.93120225622468,20.5,21.5
147.0,20.484834118083178,20.618956015125747,5.255860302603288,21.0,1,0.3810439848742533,21.11085721699922,20.5,21.5
148.0,20.50178832332008,20.608673515550873,5.257591193155125,21.0,1,0.3913264844491273,20.505848519802132,20.5,21.5
149.0,20.51873948389405,20.71383487688403,5.259321887540064,21.0,0,0.2861651231159712,21.76544849021559,20.5,21.5
150.0,20.51568760037478,20.792036938343593,5.261052384440103,21.0,0,0.20796306165640743,21.57405755293923,20.5,21.5
151.0,20.512636673331592,20.78569784295714,5.262782682537396,21.0,0,0.2143021570428587,20.72230688909263,20.5,21.5
152.0,20.509586702533433,20.776476091139987,5.264512780514245,21.0,0,0.22352390886001317,20.684258572968442,20.5,21.5
153.0,20.506537687749027,20.810261252321077,5.266242677053104,21.0,0,0.1897387476789234,21.148112864131974,20.5,21.5
154.0,20.503489628746888,20.735448914223234,5.267972370836584,21.0,1,0.2645510857767661,19.987325533244807,20.5,21.5
155.0,20.520442525295305,20.72220012864607,5.269701860547446,21.0,1,0.27779987135393114,20.58971227287442,20.5,21.5
156.0,20.537392377162355,20.783338540775713,5.271431144868608,21.0,1,0.21666145922428726,21.39472266207215,20.5,21.5
157.0,20.554339184915897,20.859895724318896,5.273160222483147,21.0,0,0.14010427568110373,21.62546755975073,20.5,21.5
158.0,20.55128294912341,20.89058513297727,5.274889092074293,21.0,0,0.1094148670227284,21.197479219561025,20.5,21.5
159.0,20.548227670352002,20.956710887476195,5.276617752325438,21.0,0,0.04328911252380507,21.617968432465428,20.5,21.5
160.0,20.545173348368397,20.91888231484875,5.278346201920131,21.0,0,0.08111768515124851,20.540596588574317,20.5,21.5
161.0,20.54211998293911,20.843664455072428,5.280074439542083,21.0,1,0.15633554492757185,20.091485857309195,20.5,21.5
162.0,20.55906757383043,20.774872146198806,5.281802463875166,21.0,1,0.22512785380119382,20.086949057462586,20.5,21.5
163.0,20.57601212080844,20.687623845224902,5.283530273603413,21.0,1,0.31237615477509806,19.81514083548586,20.5,21.5
164.0,20.592953624438998,20.73539351959489,5.2852578674110235,21.0,1,0.26460648040511003,21.21309026329477,20.5,21.5
165.0,20.60989208528759,20.79849276587901,5.286985243982358,21.0,1,0.2015072341209887,21.429485228720225,20.5,21.5
166.0,20.62682750391933,20.89355453571661,5.288712402001947,21.0,0,0.10644546428338941,21.844172234092603,20.5,21.5
167.0,20.623759880898945,20.89329609124048,5.290439340154481,21.0,0,0.10670390875952052,20.89071164647917,20.5,21.5
168.0,20.620693216790794,20.953067783882183,5.292166057124823,21.0,0,0.04693221611781695,21.55078471029922,20.5,21.5
169.0,20.61762751135886,20.8895577790152,5.293892551598003,21.0,1,0.11044222098480105,20.254457730345358,20.5,21.5
170.0,20.63456276436691,20.927817521139353,5.295618822259221,21.0,1,0.07218247886064688,21.310414942380895,20.5,21.5
171.0,20.651494975578487,21.001968967849145,5.297344867793846,21.0,0,-0.001968967849144576,21.74348343494706,20.5,21.5
172.0,20.64842414555693,21.10049091761125,5.299070686887419,21.0,0,-0.10049091761124984,22.085710415232302,20.5,21.5
173.0,20.645354274865195,21.166504233445938,5.300796278225654,21.0,0,-0.1665042334459379,21.82663739179282,20.5,21.5
174.0,20.642285363265866,21.1892692621312,5.302521640494438,21.0,0,-0.18926926213120154,21.416919548983838,20.5,21.5
175.0,20.63921741052131,21.110881847988765,5.304246772379833,21.0,1,-0.11088184798876455,20.327007706564395,20.5,21.5
176.0,20.656150416393682,21.047940030482103,5.305971672568076,21.0,1,-0.04794003048210271,20.418521855415484,20.5,21.5
177.0,20.67308038064492,21.02643200259531,5.30769633974558,21.0,1,-0.026432002595310422,20.811351723727388,20.5,21.5
178.0,20.69000730383674,21.00345274342193,5.309420772598936,21.0,1,-0.003452743421931359,20.77366015168814,20.5,21.5
179.0,20.706931186530493,20.99986699349246,5.311144969814913,21.0,1,0.00013300650753933496,20.964009494197754,20.5,21.5
180.0,20.72385202928715,20.993533373626587,5.3128689300804615,21.0,1,0.00646662637341322,20.930197174967848,20.5,21.5
181.0,20.74076983266731,21.00441478393119,5.314592652082709,21.0,1,-0.0044147839311889925,21.11322888697721,20.5,21.5
182.0,20.757684597231194,20.989602224656903,5.316316134508967,21.0,1,0.010397775343097493,20.841476631914038,20.5,21.5
183.0,20.77459632353865,21.063669387434807,5.318039376046729,21.0,0,-0.06366938743480688,21.80434101521385,20.5,21.5
184.0,20.771505012149152,21.143056054507234,5.31976237538367,21.0,0,-0.1430560545072339,21.936922725231504,20.5,21.5
185.0,20.768414663621797,21.169754785724983,5.321485131207652,21.0,0,-0.16975478572498304,21.436742097902474,20.5,21.5
186.0,20.765325277715316,21.03647852444882,5.3232076422067225,21.0,1,-0.03647852444882105,19.7037159116872,20.5,21.5
187.0,20.782236854188216,21.015683848564684,5.324929907069113,21.0,1,-0.01568384856468441,20.807737089723318,20.5,21.5
188.0,20.799145392798792,20.881051087078177,5.326651924483245,21.0,1,0.11894891292182308,19.534723472213102,20.5,21.5
189.0,20.81605089410513,20.834015814142294,5.328373693137726,21.0,1,0.16598418585770602,20.363663084783465,20.5,21.5
190.0,20.832953358664934,20.82325776280046,5.330095211721355,21.0,1,0.17674223719954085,20.71567724938211,20.5,21.5
191.0,20.849852787035545,21.011450027698228,5.3318164789231215,21.0,0,-0.011450027698227672,22.893372676675913,20.5,21.5
192.0,20.846749179773923,20.96952689477063,5.333537493432204,21.0,0,0.03047310522936897,20.550295565494665,20.5,21.5
193.0,20.843646537436655,21.067601058460202,5.335258253937977,21.0,0,-0.06760105846020181,22.04834269535591,20.5,21.5
194.0,20.840544859779953,21.023977060859465,5.336978759130005,21.0,0,-0.023977060859465382,20.5877370848521,20.5,21.5
195.0,20.83744414655982,21.026172178120227,5.338699007698049,21.0,0,-0.026172178120226874,21.048123350727842,20.5,21.5
196.0,20.83434439753205,21.087527223376632,5.340418998332065,21.0,0,-0.08752722337663243,21.701077675940688,20.5,21.5
197.0,20.83124561245221,21.153255146505188,5.342138729722205,21.0,0,-0.15325514650518812,21.810534377790745,20.5,21.5
198.0,20.828147791075665,21.16396238920947,5.343858200558819,21.0,0,-0.1639623892094697,21.271034816252286,20.5,21.5
199.0,20.825050933157563,21.28074958654349,5.3455774095324555,21.0,0,-0.28074958654348947,22.448621559883687,20.5,21.5
200.0,20.82195503845284,21.35627379567323,5.347296355333861,21.0,0,-0.3562737956732285,22.11151588697062,20.5,21.5
201.0,20.818860106716215,21.27818693946764,5.349015036653984,21.0,1,-0.2781869394676413,20.49731837741177,20.5,21.5
202.0,20.8357661377022,21.237717145805924,5.350733452183974,21.0,1,-0.23771714580592374,20.83301920918875,20.5,21.5
203.0,20.852669131165097,21.196212118040485,5.352451600615184,21.0,1,-0.196212118040485,20.781161840386098,20.5,21.5
204.0,20.869569087658988,21.153638084541143,5.354169480639166,21.0,1,-0.15363808454114292,20.727897749547722,20.5,21.5
205.0,20.886466007737585,21.09308486955279,5.355887090947683,21.0,1,-0.09308486955278994,20.48755271966926,20.5,21.5
206.0,20.903359891954228,21.073282148032924,5.3576044302326995,21.0,1,-0.07328214803292354,20.87525493283426,20.5,21.5
207.0,20.920250740861885,21.104373793085934,5.359321497186385,21.0,1,-0.10437379308593364,21.415290243616035,20.5,21.5
208.0,20.93713855501315,21.15686286172662,5.36103829050112,21.0,0,-0.15686286172661923,21.681753548133475,20.5,21.5
209.0,20.934023334960248,21.161829863259534,5.362754808869491,21.0,0,-0.16182986325953408,21.211499878588683,20.5,21.5
210.0,20.93090908125503,21.261091966008703,5.364471050984295,21.0,0,-0.26109196600870277,22.25371299350039,20.5,21.5
211.0,20.927795793648976,21.226321697058456,5.3661870155385385,21.0,0,-0.22632169705845584,20.878619007555987,20.5,21.5
212.0,20.924683471893353,21.22161244757401,5.36790270122544,21.0,0,-0.22161244757401022,21.174519952729554,20.5,21.5
213.0,20.92157211573922,21.17865261765559,5.3696181067384305,21.0,0,-0.17865261765559026,20.74905431847139,20.5,21.5
214.0,20.91846172493742,21.205459872966898,5.371333230771154,21.0,0,-0.20545987296689816,21.473532426079977,20.5,21.5
215.0,20.915352299238585,21.18555193103098,5.373048072017469,21.0,0,-0.18555193103097878,20.986472511671785,20.5,21.5
216.0,20.91224383839314,21.20328913787767,5.37476262917145,21.0,0,-0.20328913787766822,21.380661206344563,20.5,21.5
217.0,20.909136342151296,21.215856091292665,5.3764769009273845,21.0,0,-0.2158560912926646,21.341525625442628,20.5,21.5
218.0,20.90602981026305,21.219457054897024,5.378190885979783,21.0,0,-0.21945705489702405,21.25546669094062,20.5,21.5
219.0,20.902924242478193,21.153193619768082,5.379904583023369,21.0,1,-0.1531936197680821,20.490559268478663,20.5,21.5
220.0,20.9198196385463,21.095466555464863,5.38161799075309,21.0,1,-0.09546655546486349,20.518195912432677,20.5,21.5
221.0,20.936711998216744,21.115383703718102,5.383331107864109,21.0,1,-0.11538370371810203,21.314555186250487,20.5,21.5
222.0,20.953601322038672,21.134002124218146,5.385043933051815,21.0,1,-0.13400212421814572,21.320186329218583,20.5,21.5
223.0,20.970487610560873,21.095039888059766,5.386756465011816,21.0,1,-0.09503988805976604,20.70541752647597,20.5,21.5
224.0,20.987370864331762,21.145325367546015,5.388468702439944,21.0,0,-0.14532536754601466,21.6481801624085,20.5,21.5
225.0,20.984251083899384,21.21110452387666,5.390180644032257,21.0,0,-0.21110452387666,21.868896087183114,20.5,21.5
226.0,20.98113226981141,21.27377731853435,5.391892288485035,21.0,0,-0.27377731853434994,21.90050526511125,20.5,21.5
227.0,20.978014421815146,21.212926096711477,5.393603634494789,21.0,0,-0.21292609671147744,20.604413878482752,20.5,21.5
228.0,20.974897539657682,21.26570164725627,5.395314680758252,21.0,0,-0.26570164725627166,21.793457152704214,20.5,21.5
229.0,20.971781623085903,21.271711803299013,5.39702542597239,21.0,0,-0.2717118032990129,21.331813363726425,20.5,21.5
230.0,20.96866667184648,21.24995767364643,5.398735868834394,21.0,0,-0.2499576736464313,21.032416377120615,20.5,21.5
231.0,20.96555268568588,21.290032865742184,5.40044600804169,21.0,0,-0.2900328657421838,21.69078478669971,20.5,21.5
232.0,20.96243966435035,21.280936759353843,5.402155842291929,21.0,0,-0.28093675935384255,21.18997569547043,20.5,21.5
233.0,20.959327607585937,21.298643284035656,5.403865370283001,21.0,0,-0.29864328403565565,21.475708530853787,20.5,21.5
234.0,20.956216515138475,21.255776829077217,5.405574590713025,21.0,0,-0.25577682907721666,20.827112279492827,20.5,21.5
235.0,20.95310638675359,21.293955695730162,5.407283502280355,21.0,0,-0.2939556957301619,21.675744362259614,20.5,21.5
236.0,20.949997222176695,21.188782154385432,5.40899210368358,21.0,1,-0.18878215438543222,20.137046740938136,20.5,21.5
237.0,20.966889021152998,21.173797747604368,5.410700393621528,21.0,1,-0.17379774760436817,21.023953679793728,20.5,21.5
238.0,20.98377778342749,21.146766380691044,5.412408370793259,21.0,1,-0.14676638069104442,20.876452711557807,20.5,21.5
239.0,21.000663509544964,21.199881124959607,5.414116033898076,21.0,0,-0.19988112495960664,21.73102856764523,20.5,21.5
240.0,20.997546200049836,21.169862647747745,5.415823381635518,21.0,0,-0.1698626477477454,20.869677875629133,20.5,21.5
241.0,20.994429855486153,21.176049848481803,5.417530412705367,21.0,0,-0.17604984848180294,21.23792185582238,20.5,21.5
242.0,20.991314475597598,21.258965006842374,5.419237125807643,21.0,0,-0.25896500684237367,22.08811659044808,20.5,21.5
243.0,20.98820006012764,21.238581942981,5.420943519642611,21.0,0,-0.23858194298099988,21.034751304367262,20.5,21.5
244.0,20.985086608819543,21.180066166778726,5.422649592910777,21.0,0,-0.180066166778726,20.594908404755987,20.5,21.5
245.0,20.98197412141636,21.232994554839202,5.424355344312892,21.0,0,-0.23299455483920184,21.76227843544396,20.5,21.5
246.0,20.97886259766094,21.21280487556391,5.4260607725499534,21.0,0,-0.21280487556391137,21.010908082811007,20.5,21.5
247.0,20.975752037295916,21.164305332033273,5.4277658763232015,21.0,0,-0.16430533203327258,20.679309896726885,20.5,21.5
248.0,20.972642440063723,21.18536206795779,5.429470654334127,21.0,0,-0.1853620679577901,21.395929427202965,20.5,21.5
249.0,20.969533805706575,21.20510950794813,5.431175105284466,21.0,0,-0.20510950794813,21.40258390785153,20.5,21.5
250.0,20.96642613396649,21.104678680587483,5.432879227876206,21.0,1,-0.10467868058748309,20.100370406981014,20.5,21.5
251.0,20.98331942458527,21.10561051546731,5.434583020811583,21.0,1,-0.10561051546730837,21.11492886426556,20.5,21.5
252.0,21.000209677304518,21.17176931911283,5.4362864827930855,21.0,0,-0.17176931911282978,21.833357355568044,20.5,21.5
253.0,20.997096892665617,21.23482836488768,5.4379896125234515,21.0,0,-0.23482836488767944,21.865418822636176,20.5,21.5
254.0,20.99398507120959,21.296745329156657,5.439692408705675,21.0,0,-0.2967453291566571,21.915914971846433,20.5,21.5
255.0,20.990874212677088,21.365298645455262,5.441394870043002,21.0,0,-0.3652986454552618,22.05083180844131,20.5,21.5
256.0,20.987764316808562,21.4343784107764,5.4430969952389345,21.0,0,-0.43437841077640016,22.125176063987784,20.5,21.5
257.0,20.984655383344247,21.32808635730085,5.44479878299723,21.0,1,-0.328086357300851,20.26516582254536,20.5,21.5
258.0,21.001547412024177,21.292625768144546,5.4465002320219025,21.0,1,-0.2926257681445463,20.9380198765815,20.5,21.5
259.0,21.018436402588176,21.278493508891785,5.448201341017225,21.0,1,-0.2784935088917848,21.13717091636417,20.5,21.5
260.0,21.03532235557586,21.219420183827847,5.44990210868773,21.0,1,-0.21942018382784667,20.628686933188465,20.5,21.5
261.0,21.052205271526482,21.235297443561613,5.451602533738208,21.0,1,-0.2352974435616133,21.39407004089928,20.5,21.5
262.0,21.069085150978925,21.3274622022294,5.45330261487371,21.0,0,-0.32746220222939826,22.249109788907248,20.5,21.5
263.0,21.065961994471703,21.314748147193104,5.455002350799552,21.0,0,-0.31474814719310373,21.18760759683016,20.5,21.5
264.0,21.062839802542968,21.351310689893754,5.456701740221312,21.0,0,-0.35131068989375436,21.71693611690026,20.5,21.5
265.0,21.059718574930503,21.34024702244528,5.458400781844828,21.0,0,-0.34024702244527916,21.229610347960527,20.5,21.5
266.0,21.056598311371886,21.279652002139205,5.460099474376209,21.0,0,-0.2796520021392048,20.67370179907846,20.5,21.5
267.0,21.053479011604487,21.301677596557134,5.461797816521825,21.0,0,-0.3016775965571341,21.521933540736427,20.5,21.5
268.0,21.05036067536547,21.25822818436535,5.463495806988314,21.0,0,-0.25822818436535044,20.823734062447514,20.5,21.5
269.0,21.047243302391795,21.199996538439407,5.465193444482585,21.0,0,-0.19999653843940735,20.617680079179976,20.5,21.5
270.0,21.044126892420213,21.238241786136133,5.466890727711811,21.0,0,-0.23824178613613256,21.620694263103385,20.5,21.5
271.0,21.04101144518727,21.28568564076077,5.468587655383438,21.0,0,-0.2856856407607715,21.76012418700716,20.5,21.5
272.0,21.037896960429308,21.321183184710232,5.47028422620518,21.0,0,-0.32118318471023244,21.67615862420484,20.5,21.5
273.0,21.034783437882464,21.387092858234773,5.471980438885026,21.0,0,-0.387092858234773,22.04618959348018,20.5,21.5
274.0,21.031670877282664,21.381625632886898,5.473676292131238,21.0,0,-0.3816256328868981,21.32695337940815,20.5,21.5
275.0,21.028559278365634,21.46983312747604,5.475371784652346,21.0,0,-0.4698331274760399,22.351908073367458,20.5,21.5
276.0,21.02544864086689,21.390959769781666,5.477066915157161,21.0,0,-0.39095976978166647,20.602226192837932,20.5,21.5
277.0,21.022338964521747,21.29918522669012,5.478761682354769,21.0,1,-0.2991852266901205,20.38143979577466,20.5,21.5
278.0,21.039230249065312,21.309010310767427,5.480456084954527,21.0,1,-0.3090103107674267,21.40726115154049,20.5,21.5
279.0,21.05611849423249,21.340201673404657,5.482150121666077,21.0,0,-0.3402016734046569,21.65211529977696,20.5,21.5
280.0,21.053003700557976,21.257861651812007,5.483843791199336,21.0,1,-0.25786165181200715,20.43446143588551,20.5,21.5
281.0,21.069889868576105,21.28166335073278,5.485537092264499,21.0,0,-0.2816633507327815,21.519680339940525,20.5,21.5
282.0,21.06677299802084,21.37613929465484,5.487230023572045,21.0,0,-0.3761392946548412,22.32089873387544,20.5,21.5
283.0,21.063657089425952,21.407354898205917,5.488922583832733,21.0,0,-0.4073548982059165,21.71951093371667,20.5,21.5
284.0,21.060542142524834,21.429260003291184,5.490614771757605,21.0,0,-0.4292600032911835,21.648311054143853,20.5,21.5
285.0,21.05742815705068,21.469418541859998,5.492306586057986,21.0,0,-0.4694185418599979,21.87100392754814,20.5,21.5
286.0,21.05431513273648,21.514661180957347,5.493998025445486,21.0,0,-0.5146611809573471,21.96708757193084,20.5,21.5
287.0,21.051203069315022,21.441701009233743,5.495689088632,21.0,0,-0.4417010092337428,20.7120992919977,20.5,21.5
288.0,21.048091966518886,21.36528067344539,5.497379774329709,21.0,0,-0.3652806734453904,20.601077315561866,20.5,21.5
289.0,21.04498182408045,21.330982758919593,5.499070081251085,21.0,0,-0.3309827589195926,20.988003613661615,20.5,21.5
290.0,21.04187264173188,21.233449981555474,5.500760008108883,21.0,1,-0.23344998155547358,20.258122207914283,20.5,21.5
291.0,21.058764419205158,21.287053180101157,5.502449553616151,21.0,0,-0.2870531801011573,21.823085165557995,20.5,21.5
292.0,21.05565315623204,21.29326115306975,5.504138716486227,21.0,0,-0.29326115306975,21.355340882755677,20.5,21.5
293.0,21.05254285334409,21.37040322024354,5.50582749543274,21.0,0,-0.37040322024353856,22.141823891981424,20.5,21.5
294.0,21.049433510272507,21.374537306968566,5.507515889169611,21.0,0,-0.37453730696856624,21.415878174218843,20.5,21.5
295.0,21.046325126748286,21.483912658392317,5.509203896411055,21.0,0,-0.4839126583923168,22.577666172629822,20.5,21.5
296.0,21.04321770250222,21.308717952405313,5.510891515871581,21.0,1,-0.3087179524053134,19.55677089253528,20.5,21.5
297.0,21.06011123726489,21.373838598976942,5.512578746265993,21.0,0,-0.37383859897694194,22.025045064693227,20.5,21.5
298.0,21.057001730766693,21.315202134703732,5.514265586309392,21.0,0,-0.31520213470373193,20.728837491971632,20.5,21.5
299.0,21.053893183537802,21.244992412495773,5.515952034717176,21.0,0,-0.24499241249577253,20.54289519041618,20.5,21.5
300.0,21.05078559530804,21.206359670575193,5.5176380902050415,21.0,0,-0.20635967057519267,20.820032251369394,20.5,21.5
301.0,21.04767896580702,21.301943988810116,5.519323751488983,21.0,0,-0.3019439888101161,22.25778717115935,20.5,21.5
302.0,21.044573294764156,21.288511742011842,5.521009017285297,21.0,0,-0.28851174201184193,21.1541892740291,20.5,21.5
303.0,21.04146858190866,21.37629207626996,5.522693886310579,21.0,0,-0.37629207626995864,22.254095418851126,20.5,21.5
304.0,21.03836482696954,21.41738499295306,5.524378357281729,21.0,0,-0.4173849929530604,21.828314159784078,20.5,21.5
305.0,21.035262029675604,21.39948076888562,5.5260624289159495,21.0,0,-0.39948076888562056,21.220438528211222,20.5,21.5
306.0,21.03216018975545,21.375444883374065,5.527746099930746,21.0,0,-0.37544488337406534,21.135086028258513,20.5,21.5
307.0,21.029059306937487,21.331258344011495,5.529429369043929,21.0,0,-0.3312583440114949,20.88939295038579,20.5,21.5
308.0,21.02595938094991,21.269193440293684,5.531112234973618,21.0,0,-0.26919344029368375,20.648544403115572,20.5,21.5
309.0,21.022860411520714,21.38127213688273,5.532794696438235,21.0,0,-0.3812721368827283,22.502059102773174,20.5,21.5
310.0,21.019762398377697,21.458417877678613,5.534476752156514,21.0,0,-0.4584178776786132,22.229875285637462,20.5,21.5
311.0,21.01666534124845,21.52898751849814,5.536158400847495,21.0,0,-0.5289875184981412,22.23468392669342,20.5,21.5
312.0,21.01356923986037,21.52913394853644,5.537839641230532,21.0,0,-0.5291339485364404,21.530598248919432,20.5,21.5
313.0,21.010474093940644,21.486085927139587,5.539520472025284,21.0,0,-0.4860859271395874,21.055605713171058,20.5,21.5
314.0,21.00737990321626,21.425314311504287,5.5412008919517275,21.0,0,-0.42531431150428745,20.817598155151288,20.5,21.5
315.0,21.004286667414007,21.309257524702247,5.542880899730148,21.0,1,-0.30925752470224666,20.14868965668184,20.5,21.5
316.0,21.021194386260472,21.296952929735813,5.544560494081149,21.0,1,-0.2969529297358129,21.173906980071475,20.5,21.5
317.0,21.038099059482036,21.290849118884683,5.546239673725643,21.0,1,-0.2908491188846831,21.229811010373385,20.5,21.5
318.0,21.055000687604885,21.30833130477796,5.547918437384865,21.0,1,-0.30833130477795834,21.48315316371071,20.5,21.5
319.0,21.07189927115484,21.31391950042148,5.549596783780361,21.0,1,-0.31391950042148054,21.369801456856703,20.5,21.5
320.0,21.088794810657365,21.422782809143705,5.551274711633998,21.0,0,-0.4227828091437047,22.511415896365946,20.5,21.5
321.0,21.08568730663756,21.40863073620192,5.5529522196679615,21.0,0,-0.40863073620192125,21.267110006784087,20.5,21.5
322.0,21.082580759620164,21.464108830205856,5.554629306604756,21.0,0,-0.4641088302058556,22.0188897702452,20.5,21.5
323.0,21.079475169329562,21.453673610428858,5.556305971167205,21.0,0,-0.4536736104288579,21.34932141265888,20.5,21.5
324.0,21.07637053548993,21.449074455262974,5.557982212078459,21.0,0,-0.4490744552629735,21.40308290360413,20.5,21.5
325.0,21.073266857825246,21.40626059181424,5.5596580280619845,21.0,0,-0.4062605918142417,20.978121957326923,20.5,21.5
326.0,21.070164136059294,21.33370414157645,5.561333417841576,21.0,0,-0.333704141576451,20.608139639198544,20.5,21.5
327.0,21.06706236991565,21.28800697531431,5.563008380141351,21.0,0,-0.2880069753143104,20.831035312692904,20.5,21.5
328.0,21.063961559117697,21.315147033500097,5.564682913685753,21.0,0,-0.31514703350009654,21.586547615357958,20.5,21.5
329.0,21.06086170338861,21.31323465947835,5.566357017199552,21.0,0,-0.3132346594783506,21.29411091926089,20.5,21.5
330.0,21.05776280245137,21.358087969336154,5.568030689407845,21.0,0,-0.35808796933615383,21.806621067914186,20.5,21.5
331.0,21.05466485602876,21.408519847907797,5.569703929036058,21.0,0,-0.4085198479077974,21.912838633624233,20.5,21.5
332.0,21.051567863843363,21.39629272007892,5.571376734809947,21.0,0,-0.3962927200789217,21.274021441790165,20.5,21.5
333.0,21.048471825617558,21.31788696593902,5.573049105455596,21.0,0,-0.3178869659390209,20.533829424540013,20.5,21.5
334.0,21.045376741073525,21.215793567963196,5.5747210396994245,21.0,1,-0.21579356796319615,20.19485958820495,20.5,21.5
335.0,21.062282609933252,21.081743296554947,5.5763925362681785,21.0,1,-0.08174329655494716,19.741240582472457,20.5,21.5
336.0,21.079185431918518,21.028705470308672,5.578063593888944,21.0,1,-0.02870547030867243,20.498327207845925,20.5,21.5
337.0,21.09608520755091,21.031713035030574,5.579734211289135,21.0,1,-0.03171303503057388,21.06178868224959,20.5,21.5
338.0,21.11298193735166,21.135294303777517,5.581404387196505,21.0,0,-0.13529430377751694,22.171106991246948,20.5,21.5
339.0,21.109875621841628,21.21459014702119,5.583074120339143,21.0,0,-0.21459014702119106,22.007548579457932,20.5,21.5
340.0,21.106770261541328,21.27649619379053,5.5847434094454735,21.0,0,-0.27649619379052837,21.8955566614839,20.5,21.5
341.0,21.10366585617091,21.32653635124262,5.58641225324426,21.0,0,-0.3265363512426198,21.826937925763534,20.5,21.5
342.0,21.100562405450326,21.477307128926014,5.588080650464608,21.0,0,-0.47730712892601446,22.98501490575996,20.5,21.5
343.0,21.097459909099328,21.495668569416253,5.589748599835957,21.0,0,-0.49566856941625304,21.67928297431864,20.5,21.5
344.0,21.094358366837476,21.469763958765213,5.591416100088093,21.0,0,-0.4697639587652134,21.210717852254817,20.5,21.5
345.0,21.091257778384126,21.548869627806436,5.593083149951142,21.0,0,-0.548869627806436,22.339926318218662,20.5,21.5
346.0,21.08815814345844,21.57189936317048,5.5947497481555715,21.0,0,-0.5718993631704805,21.802196716810926,20.5,21.5
347.0,21.08505946177938,21.46454679607601,5.596415893432196,21.0,1,-0.4645467960760108,20.391021125131314,20.5,21.5
348.0,21.10196173306571,21.428251274258628,5.598081584512173,21.0,1,-0.42825127425862775,21.065296056084797,20.5,21.5
349.0,21.118860957036,21.481496016497,5.599746820127006,21.0,0,-0.481496016497001,22.013943438880734,20.5,21.5
350.0,21.115757134208618,21.401929916863352,5.6014115990085465,21.0,0,-0.40192991686335233,20.606268920526865,20.5,21.5
351.0,21.11265426510158,21.508325852296576,5.603075919888991,21.0,0,-0.5083258522965757,22.57228520662881,20.5,21.5
352.0,21.109552349432537,21.544485096373457,5.604739781500889,21.0,0,-0.5444850963734567,21.906077537142266,20.5,21.5
353.0,21.106451386918952,21.57520156910606,5.606403182577136,21.0,0,-0.5752015691060599,21.882366296432092,20.5,21.5
354.0,21.103351377278084,21.56810382977472,5.608066121850981,21.0,0,-0.5681038297747207,21.49712643646133,20.5,21.5
355.0,21.100252320227,21.65140894074296,5.609728598056021,21.0,0,-0.6514089407429609,22.484460050425362,20.5,21.5
356.0,21.097154215482565,21.543715666094702,5.611390609926211,21.0,1,-0.5437156660947018,20.46678291961211,20.5,21.5
357.0,21.114057062761454,21.46702682064725,5.613052156195855,21.0,1,-0.46702682064724854,20.700138366172716,20.5,21.5
358.0,21.13095686178014,21.382779778789896,5.6147132355996145,21.0,1,-0.3827797787898959,20.54030936021637,20.5,21.5
359.0,21.147853613054906,21.44404562583599,5.616373846872503,21.0,0,-0.44404562583599017,22.056704096296933,20.5,21.5
360.0,21.144747317101668,21.347258856737035,5.618033988749895,21.0,1,-0.34725885673703516,20.379391165747485,20.5,21.5
361.0,21.161641974435998,21.339644218170687,5.619693659967519,21.0,1,-0.3396442181706867,21.263497832507202,20.5,21.5
362.0,21.178533584773103,21.35030581739802,5.621352859261464,21.0,1,-0.35030581739802,21.456921809671353,20.5,21.5
363.0,21.195422148628,21.437703235727966,5.623011585368176,21.0,0,-0.437703235727966,22.311677419027426,20.5,21.5
364.0,21.19230766651535,21.33015968898925,5.624669837024465,21.0,1,-0.3301596889892515,20.254724221602107,20.5,21.5
365.0,21.209194138949453,21.316208108156804,5.626327612967499,21.0,1,-0.316208108156804,21.17669229983233,20.5,21.5
366.0,21.226077565644257,21.32198591734575,5.62798491193481,21.0,1,-0.32198591734574933,21.379764009235203,20.5,21.5
367.0,21.242957947113513,21.398983626049336,5.629641732664292,21.0,0,-0.39898362604933624,22.168960713085205,20.5,21.5
368.0,21.239835283870622,21.37731589799836,5.631298073894205,21.0,0,-0.3773158979983613,21.160638617488612,20.5,21.5
369.0,21.236713576428627,21.487006710280436,5.632953934363172,21.0,0,-0.4870067102804363,22.583914833101186,20.5,21.5
370.0,21.233592824500214,21.57557342672617,5.634609312810184,21.0,0,-0.5755734267261694,22.4612405911835,20.5,21.5
371.0,21.230473027797874,21.61770691574057,5.636264207974598,21.0,0,-0.6177069157405697,22.039041805884573,20.5,21.5
372.0,21.22735418603391,21.62514259261983,5.63791861859614,21.0,0,-0.6251425926198309,21.699499361412443,20.5,21.5
373.0,21.224236298920424,21.602771104216114,5.6395725434149035,21.0,0,-0.6027711042161137,21.379056220178942,20.5,21.5
374.0,21.221119366169322,21.547952466131598,5.6412259811713525,21.0,0,-0.5479524661315978,20.99976608528644,20.5,21.5
375.0,21.218003387492324,21.51254756149577,5.642878930606323,21.0,0,-0.5125475614957686,21.158498515137477,20.5,21.5
376.0,21.214888362600945,21.540470729067625,5.644531390461022,21.0,0,-0.5404707290676249,21.819702404786188,20.5,21.5
377.0,21.211774291206517,21.471745740964746,5.646183359477029,21.0,0,-0.47174574096474586,20.784495859935955,20.5,21.5
378.0,21.20866117302017,21.56190623170921,5.6478348363962985,21.0,0,-0.5619062317092087,22.463511139153837,20.5,21.5
379.0,21.205549007752847,21.55024452851036,5.649485819961159,21.0,0,-0.5502445285103583,21.433627496521854,20.5,21.5
380.0,21.202437795115287,21.60931699334889,5.651136308914314,21.0,0,-0.6093169933488909,22.200041641734217,20.5,21.5
381.0,21.199327534818046,21.57924721767889,5.652786301998844,21.0,0,-0.5792472176788905,21.278549460978887,20.5,21.5
382.0,21.19621822657148,21.542683661985784,5.654435797958207,21.0,0,-0.5426836619857838,21.177048105054716,20.5,21.5
383.0,21.19310987008576,21.436803230022747,5.656084795536243,21.0,1,-0.4368032300227469,20.377998910392378,20.5,21.5
384.0,21.21000246507085,21.380104741183036,5.6577332934771665,21.0,1,-0.38010474118303605,20.813119852785928,20.5,21.5
385.0,21.226892011236533,21.354160705566386,5.659381290525575,21.0,1,-0.354160705566386,21.094720349399886,20.5,21.5
386.0,21.24377850909239,21.354213207962395,5.661028785426446,21.0,1,-0.3542132079623954,21.35473823192249,20.5,21.5
387.0,21.260661959147658,21.48178248832841,5.662675776925142,21.0,0,-0.48178248832840964,22.757475291988552,20.5,21.5
388.0,21.257542361911213,21.540458918531804,5.664322263767406,21.0,0,-0.5404589185318045,22.127223220565753,20.5,21.5
389.0,21.254423717891584,21.617315973072053,5.665968244699369,21.0,0,-0.6173159730720528,22.385886518474535,20.5,21.5
390.0,21.251306026796946,21.62162959272817,5.667613718467542,21.0,0,-0.6216295927281692,21.664765789289333,20.5,21.5
391.0,21.24818928833528,21.62595299197326,5.669258683818827,21.0,0,-0.6259529919732607,21.669186984424176,20.5,21.5
392.0,21.245073502214375,21.559112212173044,5.67090313950051,21.0,0,-0.5591122121730443,20.89070441417088,20.5,21.5
393.0,21.24195866814183,21.573245817732737,5.672547084260268,21.0,0,-0.5732458177327366,21.71458187332966,20.5,21.5
394.0,21.238844785825055,21.55502971180304,5.674190516846164,21.0,0,-0.5550297118030407,21.37286865250608,20.5,21.5
395.0,21.23573185497126,21.526382092108218,5.675833436006654,21.0,0,-0.5263820921082178,21.23990589515999,20.5,21.5
396.0,21.232619875287465,21.481795704174335,5.677475840490583,21.0,0,-0.4817957041743348,21.035931824835505,20.5,21.5
397.0,21.229508846480506,21.44742564627146,5.679117729047188,21.0,0,-0.44742564627145853,21.103725067242696,20.5,21.5
398.0,21.22639876825702,21.456764709572695,5.6807591004261,21.0,0,-0.45676470957269544,21.550155342585064,20.5,21.5
399.0,21.223289640323454,21.456814102661504,5.6823999533773435,21.0,0,-0.4568141026615038,21.457308033549587,20.5,21.5
400.0,21.220181462386066,21.406757497177562,5.684040286651338,21.0,0,-0.40675749717756204,20.906191442338145,20.5,21.5
401.0,21.217074234150918,21.434182515469985,5.685680098998897,21.0,0,-0.43418251546998476,21.708432698394212,20.5,21.5
402.0,21.213967955323888,21.503269046731564,5.687319389171233,21.0,0,-0.5032690467315639,22.194134359347355,20.5,21.5
403.0,21.21086262561066,21.460840840275004,5.688958155919954,21.0,0,-0.4608408402750044,21.03655877570941,20.5,21.5
404.0,21.20775824471672,21.46095020872508,5.690596397997069,21.0,0,-0.4609502087250803,21.46204389322584,20.5,21.5
405.0,21.20465481234738,21.45889990238112,5.692234114154986,21.0,0,-0.4588999023811198,21.438396838941514,20.5,21.5
406.0,21.20155232820774,21.511385355807185,5.693871303146512,21.0,0,-0.5113853558071852,22.03623989006784,20.5,21.5
407.0,21.198450792002728,21.533173214390484,5.695507963724856,21.0,0,-0.5331732143904837,21.75105180022347,20.5,21.5
408.0,21.195350203437073,21.54481074640479,5.6971440946436305,21.0,0,-0.5448107464047887,21.661186066547838,20.5,21.5
409.0,21.192250562215314,21.49115400813967,5.69877969465685,21.0,0,-0.49115400813967014,20.954586625488485,20.5,21.5
410.0,21.1891518680418,21.533209191701808,5.7004147625189345,21.0,0,-0.5332091917018076,21.953761027323182,20.5,21.5
411.0,21.186054120620696,21.468052946004683,5.702049296984709,21.0,0,-0.4680529460046827,20.816490489033434,20.5,21.5
412.0,21.18295731965597,21.36958786492969,5.703683296809404,21.0,1,-0.36958786492969153,20.38493705417978,20.5,21.5
413.0,21.1998614648514,21.408522457992483,5.705316760748657,21.0,0,-0.40852245799248266,21.797868388620394,20.5,21.5
414.0,21.196762555910578,21.46617471773492,5.706949687558514,21.0,0,-0.46617471773491914,22.042697315159284,20.5,21.5
415.0,21.19366459333691,21.528181348334783,5.708582075995432,21.0,0,-0.5281813483347833,22.148247654333424,20.5,21.5
416.0,21.19056757683344,21.528064522505932,5.710213924816274,21.0,0,-0.5280645225059324,21.526896264217424,20.5,21.5
417.0,21.187471506103037,21.56476488868413,5.711845232778318,21.0,0,-0.564764888684131,21.931768550466117,20.5,21.5
418.0,21.184376380848374,21.464744074097517,5.71347599863925,21.0,1,-0.46474407409751706,20.464535928231378,20.5,21.5
419.0,21.20128220077193,21.481545137337886,5.715106221157173,21.0,0,-0.4815451373378856,21.64955576974157,20.5,21.5
420.0,21.198184965576008,21.45147903924983,5.716735899090601,21.0,0,-0.45147903924982913,21.150818058369264,20.5,21.5
421.0,21.19508867576271,21.472903072849313,5.718365031198462,21.0,0,-0.4729030728493129,21.68714340884415,20.5,21.5
422.0,21.1919933310338,21.431263782136362,5.719993616240102,21.0,0,-0.4312637821363623,21.014870875006856,20.5,21.5
423.0,21.18889893109084,21.445353354230242,5.7216216529752835,21.0,0,-0.44535335423024236,21.586249075169043,20.5,21.5
424.0,21.185805475635217,21.44211351545024,5.723249140164184,21.0,0,-0.4421135154502416,21.409715127650234,20.5,21.5
425.0,21.182712964368122,21.450733978767445,5.724876076567403,21.0,0,-0.45073397876744536,21.536938611939483,20.5,21.5
426.0,21.179621396990562,21.464748003369778,5.726502460945957,21.0,0,-0.4647480033697775,21.6048882493931,20.5,21.5
427.0,21.176530773203353,21.55457196869694,5.728128292061283,21.0,0,-0.5545719686969406,22.45281162196857,20.5,21.5
428.0,21.173441092707126,21.605391726862198,5.729753568675239,21.0,0,-0.605391726862198,22.113589308514772,20.5,21.5
429.0,21.17035235520232,21.595407815850187,5.731378289550109,21.0,0,-0.5954078158501872,21.49556870573008,20.5,21.5
430.0,21.16726456038919,21.60154268592412,5.733002453448594,21.0,0,-0.6015426859241195,21.662891386663443,20.5,21.5
431.0,21.164177707967802,21.619319369132107,5.734626059133825,21.0,0,-0.6193193691321071,21.797086201211982,20.5,21.5
432.0,21.161091797638036,21.533526333318214,5.736249105369356,21.0,0,-0.5335263333182141,20.675595975179284,20.5,21.5
433.0,21.158006829099584,21.558521056027054,5.737871590919164,21.0,0,-0.5585210560270539,21.808468283115452,20.5,21.5
434.0,21.15492280205195,21.52445420757137,5.739493514547658,21.0,0,-0.5244542075713703,21.183785723014534,20.5,21.5
435.0,21.15183971619445,21.59747860514122,5.741114875019672,21.0,0,-0.5974786051412195,22.327722580839712,20.5,21.5
436.0,21.148757571226213,21.523985662208126,5.742735671100469,21.0,0,-0.5239856622081263,20.789056232877194,20.5,21.5
437.0,21.14567636684619,21.59819755721391,5.7443559015557435,21.0,0,-0.5981975572139113,22.340316507271762,20.5,21.5
438.0,21.14259610275313,21.51011748769455,5.745975565151618,21.0,0,-0.5101174876945507,20.629316792500944,20.5,21.5
439.0,21.13951677864561,21.59406642066719,5.747594660654649,21.0,0,-0.5940664206671897,22.43355575039358,20.5,21.5
440.0,21.13643839422201,21.54178142091005,5.749213186831824,21.0,0,-0.5417814209100484,21.018931423338636,20.5,21.5
441.0,21.133360949180535,21.50599250751068,5.750831142450566,21.0,0,-0.5059925075106797,21.148103373516992,20.5,21.5
442.0,21.13028444321919,21.43925842085743,5.752448526278731,21.0,0,-0.4392584208574313,20.771917554324947,20.5,21.5
443.0,21.1272088760358,21.515763673529353,5.7540653370846115,21.0,0,-0.5157636735293529,22.28081620024857,20.5,21.5
444.0,21.124134247328012,21.416261447210132,5.7556815736369344,21.0,1,-0.4162614472101325,20.421239184017928,20.5,21.5
445.0,21.141060556793274,21.39319953119899,5.757297234704866,21.0,1,-0.39319953119899154,21.162580371087582,20.5,21.5
446.0,21.157983804128857,21.491442266955456,5.75891231905801,21.0,0,-0.4914422669554561,22.473869624520102,20.5,21.5
447.0,21.154903989831844,21.493653267254338,5.7605268254664095,21.0,0,-0.4936532672543379,21.515763270243156,20.5,21.5
448.0,21.15182511439897,21.477817479624683,5.762140752700548,21.0,0,-0.477817479624683,21.319459603328134,20.5,21.5
449.0,21.14874717752663,21.552045357585477,5.763754099531349,21.0,0,-0.5520453575854773,22.29432413719342,20.5,21.5
450.0,21.145670178911033,21.499176461155997,5.765366864730179,21.0,0,-0.49917646115599723,20.970487496861196,20.5,21.5
451.0,21.142594118248198,21.47282641465484,5.766979047068848,21.0,0,-0.47282641465483977,21.209325949643265,20.5,21.5
452.0,21.139518995233963,21.518496896987678,5.768590645319607,21.0,0,-0.5184968969876778,21.975201720316058,20.5,21.5
453.0,21.13644480956398,21.506639117747447,5.770201658255156,21.0,0,-0.5066391177474472,21.38806132534514,20.5,21.5
454.0,21.133371560933718,21.45725515416439,5.771812084648637,21.0,0,-0.45725515416438967,20.963415518333814,20.5,21.5
455.0,21.130299249038462,21.522706777015934,5.7734219232736415,21.0,0,-0.5227067770159337,22.177223005531374,20.5,21.5
456.0,21.127227873573307,21.568048871839352,5.775031172904206,21.0,0,-0.5680488718393519,22.021469820073534,20.5,21.5
457.0,21.124157434233172,21.510738787580568,5.776639832314817,21.0,0,-0.5107387875805678,20.937637944992726,20.5,21.5
458.0,21.12108793071279,21.54023222295219,5.778247900280412,21.0,0,-0.5402322229521914,21.835166576668428,20.5,21.5
459.0,21.118019362706704,21.60489776339105,5.779855375576377,21.0,0,-0.6048977633910511,22.251553167779647,20.5,21.5
460.0,21.11495172990928,21.55914047729684,5.781462256978547,21.0,0,-0.5591404772968396,21.101567616354725,20.5,21.5
461.0,21.111885032014694,21.528637557409958,5.783068543263215,21.0,0,-0.528637557409958,21.223608358541142,20.5,21.5
462.0,21.108819268716942,21.480945042030463,5.784674233207123,21.0,0,-0.48094504203046284,21.00401988823551,20.5,21.5
463.0,21.10575443970984,21.420476896899693,5.786279325587468,21.0,0,-0.42047689689969303,20.815795445591995,20.5,21.5
464.0,21.102690544687018,21.4054838175789,5.787883819181902,21.0,0,-0.40548381757890084,21.25555302437098,20.5,21.5
465.0,21.099627583341917,21.422459436412176,5.789487712768534,21.0,0,-0.42245943641217565,21.592215624744924,20.5,21.5
466.0,21.096565555367803,21.366238542272914,5.79109100512593,21.0,0,-0.36623854227291375,20.804029600880295,20.5,21.5
467.0,21.093504460457755,21.442616672318223,5.792693695033112,21.0,0,-0.44261667231822344,22.20639797277132,20.5,21.5
468.0,21.09044429830467,21.41473295715632,5.794295781269561,21.0,0,-0.4147329571563212,21.1358958055373,20.5,21.5
469.0,21.087385068601264,21.320842094760394,5.79589726261522,21.0,1,-0.32084209476039405,20.381933470801123,20.5,21.5
470.0,21.104326771040068,21.350146774065227,5.797498137850493,21.0,0,-0.35014677406522665,21.643193567113553,20.5,21.5
471.0,21.10126540531343,21.39165342577048,5.79909840575624,21.0,0,-0.39165342577047824,21.806719942822994,20.5,21.5
472.0,21.098204971913518,21.359424495225753,5.80069806511379,21.0,0,-0.3594244952257526,21.037135189778496,20.5,21.5
473.0,21.095145470532156,21.375313512031944,5.802297114704932,21.0,0,-0.3753135120319442,21.53420368009386,20.5,21.5
474.0,21.09208690086099,21.44568628005384,5.8038955533119205,21.0,0,-0.4456862800538417,22.149413960272817,20.5,21.5
475.0,21.08902926259148,21.442249063487385,5.805493379717475,21.0,0,-0.4422490634873846,21.407876897822813,20.5,21.5
476.0,21.085972555414905,21.39339775462185,5.80709059270478,21.0,0,-0.39339775462185145,20.90488466596652,20.5,21.5
477.0,21.082916779022362,21.43380250911362,5.80868719105749,21.0,0,-0.43380250911361884,21.837850054031293,20.5,21.5
478.0,21.07986193310477,21.448783003117953,5.810283173559725,21.0,0,-0.4487830031179527,21.59858794316129,20.5,21.5
479.0,21.07680801735286,21.497709749223702,5.811878538996075,21.0,0,-0.49770974922370215,21.986977210281196,20.5,21.5
480.0,21.07375503145719,21.446950272478915,5.8134732861516,21.0,0,-0.44695027247891517,20.939355505031045,20.5,21.5
481.0,21.070702975108127,21.471560196407175,5.815067413811831,21.0,0,-0.47156019640717517,21.717659435689775,20.5,21.5
482.0,21.06765184799587,21.52958089162497,5.81666092076277,21.0,0,-0.5295808916249705,22.109787843802923,20.5,21.5
483.0,21.064601649810424,21.49331277394907,5.818253805790892,21.0,0,-0.49331277394907147,21.13063159719008,20.5,21.5
484.0,21.06155238024162,21.349914866520443,5.819846067683145,21.0,1,-0.349914866520443,19.91593579223416,20.5,21.5
485.0,21.07850403897911,21.421897189342992,5.821437705226955,21.0,0,-0.42189718934299236,22.141720417568486,20.5,21.5
486.0,21.07545262571236,21.44911851014575,5.823028717210217,21.0,0,-0.44911851014575177,21.721331718173346,20.5,21.5
487.0,21.07240214093066,21.363961898028528,5.82461910242131,21.0,0,-0.36396189802852774,20.512395776856287,20.5,21.5
488.0,21.069352584322957,21.34840703861524,5.826208859649084,21.0,0,-0.3484070386152389,21.19285844448235,20.5,21.5
489.0,21.06630395557802,21.384629019166056,5.827797987682869,21.0,0,-0.38462901916605574,21.746848824674224,20.5,21.5
490.0,21.06325625438444,21.297288456411337,5.829386485312478,21.0,1,-0.29728845641133717,20.42388282886415,20.5,21.5
491.0,21.08020948043063,21.261764743854112,5.830974351328199,21.0,1,-0.26176474385411197,20.90652761828186,20.5,21.5
492.0,21.097159633404807,21.293771240152733,5.8325615845208025,21.0,0,-0.2937712401527328,21.61383620313894,20.5,21.5
493.0,21.094106713795032,21.31720664958725,5.834148183681542,21.0,0,-0.31720664958724853,21.551560743932406,20.5,21.5
494.0,21.09105472208901,21.34248046179382,5.835734147602153,21.0,0,-0.3424804617938193,21.595218583859527,20.5,21.5
495.0,21.088003657974113,21.368122141993698,5.837319475074856,21.0,0,-0.3681221419936982,21.624538943992487,20.5,21.5
496.0,21.084953521137532,21.388354458367864,5.838904164892354,21.0,0,-0.3883544583678642,21.590677622109524,20.5,21.5
497.0,21.081904311266282,21.352626960444727,5.840488215847837,21.0,0,-0.3526269604447272,20.995351981213357,20.5,21.5
498.0,21.0788560280472,21.344860898098,5.842071626734982,21.0,0,-0.34486089809799836,21.26720027463071,20.5,21.5
499.0,21.075808671166936,21.395638764487625,5.843654396347952,21.0,0,-0.39563876448762514,21.903417428383893,20.5,21.5
500.0,21.07276224031197,21.364196010857846,5.8452365234813985,21.0,0,-0.3641960108578459,21.049768474560054,20.5,21.5
501.0,21.069716735168605,21.3451220957805,5.846818006930464,21.0,0,-0.3451220957804999,21.15438294500704,20.5,21.5
502.0,21.066672155422957,21.355793636572184,5.84839884549078,21.0,0,-0.35579363657218366,21.46250904448902,20.5,21.5
503.0,21.06362850076097,21.355389735971052,5.8499790379584695,21.0,0,-0.35538973597105183,21.351350729959734,20.5,21.5
504.0,21.06058577086841,21.349879177003924,5.851558583130146,21.0,0,-0.349879177003924,21.294773587332646,20.5,21.5
505.0,21.057543965430863,21.37380440863469,5.853137479802917,21.0,0,-0.37380440863469033,21.613056724942354,20.5,21.5
506.0,21.05450308413374,21.41600587133768,5.854715726774385,21.0,0,-0.4160058713376813,21.83802049836759,20.5,21.5
507.0,21.051463126662266,21.39389118622927,5.856293322842646,21.0,0,-0.39389118622926844,21.17274433514514,20.5,21.5
508.0,21.048424092701502,21.47583177115194,5.857870266806292,21.0,0,-0.47583177115194175,22.295237620378675,20.5,21.5
509.0,21.045385981936324,21.43665731337832,5.859446557464411,21.0,0,-0.43665731337831915,21.044912735642093,20.5,21.5
510.0,21.042348794051428,21.418957055262638,5.8610221936165905,21.0,0,-0.4189570552626378,21.241954474105825,20.5,21.5
511.0,21.03931252873134,21.418108196686365,5.8625971740629135,21.0,0,-0.4181081966863651,21.409619610923638,20.5,21.5
512.0,21.036277185660406,21.505947452444676,5.864171497603965,21.0,0,-0.5059474524446763,22.38434001002779,20.5,21.5
513.0,21.033242764522797,21.42041686977083,5.8657451630408275,21.0,0,-0.42041686977082904,20.565111043032356,20.5,21.5
514.0,21.0302092650025,21.323336184733712,5.867318169175088,21.0,1,-0.3233361847337122,20.352529334362544,20.5,21.5
515.0,21.047176686783335,21.30650029241574,5.868890514808834,21.0,1,-0.30650029241574117,21.13814136923603,20.5,21.5
516.0,21.06414102954894,21.273611842218955,5.870462198744655,21.0,1,-0.27361184221895485,20.94472734025109,20.5,21.5
517.0,21.081102293782777,21.214421752754895,5.872033219785646,21.0,1,-0.2144217527548946,20.622520858114292,20.5,21.5
518.0,21.098060479967977,21.29091332323575,5.8736035767354045,21.0,0,-0.29091332323574903,22.055829028044293,20.5,21.5
519.0,21.09501558858733,21.347085942915072,5.875173268398037,21.0,0,-0.3470859429150721,21.908812139708303,20.5,21.5
520.0,21.091971620123292,21.37301626196038,5.876742293578155,21.0,0,-0.3730162619603803,21.632319452413462,20.5,21.5
521.0,21.088928574257984,21.376830919087276,5.878310651080877,21.0,0,-0.3768309190872756,21.41497749035623,20.5,21.5
522.0,21.08588645067335,21.35972501282086,5.87987833971183,21.0,0,-0.35972501282086,21.188665950156704,20.5,21.5
523.0,21.082845249051157,21.32111378405253,5.881445358277152,21.0,0,-0.32111378405253177,20.93500149636925,20.5,21.5
524.0,21.079804969073002,21.31371164731916,5.88301170558349,21.0,0,-0.3137116473191597,21.23969027998544,20.5,21.5
525.0,21.076765610420306,21.332649622943784,5.884577380438002,21.0,0,-0.33264962294378364,21.522029379190023,20.5,21.5
526.0,21.07372717277431,21.274605462584915,5.88614238164836,21.0,0,-0.27460546258491547,20.694163858996234,20.5,21.5
527.0,21.070689655816082,21.336937620807287,5.887706708022744,21.0,0,-0.3369376208072872,21.960259203031004,20.5,21.5
528.0,21.067653059226522,21.329684444952083,5.889270358369855,21.0,0,-0.3296844449520826,21.257152686400037,20.5,21.5
529.0,21.06461738268635,21.451331732387768,5.890833331498904,21.0,0,-0.4513317323877679,22.66780460674462,20.5,21.5
530.0,21.061582625876113,21.48893524320004,5.892395626219617,21.0,0,-0.48893524320003934,21.864970351322754,20.5,21.5
531.0,21.05854878847618,21.544083033467867,5.8939572413422425,21.0,0,-0.5440830334678672,22.095560936146146,20.5,21.5
532.0,21.055515870166754,21.474099580986376,5.895518175677539,21.0,0,-0.47409958098637617,20.774265056171465,20.5,21.5
533.0,21.052483870627857,21.514896913077127,5.89707842803679,21.0,0,-0.514896913077127,21.922870233984636,20.5,21.5
534.0,21.049452789539338,21.40278665637536,5.898637997231793,21.0,1,-0.4027866563753584,20.28168408935767,20.5,21.5
535.0,21.066422626580877,21.350554065519113,5.90019688207487,21.0,1,-0.3505540655191126,20.828228156956655,20.5,21.5
536.0,21.083389381431974,21.31244286099684,5.9017550813788615,21.0,1,-0.31244286099683904,20.931330815774103,20.5,21.5
537.0,21.100353054571965,21.35973583873206,5.903312593957131,21.0,0,-0.3597358387320604,21.832665616084274,20.5,21.5
538.0,21.097313646479844,21.292570858296063,5.904869418623566,21.0,0,-0.2925708582960631,20.62092105393609,20.5,21.5
539.0,21.09427515763427,21.325072699668446,5.906425554192575,21.0,0,-0.3250726996684463,21.65009111339228,20.5,21.5
540.0,21.091237587713582,21.32854159985903,5.9079809994790935,21.0,0,-0.32854159985902953,21.36323060176486,20.5,21.5
541.0,21.088200936395936,21.362313389352835,5.9095357532985835,21.0,0,-0.36231338935283475,21.700031284290887,20.5,21.5
542.0,21.085165203359317,21.364910670230127,5.911089814467031,21.0,0,-0.36491067023012747,21.390883479003055,20.5,21.5
543.0,21.082130388281538,21.398248659659718,5.912643181800951,21.0,0,-0.3982486596597177,21.73162855395562,20.5,21.5
544.0,21.079096490840243,21.41282371572771,5.914195854117389,21.0,0,-0.41282371572771126,21.558574276407647,20.5,21.5
545.0,21.0760635107129,21.412967916900374,5.915747830233913,21.0,0,-0.4129679169003744,21.414409928627006,20.5,21.5
546.0,21.073031447576803,21.42743925107238,5.9172991089686295,21.0,0,-0.42743925107237857,21.57215259279242,20.5,21.5
547.0,21.07000030110908,21.325011151249022,5.918849689140171,21.0,1,-0.32501115124902213,20.300730153015458,20.5,21.5
548.0,21.086970070986684,21.3010066898254,5.920399569567703,21.0,1,-0.3010066898253996,21.060962075589174,20.5,21.5
549.0,21.1039367568864,21.233151589953973,5.921948749070925,21.0,1,-0.23315158995397312,20.55460059123971,20.5,21.5
550.0,21.12090035928484,21.204005152580372,5.923497226470068,21.0,1,-0.20400515258037188,20.91254077884436,20.5,21.5
551.0,21.137860878658277,21.17885173989406,5.9250450005859,21.0,1,-0.17885173989406056,20.927317613030947,20.5,21.5
552.0,21.15481831548266,21.33327060322589,5.926592070239724,21.0,0,-0.3332706032258912,22.877459236544198,20.5,21.5
553.0,21.151772670233612,21.347810415780646,5.928138434253378,21.0,0,-0.3478104157806463,21.493208541328197,20.5,21.5
554.0,21.148727943386415,21.37851274495698,5.929684091449239,21.0,0,-0.3785127449569785,21.6855360367203,20.5,21.5
555.0,21.14568413461603,21.44609236063014,5.931229040650223,21.0,0,-0.44609236063013924,22.121888517361747,20.5,21.5
556.0,21.142641243597236,21.427849858597945,5.932773280679783,21.0,0,-0.4278498585979449,21.245424838276,20.5,21.5
557.0,21.139599270004652,21.34086187973343,5.934316810361912,21.0,1,-0.3408618797334313,20.470982091088295,20.5,21.5
558.0,21.156558213512724,21.338253879992713,5.935859628521147,21.0,1,-0.3382538799927133,21.312173882585533,20.5,21.5
559.0,21.173514073795726,21.368371543627138,5.937401733982563,21.0,0,-0.36837154362713775,21.669548179971382,20.5,21.5
560.0,21.170466851327763,21.261786308896905,5.9389431255717815,21.0,1,-0.26178630889690524,20.19593396159458,20.5,21.5
561.0,21.18742054658261,21.34909449094159,5.940483802114964,21.0,0,-0.34909449094158873,22.222176311388424,20.5,21.5
562.0,21.184371159233716,21.365890770655565,5.94202376243882,21.0,0,-0.3658907706555645,21.533853567795322,20.5,21.5
563.0,21.181322689754357,21.404179058381043,5.943563005370601,21.0,0,-0.4041790583810432,21.78706193563583,20.5,21.5
564.0,21.17827513781748,21.492985472510828,5.945101529738108,21.0,0,-0.4929854725108278,22.381049613808674,20.5,21.5
565.0,21.175228503095862,21.550011286308028,5.946639334369687,21.0,0,-0.5500112863080275,22.120269424280025,20.5,21.5
566.0,21.172182785262116,21.512643819312203,5.948176418094232,21.0,0,-0.5126438193122027,21.138969149353954,20.5,21.5
567.0,21.169137983988684,21.4542493410367,5.949712779741189,21.0,0,-0.4542493410367001,20.870304558281674,20.5,21.5
568.0,21.166094098947834,21.44560552559791,5.95124841814055,21.0,0,-0.4456055255979088,21.359167371209995,20.5,21.5
569.0,21.163051129811674,21.344312157626867,5.952783332122861,21.0,1,-0.3443121576268666,20.331378477916445,20.5,21.5
570.0,21.180009076252137,21.31762858011363,5.954317520519217,21.0,1,-0.31762858011363093,21.050792804981274,20.5,21.5
571.0,21.19696393794099,21.335703699652065,5.955850982161267,21.0,0,-0.3357036996520648,21.516454895036404,20.5,21.5
572.0,21.19391571534983,21.42125980383968,5.957383715881214,21.0,0,-0.4212598038396784,22.276820845715815,20.5,21.5
573.0,21.19086840894994,21.44596685119749,5.958915720511813,21.0,0,-0.4459668511974897,21.693037324775602,20.5,21.5
574.0,21.187822018412252,21.49542556795472,5.960446994886378,21.0,0,-0.4954255679547188,21.99001273552701,20.5,21.5
575.0,21.184776543407548,21.655003575600404,5.961977537838775,21.0,0,-0.6550035756004036,23.25078365205725,20.5,21.5
576.0,21.181731983606433,21.68663174303463,5.96350734820343,21.0,0,-0.6866317430346314,22.00291341737691,20.5,21.5
577.0,21.17868833867935,21.618244009066434,5.9650364248153265,21.0,0,-0.6182440090664336,20.934366669384456,20.5,21.5
578.0,21.175645608296577,21.661413495364748,5.966564766510005,21.0,0,-0.6614134953647479,22.09310835834789,20.5,21.5
579.0,21.17260379212822,21.65709088846781,5.968092372123566,21.0,0,-0.6570908884678097,21.613864819498428,20.5,21.5
580.0,21.16956288984422,21.564807236935593,5.969619240492674,21.0,0,-0.564807236935593,20.641970721613426,20.5,21.5
581.0,21.166522901114348,21.516044667914638,5.9711453704545505,21.0,0,-0.5160446679146382,21.02841897770509,20.5,21.5
582.0,21.163483825608218,21.537976500473633,5.972670760846981,21.0,0,-0.5379765004736328,21.75729482606358,20.5,21.5
583.0,21.160445662995265,21.47782570882335,5.974195410508315,21.0,0,-0.4778257088233495,20.876317792320517,20.5,21.5
584.0,21.15740841294477,21.45858417672454,5.9757193182774655,21.0,0,-0.4585841767245391,21.266168855736435,20.5,21.5
585.0,21.154372075125835,21.477274222550697,5.97724248299391,21.0,0,-0.4772742225506974,21.66417468081228,20.5,21.5
586.0,21.15133664920741,21.41418718506406,5.978764903497693,21.0,0,-0.4141871850640584,20.783316810197668,20.5,21.5
587.0,21.148302134858266,21.399434394993346,5.980286578629424,21.0,0,-0.3994343949933459,21.25190649428622,20.5,21.5
588.0,21.14526853174702,21.44501862270729,5.981807507230282,21.0,0,-0.4450186227072912,21.900860899846744,20.5,21.5
589.0,21.142235839542117,21.522990838078584,5.983327688142013,21.0,0,-0.5229908380785844,22.302712991791516,20.5,21.5
590.0,21.139204057911837,21.368554434701846,5.984847120206934,21.0,1,-0.3685544347018457,19.82419040093446,20.5,21.5
591.0,21.156173186524295,21.368475373897866,5.986365802267931,21.0,1,-0.36847537389786567,21.367684765858066,20.5,21.5
592.0,21.173139225047443,21.37302734690156,5.987883733168462,21.0,1,-0.3730273469015586,21.418547076938488,20.5,21.5
593.0,21.190102173949068,21.34753384574443,5.989400911752556,21.0,1,-0.34753384574442947,21.09259883417314,20.5,21.5
594.0,21.20706203369663,21.267889140337196,5.990917336864815,21.0,1,-0.26788914033719635,20.471442086264865,20.5,21.5
595.0,21.224018804757264,21.391880921450188,5.992433007350416,21.0,0,-0.3918809214501877,22.6317987325801,20.5,21.5
596.0,21.220972487597784,21.509440176372173,5.993947922055111,21.0,0,-0.5094401763721734,22.68503272559203,20.5,21.5
597.0,21.217927082684675,21.563103622221366,5.9954620798252245,21.0,0,-0.5631036222213659,22.09973808071329,20.5,21.5
598.0,21.214882589684102,21.485422349438384,5.99697547950766,21.0,0,-0.4854223494383838,20.708609621608563,20.5,21.5
599.0,21.211839008262068,21.54188197408514,5.9984881199499,21.0,0,-0.5418819740851397,22.1064782205527,20.5,21.5
600.0,21.208796338084404,21.574333108303758,6.0,21.0,0,-0.5743331083037582,21.898844450489943,20.5,21.5
601.0,21.205754578816787,21.530564209193603,6.001511118506599,21.0,0,-0.5305642091936029,21.09287521809205,20.5,21.5
602.0,21.202713730124724,21.509857122941895,6.003021474318914,21.0,0,-0.5098571229418951,21.302786260424817,20.5,21.5
603.0,21.199673791673565,21.515800973608197,6.004531066286745,21.0,0,-0.5158009736081972,21.575239480271218,20.5,21.5
604.0,21.196634763128486,21.4059262758636,6.0060398932604695,21.0,1,-0.40592627586359953,20.307179298417623,20.5,21.5
605.0,21.213596644154514,21.36327394715809,6.007547954091052,21.0,1,-0.36327394715808836,20.936750660102977,20.5,21.5
606.0,21.2305554344165,21.37834707216077,6.009055247630038,21.0,0,-0.37834707216077135,21.5290783221876,20.5,21.5
607.0,21.227511134379146,21.46435208400114,6.010561772729559,21.0,0,-0.46435208400113837,22.32440220240481,20.5,21.5
608.0,21.224467744506814,21.488967263698395,6.012067528242327,21.0,0,-0.48896726369839527,21.735119060670964,20.5,21.5
609.0,21.221425264463562,21.554388620709524,6.013572513021648,21.0,0,-0.5543886207095241,22.208602190820812,20.5,21.5
610.0,21.218383693913275,21.602770301743067,6.015076725921408,21.0,0,-0.6027703017430674,22.0865871120785,20.5,21.5
611.0,21.215343032519677,21.613934919672147,6.016580165796085,21.0,0,-0.6139349196721469,21.72558109896294,20.5,21.5
612.0,21.212303279946333,21.48678486645527,6.018082831500743,21.0,1,-0.4867848664552703,20.215284334286505,20.5,21.5
613.0,21.229264435856646,21.493775057751574,6.019584721891037,21.0,0,-0.4937750577515736,21.563676970714607,20.5,21.5
614.0,21.226222499913852,21.483746769030432,6.021085835823211,21.0,0,-0.48374676903043223,21.38346388181902,20.5,21.5
615.0,21.223181472581036,21.432868710655633,6.022586172154104,21.0,0,-0.43286871065563304,20.92408812690764,20.5,21.5
616.0,21.22014135352095,21.430458988163902,6.024085729741143,21.0,0,-0.4304589881639025,21.406361763246597,20.5,21.5
617.0,21.217102142396197,21.506677926830715,6.02558450744235,21.0,0,-0.5066779268307151,22.26886731349884,20.5,21.5
618.0,21.214063838869205,21.48051360727129,6.02708250411634,21.0,0,-0.4805136072712912,21.218870411677052,20.5,21.5
619.0,21.211026442602254,21.483982673931358,6.028579718622325,21.0,0,-0.48398267393135797,21.518673340532025,20.5,21.5
620.0,21.207989953257457,21.47899483897569,6.0300761498201085,21.0,0,-0.47899483897569084,21.42911648941902,20.5,21.5
621.0,21.20495437049677,21.456965109115096,6.031571796570095,21.0,0,-0.4569651091150959,21.236667810509147,20.5,21.5
622.0,21.20191969398198,21.408281629306334,6.033066657733284,21.0,0,-0.4082816293063338,20.921446831218713,20.5,21.5
623.0,21.198885923374732,21.44574959411997,6.034560732171273,21.0,0,-0.4457495941199703,21.820429242256335,20.5,21.5
624.0,21.195853058336493,21.413295480166916,6.036054018746261,21.0,0,-0.41329548016691575,21.08875434063637,20.5,21.5
625.0,21.192821098528576,21.49896058004204,6.037546516321043,21.0,0,-0.49896058004204136,22.355611578793297,20.5,21.5
626.0,21.189790043612135,21.502134184485417,6.039038223759019,21.0,0,-0.502134184485417,21.533870228919174,20.5,21.5
627.0,21.186759893248166,21.53595192124585,6.040529139924188,21.0,0,-0.5359519212458501,21.87412928885018,20.5,21.5
628.0,21.1837306470975,21.52002416810316,6.042019263681153,21.0,0,-0.5200241681031592,21.36074663667625,20.5,21.5
629.0,21.18070230482082,21.49235643521812,6.043508593895119,21.0,0,-0.4923564352181202,21.21567910636773,20.5,21.5
630.0,21.177674866078632,21.45235373470871,6.044997129431898,21.0,0,-0.45235373470870854,21.05232672961459,20.5,21.5
631.0,21.1746483305313,21.421647011904724,6.046484869157903,21.0,0,-0.4216470119047244,21.114579783864883,20.5,21.5
632.0,21.171622697839027,21.44004512343053,6.047971811940158,21.0,0,-0.4400451234305294,21.62402623868858,20.5,21.5
633.0,21.168597967661846,21.477250984720644,6.04945795664629,21.0,0,-0.4772509847206443,21.849309597621794,20.5,21.5
634.0,21.165574139659643,21.555252629044645,6.050943302144535,21.0,0,-0.5552526290446451,22.335269072284653,20.5,21.5
635.0,21.16255121349214,21.54421190620747,6.052427847303739,21.0,0,-0.5442119062074688,21.433804677835706,20.5,21.5
636.0,21.1595291888189,21.549044292844847,6.053911590993355,21.0,0,-0.5490442928448473,21.597368159218632,20.5,21.5
637.0,21.156508065299334,21.433341357573713,6.055394532083448,21.0,1,-0.4333413575737133,20.276312004862373,20.5,21.5
638.0,21.173487842592692,21.416727153462,6.056876669444694,21.0,1,-0.4167271534619985,21.25058511234485,20.5,21.5
639.0,21.190464520358063,21.40615649638847,6.058358001948381,21.0,1,-0.4061564963884692,21.300449925653176,20.5,21.5
640.0,21.207438099054382,21.36138932815732,6.059838528466409,21.0,1,-0.36138932815731906,20.913717645845818,20.5,21.5
641.0,21.224408579140263,21.40021071883509,6.061318247871295,21.0,0,-0.4002107188350905,21.788424625612805,20.5,21.5
642.0,21.22137596107401,21.45468950154234,6.062797159036165,21.0,0,-0.4546895015423402,21.999477328614837,20.5,21.5
643.0,21.218344245313602,21.45248980030545,6.064275260834767,21.0,0,-0.4524898003054503,21.43049278793655,20.5,21.5
644.0,21.215313431516705,21.472809078578223,6.0657525521414595,21.0,0,-0.47280907857822285,21.67600186130595,20.5,21.5
645.0,21.21228351934083,21.46437967622399,6.067229031831223,21.0,0,-0.46437967622399157,21.38008565268168,20.5,21.5
646.0,21.209254508443326,21.492092809833995,6.068704698779653,21.0,0,-0.49209280983399495,21.76922414593403,20.5,21.5
647.0,21.206226398481395,21.49351797290178,6.070179551862964,21.0,0,-0.4935179729017811,21.507769603579643,20.5,21.5
648.0,21.20319918911207,21.533975776280037,6.071653589957993,21.0,0,-0.5339757762800375,21.9385538100626,20.5,21.5
649.0,21.200172879992238,21.53331624506969,6.0731268119421955,21.0,0,-0.5333162450696918,21.526720932966235,20.5,21.5
650.0,21.197147470778628,21.526407013875108,6.074599216693647,21.0,0,-0.526407013875108,21.45731470192927,20.5,21.5
651.0,21.19412296112781,21.520105610480808,6.07607080309105,21.0,0,-0.5201056104808082,21.45709157653781,20.5,21.5
652.0,21.191099350696202,21.50477290749121,6.077541570013726,21.0,0,-0.5047729074912084,21.35144587759521,20.5,21.5
653.0,21.188076639140064,21.434710336933215,6.079011516341622,21.0,0,-0.4347103369332146,20.734084631353277,20.5,21.5
654.0,21.185054826115504,21.358096134787107,6.08048064095531,21.0,0,-0.35809613478710745,20.591954113326036,20.5,21.5
655.0,21.182033911278474,21.435213720404036,6.081948942735988,21.0,0,-0.43521372040403605,22.206389576573322,20.5,21.5
656.0,21.179013894284765,21.3078409910883,6.083416420565479,21.0,1,-0.30784099108830176,20.03411369793096,20.5,21.5
657.0,21.19599477479002,21.330581734842045,6.084883073326237,21.0,0,-0.33058173484204545,21.557989172379482,20.5,21.5
658.0,21.192972552449728,21.38047393727887,6.086348899901341,21.0,0,-0.3804739372788717,21.879395961647134,20.5,21.5
659.0,21.189951227719217,21.436917771303815,6.087813899174501,21.0,0,-0.4369177713038148,22.001356111553246,20.5,21.5
660.0,21.186930800253506,21.368788848593493,6.089278070030054,21.0,0,-0.3687888485934927,20.68749962149027,20.5,21.5
661.0,21.183911269707462,21.46240366192744,6.0907414113529725,21.0,0,-0.4624036619274392,22.398551795266904,20.5,21.5
662.0,21.18089263573579,21.43178042764894,6.092203922028858,21.0,0,-0.4317804276489383,21.12554808486393,20.5,21.5
663.0,21.17787489799305,21.512689356866552,6.093665600943945,21.0,0,-0.5126893568665523,22.32177864904269,20.5,21.5
664.0,21.17485805613364,21.408605742436357,6.0951264469851,21.0,1,-0.4086057424363574,20.36776959813441,20.5,21.5
665.0,21.191842109811812,21.43780704041442,6.096586459039828,21.0,0,-0.43780704041441965,21.729820020195042,20.5,21.5
666.0,21.18882305868166,21.418973850783953,6.098045635996264,21.0,0,-0.4189738507839529,21.230641954479285,20.5,21.5
667.0,21.185804903197123,21.457232532095393,6.099503976743181,21.0,0,-0.45723253209539294,21.839819345209794,20.5,21.5
668.0,21.18278764301183,21.303343179923864,6.100961480169991,21.0,1,-0.30334317992386417,19.764449658208576,20.5,21.5
669.0,21.199771277779263,21.402242989952803,6.102418145166741,21.0,0,-0.4022429899528035,22.391241090242197,20.5,21.5
670.0,21.19675180715274,21.50333959494372,6.103873970624116,21.0,0,-0.5033395949437214,22.5143056448529,20.5,21.5
671.0,21.193733231585433,21.545879337796645,6.105328955433444,21.0,0,-0.5458793377966451,21.971276766325882,20.5,21.5
672.0,21.190715550730204,21.540416772587868,6.106783098486688,21.0,0,-0.5404167725878679,21.485791120500096,20.5,21.5
673.0,21.187698764239755,21.600855403613522,6.108236398676457,21.0,0,-0.6008554036135223,22.205241713870066,20.5,21.5
674.0,21.184682871766643,21.5695347688293,6.109688854895999,21.0,0,-0.5695347688292998,21.256328420987074,20.5,21.5
675.0,21.18166787296327,21.429546697148577,6.111140466039204,21.0,1,-0.4295466971485773,20.029665980341353,20.5,21.5
676.0,21.198653767481886,21.399864310581354,6.11259123100061,21.0,1,-0.3998643105813535,21.103040444909116,20.5,21.5
677.0,21.21563655497459,21.360318622508267,6.114041148675393,21.0,1,-0.36031862250826663,20.964861741777398,20.5,21.5
678.0,21.23261623589333,21.367350573074905,6.11549021795938,21.0,1,-0.36735057307490493,21.437670078741288,20.5,21.5
679.0,21.249592810689744,21.402749311664316,6.116938437749042,21.0,0,-0.4027493116643157,21.756736697558424,20.5,21.5
680.0,21.246566279815156,21.422337147664983,6.118385806941494,21.0,0,-0.4223371476649831,21.618215507671657,20.5,21.5
681.0,21.243540643720582,21.466046281675208,6.119832324434503,21.0,0,-0.466046281675208,21.903137621777457,20.5,21.5
682.0,21.240515902056725,21.42684759664714,6.121277989126483,21.0,0,-0.4268475966471392,21.03486074636645,20.5,21.5
683.0,21.23749205447414,21.43734971670322,6.122722799916498,21.0,0,-0.43734971670322054,21.542370917264034,20.5,21.5
684.0,21.234469100623226,21.460698456567734,6.124166755704261,21.0,0,-0.46069845656773367,21.694185855212865,20.5,21.5
685.0,21.231447040154244,21.48638687661209,6.125609855390137,21.0,0,-0.4863868766120909,21.743271077055663,20.5,21.5
686.0,21.228425872717292,21.513244215621786,6.1270520978751435,21.0,0,-0.5132442156217856,21.781817605718732,20.5,21.5
687.0,21.22540559796232,21.63749209308402,6.128493482060948,21.0,0,-0.6374920930840204,22.87997086770637,20.5,21.5
688.0,21.222386215539142,21.66698376906083,6.129934006849876,21.0,0,-0.6669837690608311,21.961900528828938,20.5,21.5
689.0,21.219367725097406,21.596073391311727,6.131373671144904,21.0,0,-0.5960733913117267,20.886969613820682,20.5,21.5
690.0,21.216350126286617,21.707294780081284,6.132812473849666,21.0,0,-0.7072947800812841,22.81950866777686,20.5,21.5
691.0,21.21333341875613,21.631535292125882,6.1342504138684495,21.0,0,-0.6315352921258821,20.873940412571862,20.5,21.5
692.0,21.21031760215515,21.589240831952395,6.135687490106203,21.0,0,-0.5892408319523952,21.166296230217526,20.5,21.5
693.0,21.20730267613274,21.54120437453127,6.137123701468528,21.0,0,-0.5412043745312687,21.060839800320004,20.5,21.5
694.0,21.204288640337808,21.566637151031383,6.138559046861689,21.0,0,-0.566637151031383,21.820964916032526,20.5,21.5
695.0,21.20127549441911,21.414328747083204,6.139993525192606,21.0,1,-0.41432874708320355,19.89124470760141,20.5,21.5
696.0,21.218263238025266,21.383572466830564,6.141427135368863,21.0,1,-0.38357246683056445,21.076009664304173,20.5,21.5
697.0,21.235247870804734,21.473912333193994,6.1428598762987034,21.0,0,-0.4739123331939936,22.377310996828285,20.5,21.5
698.0,21.232229393205834,21.504094840947694,6.1442917468910325,21.0,0,-0.504094840947694,21.805919918484697,20.5,21.5
699.0,21.22921180567657,21.55746866143271,6.145722746055418,21.0,0,-0.5574686614327113,22.091206866282885,20.5,21.5
700.0,21.226195107864648,21.65871874167988,6.147152872702092,21.0,0,-0.6587187416798805,22.671219544151572,20.5,21.5
701.0,21.223179299417616,21.686279637501137,6.148582125741951,21.0,0,-0.6862796375011371,21.961888595713702,20.5,21.5
702.0,21.22016437998288,21.63080805659525,6.150010504086557,21.0,0,-0.6308080565952494,21.076092247536373,20.5,21.5
703.0,21.2171503492077,21.624968187802036,6.151438006648137,21.0,0,-0.6249681878020361,21.566569499869903,20.5,21.5
704.0,21.21413720673919,21.61914307070579,6.152864632339586,21.0,0,-0.619143070705789,21.560891899743318,20.5,21.5
705.0,21.21112495222431,21.555425010951264,6.1542903800744675,21.0,0,-0.5554250109512644,20.91824441340602,20.5,21.5
706.0,21.20811358530988,21.577436826166302,6.15571524876701,21.0,0,-0.5774368261663021,21.79755497831668,20.5,21.5
707.0,21.20510310564257,21.597824328776404,6.157139237332117,21.0,0,-0.5978243287764045,21.801699354877428,20.5,21.5
708.0,21.20209351286891,21.562715480959174,6.1585623446853575,21.0,0,-0.5627154809591737,21.211627002786866,20.5,21.5
709.0,21.199084806635273,21.53855773928003,6.159984569742974,21.0,0,-0.53855773928003,21.296980322488594,20.5,21.5
710.0,21.196076986587894,21.514960388820498,6.1614059114218795,21.0,0,-0.5149603888204979,21.278986884225176,20.5,21.5
711.0,21.19307005237286,21.504231045635677,6.162826368639661,21.0,0,-0.5042310456356773,21.396937613787472,20.5,21.5
712.0,21.190064003636113,21.41027717055069,6.164245940314579,21.0,1,-0.4102771705506889,20.470738419700805,20.5,21.5
713.0,21.20705884002345,21.42468075182127,6.165664625365567,21.0,0,-0.4246807518212705,21.568716564527087,20.5,21.5
714.0,21.20405056118052,21.4581516630799,6.167082422712235,21.0,0,-0.4581516630798994,21.79286077566619,20.5,21.5
715.0,21.201043167552825,21.458441339786184,6.168499331274869,21.0,0,-0.45844133978618373,21.461338106849027,20.5,21.5
716.0,21.19803665878557,21.423158064371925,6.169915349974431,21.0,0,-0.4231580643719255,21.070325310229343,20.5,21.5
717.0,21.195031034523804,21.441669323287122,6.171330477732561,21.0,0,-0.4416693232871225,21.626781912439093,20.5,21.5
718.0,21.192026294412447,21.44452467248501,6.1727447134715785,21.0,0,-0.4445246724850094,21.473078164463878,20.5,21.5
719.0,21.18902243809626,21.47567730386565,6.17415805611448,21.0,0,-0.4756773038656483,21.787203617672038,20.5,21.5
720.0,21.186019465219864,21.55524712582802,6.175570504584947,21.0,0,-0.5552471258280214,22.350945345451752,20.5,21.5
721.0,21.183017375427738,21.630835650151873,6.176982057807334,21.0,0,-0.630835650151873,22.38672089339039,20.5,21.5
722.0,21.180016168364215,21.75585929878722,6.178392714706684,21.0,0,-0.7558592987872217,23.006095785140708,20.5,21.5
723.0,21.177015843673484,21.735787712215377,6.179802474208721,21.0,0,-0.7357877122153766,21.535071846496926,20.5,21.5
724.0,21.17401640099959,21.713105331910356,6.181211335239851,21.0,0,-0.7131053319103557,21.486281528860147,20.5,21.5
725.0,21.17101783998644,21.677988535691313,6.1826192967271645,21.0,0,-0.6779885356913127,21.326820573500882,20.5,21.5
726.0,21.168020160277788,21.689620590633556,6.184026357598439,21.0,0,-0.689620590633556,21.80594114005599,20.5,21.5
727.0,21.165023361517253,21.601625106726765,6.185432516782136,21.0,0,-0.6016251067267646,20.72167026765885,20.5,21.5
728.0,21.162027443348308,21.63439361353183,6.186837773207403,21.0,0,-0.6343936135318309,21.962078681582494,20.5,21.5
729.0,21.15903240541428,21.655493496803434,6.188242125804077,21.0,0,-0.6554934968034338,21.866492329519463,20.5,21.5
730.0,21.156038247358357,21.624343909789197,6.189645573502682,21.0,0,-0.6243439097891965,21.312848039646823,20.5,21.5
731.0,21.153044968823586,21.546445471613673,6.191048115234433,21.0,0,-0.5464454716136729,20.767461089858436,20.5,21.5
732.0,21.150052569452868,21.523272687734426,6.192449749931232,21.0,0,-0.5232726877344263,21.29154484894196,20.5,21.5
733.0,21.147061048888965,21.56198048173506,6.1938504765256726,21.0,0,-0.5619804817350591,21.949058421741388,20.5,21.5
734.0,21.144070406774492,21.518477458492463,6.195250293951043,21.0,0,-0.5184774584924625,21.083447226066497,20.5,21.5
735.0,21.141080642751927,21.554489842038862,6.196649201141318,21.0,0,-0.554489842038862,21.914613677502857,20.5,21.5
736.0,21.138091756463606,21.53080450643011,6.198047197031172,21.0,0,-0.5308045064301083,21.293951150342572,20.5,21.5
737.0,21.13510374755172,21.560491314375835,6.199444280555968,21.0,0,-0.5604913143758345,21.857359393833097,20.5,21.5
738.0,21.132116615658322,21.40414844848207,6.200840450651768,21.0,1,-0.40414844848206855,19.84071978954441,20.5,21.5
739.0,21.14913036042532,21.293552862527356,6.202235706255326,21.0,1,-0.29355286252735624,20.187597002980233,20.5,21.5
740.0,21.166140981494486,21.20567847557995,6.203630046304096,21.0,1,-0.20567847557995123,20.3269346061059,20.5,21.5
741.0,21.183148479307448,21.27632517492573,6.2050234697362265,21.0,0,-0.2763251749257307,21.982792168383526,20.5,21.5
742.0,21.180152854305533,21.213158357123252,6.206415975490565,21.0,0,-0.21315835712325182,20.581490179098463,20.5,21.5
743.0,21.17715810692977,21.229684585012702,6.207807562506657,21.0,0,-0.22968458501270206,21.394946863907204,20.5,21.5
744.0,21.174164236820886,21.285787122029493,6.209198229724749,21.0,0,-0.2857871220294932,21.846812492197405,20.5,21.5
745.0,21.171171243619465,21.266959228066046,6.2105879760857885,21.0,0,-0.266959228066046,21.078680288431574,20.5,21.5
746.0,21.16817912696596,21.26921818812621,6.211976800531422,21.0,0,-0.2692181881262101,21.29180778872785,20.5,21.5
747.0,21.16518788650067,21.331779331883062,6.213364702003999,21.0,0,-0.3317793318830624,21.957390769451585,20.5,21.5
748.0,21.16219752186377,21.479914236576967,6.214751679446573,21.0,0,-0.47991423657696686,22.96126328351601,20.5,21.5
749.0,21.159208032695286,21.500185374391904,6.216137731802901,21.0,0,-0.5001853743919042,21.702896752541278,20.5,21.5
750.0,21.156219418635107,21.524299332942356,6.217522858017441,21.0,0,-0.5242993329423555,21.76543891844687,20.5,21.5
751.0,21.153231679322985,21.448154885681372,6.218907057035362,21.0,0,-0.4481548856813724,20.68671041307154,20.5,21.5
752.0,21.150244814398526,21.4756231792172,6.220290327802536,21.0,0,-0.47562317921720165,21.750306114575494,20.5,21.5
753.0,21.147258823501208,21.449749516343115,6.22167266926554,21.0,0,-0.44974951634311466,21.191012887602245,20.5,21.5
754.0,21.14427370627036,21.444697618380538,6.2230540803716625,21.0,0,-0.44469761838053756,21.394178638754767,20.5,21.5
755.0,21.14128946234518,21.44784273093719,6.224434560068898,21.0,0,-0.4478427309371895,21.47929385650371,20.5,21.5
756.0,21.138306091364726,21.534724977518604,6.225814107305953,21.0,0,-0.5347249775186036,22.403547443332744,20.5,21.5
757.0,21.135323592967914,21.51614451757846,6.227192721032241,21.0,0,-0.5161445175784607,21.33033991817703,20.5,21.5
758.0,21.132341966793526,21.459358536610342,6.228570400197887,21.0,0,-0.45935853661034187,20.891498726929154,20.5,21.5
759.0,21.129361212480205,21.470477006194095,6.229947143753728,21.0,0,-0.4704770061940948,21.581661702031624,20.5,21.5
760.0,21.12638132966646,21.51428825080463,6.231322950651316,21.0,0,-0.5142882508046291,21.952400696909972,20.5,21.5
761.0,21.12340231799066,21.4751284511141,6.2326978198429135,21.0,0,-0.47512845111409874,21.083530454208795,20.5,21.5
762.0,21.12042417709103,21.426473930494048,6.2340717502814975,21.0,0,-0.4264739304940477,20.939928724293537,20.5,21.5
763.0,21.117446906605668,21.40598613877365,6.23544474092076,21.0,0,-0.405986138773649,21.201108221569662,20.5,21.5
764.0,21.11447050617253,21.407087329738665,6.236816790715109,21.0,0,-0.40708732973866546,21.41809923938883,20.5,21.5
765.0,21.111494975429437,21.437852423119885,6.2381878986196675,21.0,0,-0.43785242311988526,21.745503356932083,20.5,21.5
766.0,21.108520314014076,21.428419301651214,6.23955806359028,21.0,0,-0.4284193016512141,21.334088086964503,20.5,21.5
767.0,21.10554652156399,21.38087088932874,6.240927284583504,21.0,0,-0.38087088932874025,20.905386766104,20.5,21.5
768.0,21.102573597716596,21.381361496343107,6.24229556055662,21.0,0,-0.3813614963431071,21.386267566486776,20.5,21.5
769.0,21.099601542109163,21.376666434955375,6.2436628904676255,21.0,0,-0.376666434955375,21.329715821078054,20.5,21.5
770.0,21.096630354378835,21.273215881208607,6.2450292732752395,21.0,1,-0.27321588120860696,20.238710343740927,20.5,21.5
771.0,21.113660034162613,21.264578993727376,6.246394707938901,21.0,1,-0.26457899372737614,21.178210118915068,20.5,21.5
772.0,21.13068658109737,21.324076410391243,6.247759193418772,21.0,0,-0.3240764103912426,21.919050577029907,20.5,21.5
773.0,21.12770999561983,21.37408504416381,6.249122728675739,21.0,0,-0.3740850441638095,21.87417138188948,20.5,21.5
774.0,21.124734278166443,21.33048239042369,6.25048531267141,21.0,0,-0.33048239042368976,20.894455853022492,20.5,21.5
775.0,21.121759428373345,21.41060752981933,6.251846944368118,21.0,0,-0.41060752981933035,22.211858923775736,20.5,21.5
776.0,21.118785445876544,21.36055367125567,6.253207622728921,21.0,0,-0.3605536712556692,20.860015085619057,20.5,21.5
777.0,21.115812330311915,21.317662484051077,6.254567346717603,21.0,0,-0.3176624840510769,20.888750612005154,20.5,21.5
778.0,21.112840081315195,21.333710790846844,6.255926115298676,21.0,0,-0.33371079084684396,21.494193858804515,20.5,21.5
779.0,21.109868698521993,21.411504626050974,6.257283927437378,21.0,0,-0.4115046260509736,22.18944297809227,20.5,21.5
780.0,21.106898181567775,21.393791466944702,6.258640782099675,21.0,0,-0.3937914669447018,21.216659875881984,20.5,21.5
781.0,21.10392853008788,21.431223949308183,6.259996678252264,21.0,0,-0.4312239493081833,21.805548772943,20.5,21.5
782.0,21.100959743717514,21.456204580274118,6.261351614862573,21.0,0,-0.45620458027411814,21.706010889933467,20.5,21.5
783.0,21.097991822091743,21.386889518708784,6.262705590898755,21.0,0,-0.3868895187087844,20.693738903055447,20.5,21.5
784.0,21.095024764845505,21.325788475609908,6.264058605329701,21.0,0,-0.3257884756099081,20.714778044621145,20.5,21.5
785.0,21.092058571613602,21.409475908732567,6.265410657125032,21.0,0,-0.409475908732567,22.246350239959156,20.5,21.5
786.0,21.089093242030703,21.49898807106586,6.2667617452551,21.0,0,-0.49898807106585963,22.394109694398786,20.5,21.5
787.0,21.086128775731346,21.45323430338776,6.268111868690994,21.0,0,-0.4532343033877595,20.995696626606758,20.5,21.5
788.0,21.08316517234994,21.42963845028639,6.269461026404535,21.0,0,-0.42963845028639014,21.193679919272697,20.5,21.5
789.0,21.08020243152075,21.47858247774159,6.2708092173682815,21.0,0,-0.4785824777415897,21.968022752293585,20.5,21.5
790.0,21.077240552877917,21.34273816543909,6.272156440555528,21.0,1,-0.34273816543909064,19.9842950424141,20.5,21.5
791.0,21.094279536055453,21.27579322614406,6.273502694940304,21.0,1,-0.2757932261440601,20.606343833193755,20.5,21.5
792.0,21.11131538068723,21.30487024531077,6.2748479794973795,21.0,0,-0.3048702453107701,21.59564043697787,20.5,21.5
793.0,21.10834808720699,21.366395861822546,6.276192293202261,21.0,0,-0.36639586182254646,21.98165202694031,20.5,21.5
794.0,21.10538165604819,21.337532804493645,6.277535635031195,21.0,0,-0.33753280449364453,21.048902231204625,20.5,21.5
795.0,21.102416086843988,21.359164419102193,6.27887800396117,21.0,0,-0.35916441910219277,21.575480565187675,20.5,21.5
796.0,21.09945137922741,21.330137388054293,6.280219398969911,21.0,0,-0.33013738805429327,21.0398670775753,20.5,21.5
797.0,21.096487532831357,21.308536486563163,6.2815598190358894,21.0,0,-0.30853648656316324,21.092527471651863,20.5,21.5
798.0,21.0935245472886,21.27005424668922,6.282899263138315,21.0,0,-0.2700542466892202,20.88523184794979,20.5,21.5
799.0,21.09056242223177,21.29175310207151,6.2842377302571455,21.0,0,-0.2917531020715103,21.50874165589441,20.5,21.5
800.0,21.087601157293374,21.346715420380384,6.2855752193730785,21.0,0,-0.3467154203803844,21.896338603469125,20.5,21.5
801.0,21.08464075210579,21.26897876473784,6.286911729467558,21.0,1,-0.26897876473784166,20.491612208312414,20.5,21.5
802.0,21.101681206301265,21.35284889598198,6.288247259522773,21.0,0,-0.35284889598198177,22.191550208423383,20.5,21.5
803.0,21.09871851951191,21.42048305709086,6.28958180852166,21.0,0,-0.4204830570908591,22.096824668179632,20.5,21.5
804.0,21.09575669216971,21.361160875164135,6.290915375447901,21.0,0,-0.36116087516413486,20.767939055896893,20.5,21.5
805.0,21.092795723906367,21.363656419032928,6.292247959285928,21.0,0,-0.3636564190329281,21.38861185772086,20.5,21.5
806.0,21.089835614353444,21.449088412845917,6.293579559020919,21.0,0,-0.44908841284591716,22.303408350975808,20.5,21.5
807.0,21.086876363142377,21.40671409774459,6.2949101736388045,21.0,0,-0.4067140977445902,20.98297094673132,20.5,21.5
808.0,21.083917969904476,21.39243226863102,6.296239802126262,21.0,0,-0.3924322686310191,21.249613977495308,20.5,21.5
809.0,21.08096043427092,21.48227126233306,6.297568443470722,21.0,0,-0.48227126233306095,22.38066119935348,20.5,21.5
810.0,21.07800375587276,21.525476513522513,6.298896096660367,21.0,0,-0.5254765135225128,21.95752902541703,20.5,21.5
811.0,21.07504793434092,21.501672987655688,6.3002227606841315,21.0,0,-0.501672987655688,21.26363772898744,20.5,21.5
812.0,21.072092969306187,21.50612917366134,6.301548434531702,21.0,0,-0.5061291736613391,21.55069103371785,20.5,21.5
813.0,21.06913886039923,21.473239492531103,6.302873117193521,21.0,0,-0.4732394925311034,21.144342681228746,20.5,21.5
814.0,21.066185607250592,21.40073637553867,6.304196807660785,21.0,0,-0.4007363755386706,20.675705205614342,20.5,21.5
815.0,21.063233209490672,21.358564442008795,6.305519504925445,21.0,0,-0.3585644420087952,20.93684510671004,20.5,21.5
816.0,21.06028166674976,21.41054774112896,6.306841207980211,21.0,0,-0.4105477411289584,21.93038073233059,20.5,21.5
817.0,21.057330978658005,21.497013075878293,6.308161915818548,21.0,0,-0.4970130758782929,22.361666423371638,20.5,21.5
818.0,21.054381144845436,21.503255786505505,6.309481627434679,21.0,0,-0.5032557865055054,21.56568289277763,20.5,21.5
819.0,21.051432164941954,21.535197955284172,6.310800341823588,21.0,0,-0.5351979552841719,21.854619643070837,20.5,21.5
820.0,21.048484038577328,21.47534823751709,6.3121180579810146,21.0,0,-0.475348237517089,20.87685105984626,20.5,21.5
821.0,21.045536765381208,21.436559043226985,6.313434774903461,21.0,0,-0.43655904322698547,21.04866710032595,20.5,21.5
822.0,21.04259034498311,21.43224057870689,6.314750491588192,21.0,0,-0.4322405787068888,21.389055933505922,20.5,21.5
823.0,21.03964477701243,21.360426368966223,6.316065207033229,21.0,0,-0.36042636896622327,20.642284271559568,20.5,21.5
824.0,21.036700061098436,21.258283926188746,6.317378920237361,21.0,1,-0.25828392618874574,20.23685949841397,20.5,21.5
825.0,21.053756196870264,21.27946652001375,6.318691630200138,21.0,1,-0.2794665200137487,21.49129245826378,20.5,21.5
826.0,21.07080918395693,21.34298584312067,6.320003335921873,21.0,0,-0.34298584312066893,21.97817907418987,20.5,21.5
827.0,21.06785902278732,21.279657937896626,6.321314036403647,21.0,0,-0.2796579378966264,20.6463788856562,20.5,21.5
828.0,21.064909713790044,21.39692131375606,6.322623730647304,21.0,0,-0.3969213137560601,22.569555072350397,20.5,21.5
829.0,21.061961256593417,21.445006250145294,6.323932417655453,21.0,0,-0.44500625014529405,21.925855614037634,20.5,21.5
830.0,21.05901365082563,21.475853788549816,6.325240096431475,21.0,0,-0.4758537885498164,21.78432917259504,20.5,21.5
831.0,21.05606689611475,21.487212087204615,6.326546765979513,21.0,0,-0.4872120872046146,21.600795073752597,20.5,21.5
832.0,21.053120992088722,21.519036502318706,6.327852425304483,21.0,0,-0.5190365023187056,21.837280653459615,20.5,21.5
833.0,21.050175938375364,21.40718421212964,6.329157073412068,21.0,1,-0.4071842121296392,20.288661310238975,20.5,21.5
834.0,21.067231734602373,21.426836430480655,6.3304607093087215,21.0,0,-0.42683643048065534,21.623358613990817,20.5,21.5
835.0,21.064284380397314,21.449517672158816,6.331763332001668,21.0,0,-0.4495176721588159,21.67633008894042,20.5,21.5
836.0,21.061337876187636,21.380001861897536,6.333064940498905,21.0,0,-0.3800018618975365,20.684843759284743,20.5,21.5
837.0,21.0583922216005,21.272071824752448,6.3343655338091995,21.0,1,-0.27207182475244807,20.192771453301564,20.5,21.5
838.0,21.07544741626294,21.366605026909816,6.335665110942093,21.0,0,-0.36660502690981644,22.3119370484835,20.5,21.5
839.0,21.072499459801875,21.277715252634234,6.3369636709079025,21.0,1,-0.27771525263423413,20.38881750987841,20.5,21.5
840.0,21.089552352644098,21.225830539935977,6.3382612127177165,21.0,1,-0.22583053993597701,20.706983412953406,20.5,21.5
841.0,21.106602094416115,21.23449080333295,6.339557735383401,21.0,1,-0.23449080333294958,21.321093437302675,20.5,21.5
842.0,21.123648685544307,21.284393456456492,6.340853237917598,21.0,0,-0.28439345645649183,21.783419987691914,20.5,21.5
843.0,21.12069212645478,21.27893077042399,6.342147719333726,21.0,0,-0.2789307704239903,21.224303910098975,20.5,21.5
844.0,21.117736417573358,21.4348460192894,6.34344117864598,21.0,0,-0.4348460192893988,22.993998507943484,20.5,21.5
845.0,21.11478155852557,21.43001750304836,6.344733614869336,21.0,0,-0.4300175030483615,21.38173234063799,20.5,21.5
846.0,21.11182754893684,21.444784601445793,6.346025027019547,21.0,0,-0.444784601445793,21.592455585420108,20.5,21.5
847.0,21.108874388432458,21.440573629722987,6.347315414113146,21.0,0,-0.4405736297229872,21.39846391249493,20.5,21.5
848.0,21.105922076637594,21.475511616464594,6.348604775167447,21.0,0,-0.47551161646459406,21.824891483880663,20.5,21.5
849.0,21.1029706131773,21.38927740197327,6.349893109200545,21.0,0,-0.38927740197327054,20.526935257060035,20.5,21.5
850.0,21.100019997676505,21.390193424832944,6.351180415231321,21.0,0,-0.39019342483294395,21.399353653429678,20.5,21.5
851.0,21.097070229760014,21.37593085068105,6.352466692279431,21.0,0,-0.37593085068105125,21.233305109162124,20.5,21.5
852.0,21.094121309052518,21.334677638672815,6.3537519393653215,21.0,0,-0.3346776386728152,20.922145518590455,20.5,21.5
853.0,21.09117323517858,21.27606758211087,6.35503615551022,21.0,0,-0.2760675821108691,20.68996701649141,20.5,21.5
854.0,21.088226007762646,21.31757256847238,6.3563193397361415,21.0,0,-0.3175725684723787,21.732622432087474,20.5,21.5
855.0,21.085279626429042,21.325948605764676,6.357601491065884,21.0,0,-0.3259486057646761,21.40970897868765,20.5,21.5
856.0,21.082334090801968,21.340853298301163,6.358882608523033,21.0,0,-0.3408532983011625,21.489900223666027,20.5,21.5
857.0,21.079389400505512,21.348182325996774,6.360162691131963,21.0,0,-0.348182325996774,21.42147260295289,20.5,21.5
858.0,21.076445555163637,21.399552896209066,6.361441737917835,21.0,0,-0.399552896209066,21.913258598331986,20.5,21.5
859.0,21.07350255440019,21.36437907049991,6.3627197479066,21.0,0,-0.36437907049991125,21.012640813408364,20.5,21.5
860.0,21.07056039783889,21.343735516545696,6.363996720124997,21.0,0,-0.3437355165456957,21.13729997700354,20.5,21.5
861.0,21.067619085103345,21.386657959575704,6.365272653600556,21.0,0,-0.3866579595757038,21.815882389875785,20.5,21.5
862.0,21.064678615817044,21.44763435300016,6.3665475473615984,21.0,0,-0.4476343530001614,22.057398287244737,20.5,21.5
863.0,21.061738989603352,21.368772461925374,6.367821400437236,21.0,0,-0.3687724619253743,20.580153551177503,20.5,21.5
864.0,21.058800206085518,21.37243739629612,6.3690942118573775,21.0,0,-0.37243739629612094,21.409086740003588,20.5,21.5
865.0,21.055862264886674,21.357673658772363,6.370365980652718,21.0,0,-0.357673658772363,21.210036283534784,20.5,21.5
866.0,21.052925165629826,21.231622865217084,6.371636705854753,21.0,1,-0.23162286521708353,19.97111492966429,20.5,21.5
867.0,21.069988907937873,21.234775194013217,6.372906386495767,21.0,1,-0.234775194013217,21.26629848197455,20.5,21.5
868.0,21.087049491433586,21.28795964644007,6.3741750216088455,21.0,0,-0.28795964644006844,21.819804170708583,20.5,21.5
869.0,21.08410691653962,21.3048894856354,6.375442610227868,21.0,0,-0.30488948563539964,21.47418787758871,20.5,21.5
870.0,21.08116518367836,21.343884590386008,6.376709151387508,21.0,0,-0.3438845903860077,21.73383563789209,20.5,21.5
871.0,21.0782242924719,21.361558455608215,6.377974644123241,21.0,0,-0.36155845560821476,21.538297107830285,20.5,21.5
872.0,21.07528424254223,21.3591801739348,6.37923908747134,21.0,0,-0.3591801739347993,21.335397357200645,20.5,21.5
873.0,21.07234503351122,21.282503970283702,6.380502480468874,21.0,0,-0.28250397028370244,20.515741933772734,20.5,21.5
874.0,21.06940666500061,21.301253710665286,6.381764822153716,21.0,0,-0.3012537106652857,21.48875111448112,20.5,21.5
875.0,21.06646913663204,21.247960985645697,6.383026111564538,21.0,0,-0.24796098564569746,20.715033735449815,20.5,21.5
876.0,21.063532448027026,21.28856595396669,6.384286347740813,21.0,0,-0.28856595396668894,21.694615637176604,20.5,21.5
877.0,21.060596598806967,21.268849834475123,6.385545529722816,21.0,0,-0.2688498344751231,21.071688639559465,20.5,21.5
878.0,21.05766158859315,21.248463338171177,6.386803656551626,21.0,0,-0.24846333817117738,21.04459837513172,20.5,21.5
879.0,21.05472741700674,21.211886068506793,6.3880607272691226,21.0,0,-0.21188606850679292,20.84611337186295,20.5,21.5
880.0,21.051794083668796,21.238380047354134,6.3893167409179945,21.0,0,-0.2383800473541342,21.503319835827547,20.5,21.5
881.0,21.048861588200246,21.21613857339478,6.3905716965417305,21.0,0,-0.2161385733947796,20.993723833801234,20.5,21.5
882.0,21.045929930221913,21.21634002196192,6.391825593184628,21.0,0,-0.21634002196191915,21.218354507633315,20.5,21.5
883.0,21.042999109354504,21.241573971613324,6.393078429891791,21.0,0,-0.24157397161332383,21.49391346812737,20.5,21.5
884.0,21.04006912521861,21.16631078920691,6.394330205709129,21.0,1,-0.16631078920691067,20.41367896514278,20.5,21.5
885.0,21.05713997743471,21.228734533469304,6.39558091968336,21.0,0,-0.2287345334693036,21.852971976093233,20.5,21.5
886.0,21.05420766562316,21.18499787635788,6.3968305708620115,21.0,0,-0.18499787635787968,20.74763130524364,20.5,21.5
887.0,21.05127619020421,21.181990707863072,6.39807915829342,21.0,0,-0.18199070786307203,21.151919022914996,20.5,21.5
888.0,21.048345550797826,21.236037706689025,6.39932668102673,21.0,0,-0.23603770668902513,21.776507694948556,20.5,21.5
889.0,21.04541574702387,21.37176487602078,6.400573138111902,21.0,0,-0.3717648760207801,22.72903656933833,20.5,21.5
890.0,21.042486778502088,21.30508863218147,6.401818528599701,21.0,0,-0.3050886321814694,20.638326193788362,20.5,21.5
891.0,21.039558644852107,21.440425054977727,6.403062851541711,21.0,0,-0.44042505497772666,22.7937892829403,20.5,21.5
892.0,21.036631345693444,21.455374466973915,6.404306105990325,21.0,0,-0.4553744669739146,21.604868586935794,20.5,21.5
893.0,21.0337048806455,21.45088390721224,6.40554829099875,21.0,0,-0.4508839072122406,21.4059783095955,20.5,21.5
894.0,21.030779249327573,21.363113270050007,6.406789405621008,21.0,1,-0.3631132700500075,20.485406898427676,20.5,21.5
895.0,21.04785445135883,21.34362983695607,6.408029448911937,21.0,1,-0.34362983695606886,21.148795506016683,20.5,21.5
896.0,21.064926486358342,21.302413913776512,6.409268419927189,21.0,1,-0.30241391377651183,20.89025468198094,20.5,21.5
897.0,21.081995354745057,21.32996149505616,6.410506317723235,21.0,0,-0.32996149505616046,21.605437307852647,20.5,21.5
898.0,21.079061056937654,21.402972977966364,6.411743141357362,21.0,0,-0.402972977966364,22.1330878070684,20.5,21.5
899.0,21.07612759335454,21.4596948817696,6.412978889887674,21.0,0,-0.45969488176960027,22.026913919801963,20.5,21.5
900.0,21.073194963613844,21.588659486524676,-18.585786437626904,21.0,0,-0.5886594865246764,22.878305534075437,20.5,21.5
901.0,21.065263167333594,21.56893074387706,-18.584552842126634,21.0,0,-0.5689307438770612,21.37164331740091,20.5,21.5
902.0,21.0573332041317,21.551194924713215,-18.583320324550943,21.0,0,-0.5511949247132151,21.373836733074754,20.5,21.5
903.0,21.049405073425966,21.46606439812235,-18.582088885838452,21.0,0,-0.4660643981223487,20.614759132213685,20.5,21.5
904.0,21.041478774634115,21.499134197577384,-18.58085852692696,21.0,0,-0.49913419757738353,21.829832192127732,20.5,21.5
905.0,21.0335543071738,21.51189409153395,-18.579629248753427,21.0,0,-0.51189409153395,21.639493031099615,20.5,21.5
906.0,21.025631670462616,21.490653178675714,-18.578401052254016,21.0,0,-0.49065317867571423,21.278244050093356,20.5,21.5
907.0,21.017710863918072,21.411314084034807,-18.57717393836404,21.0,0,-0.4113140840348066,20.61792313762573,20.5,21.5
908.0,21.009791886957615,21.3896591391398,-18.57594790801801,21.0,0,-0.3896591391397983,21.173109690189715,20.5,21.5
909.0,21.00187473899862,21.351784348821777,-18.57472296214959,21.0,0,-0.3517843488217771,20.973036445641565,20.5,21.5
910.0,20.99395941945839,21.206791929431468,-18.573499101691638,21.0,1,-0.20679192943146774,19.756867735528374,20.5,21.5
911.0,21.00604592775416,21.165913874760285,-18.572276327576173,21.0,1,-0.1659138747602853,20.75713332804846,20.5,21.5
912.0,21.018130263303092,21.17235179529931,-18.571054640734395,21.0,1,-0.17235179529930988,21.236731000689556,20.5,21.5
913.0,21.030212426322286,21.216673723566945,-18.569834042096666,21.0,0,-0.21667372356694514,21.659893006243298,20.5,21.5
914.0,21.022292417028602,21.192978618753735,-18.568614532592527,21.0,0,-0.19297861875373457,20.95602757062163,20.5,21.5
915.0,21.014374235638677,21.26402649211595,-18.567396113150693,21.0,0,-0.2640264921159492,21.974505225738096,20.5,21.5
916.0,21.00645788156892,21.251592307281502,-18.566178784699034,21.0,0,-0.25159230728150206,21.12725045893703,20.5,21.5
917.0,20.998543354235668,21.292532200864386,-18.564962548164605,21.0,0,-0.292532200864386,21.701931136693226,20.5,21.5
918.0,20.990630653055188,21.273394406818785,-18.563747404473624,21.0,0,-0.2733944068187846,21.08201646636277,20.5,21.5
919.0,20.982719777443684,21.293985940769776,-18.56253335455147,21.0,0,-0.293985940769776,21.49990128027969,20.5,21.5
920.0,20.974810726817285,21.176391832821192,-18.561320399322696,21.0,1,-0.1763918328211922,20.000450753335354,20.5,21.5
921.0,20.986903500592057,21.23782801119137,-18.560108539711027,21.0,0,-0.23782801119137176,21.852189794893167,20.5,21.5
922.0,20.978994098183996,21.2087899784914,-18.55889777663934,21.0,0,-0.20878997849139935,20.918409651491675,20.5,21.5
923.0,20.97108651980903,21.200768055304117,-18.557688111029684,21.0,0,-0.2007680553041169,21.120548823431292,20.5,21.5
924.0,20.963180764882864,21.234204964701416,-18.556479543803277,21.0,0,-0.23420496470141572,21.568574058674404,20.5,21.5
925.0,20.955276832821127,21.264630076780428,-18.555272075880488,21.0,0,-0.2646300767804277,21.568881197570548,20.5,21.5
926.0,20.94737472303939,21.280578350388794,-18.554065708180865,21.0,0,-0.28057835038879375,21.440061086472454,20.5,21.5
927.0,20.939474434953144,21.30573631308291,-18.552860441623103,21.0,0,-0.30573631308291027,21.557315940024075,20.5,21.5
928.0,20.931575967977828,21.309698884193,-18.551656277125065,21.0,0,-0.3096988841930006,21.349324595293904,20.5,21.5
929.0,20.92367932152881,21.203470812868495,-18.550453215603778,21.0,1,-0.20347081286849544,20.141190099623444,20.5,21.5
930.0,20.935784495021384,21.20034927073129,-18.549251257975424,21.0,1,-0.20034927073129083,21.169133849359245,20.5,21.5
931.0,20.947887487870783,21.21471765289415,-18.548050405155347,21.0,1,-0.21471765289415146,21.358401474522758,20.5,21.5
932.0,20.959988300292178,21.25697647862408,-18.546850658058048,21.0,0,-0.2569764786240789,21.679564735923353,20.5,21.5
933.0,20.952086932500507,21.28309137383174,-18.545652017597185,21.0,0,-0.2830913738317413,21.544240325908365,20.5,21.5
934.0,20.94418738471049,21.327983812058196,-18.54445448468558,21.0,0,-0.3279838120581964,21.776908194322747,20.5,21.5
935.0,20.93628965633661,21.32832356928534,-18.5432580602352,21.0,0,-0.3283235692853417,21.331721141556795,20.5,21.5
936.0,20.928393746793294,21.34152626322952,-18.542062745157175,21.0,0,-0.34152626322952173,21.473553202671322,20.5,21.5
937.0,20.920499655494904,21.261655889444555,-18.540868540361796,21.0,1,-0.26165588944455465,20.462952151594884,20.5,21.5
938.0,20.932607381855732,21.175902162619213,-18.539675446758494,21.0,1,-0.175902162619213,20.318364894365796,20.5,21.5
939.0,20.94471292529001,21.174958494770443,-18.53848346525587,21.0,1,-0.17495849477044345,21.165521816282748,20.5,21.5
940.0,20.9568162860119,21.227504646606516,-18.53729259676166,21.0,0,-0.2275046466065156,21.752966164967237,20.5,21.5
941.0,20.948917464235347,21.10419797785518,-18.536102842182768,21.0,1,-0.10419797785517915,19.871131290341815,20.5,21.5
942.0,20.961020460174062,21.073964376832986,-18.53491420242524,21.0,1,-0.07396437683298629,20.771628366611058,20.5,21.5
943.0,20.973121273241542,21.094231990567103,-18.533726678394284,21.0,1,-0.09423199056710274,21.296908127908267,20.5,21.5
944.0,20.985219903651213,21.053953358965032,-18.532540270994247,21.0,1,-0.05395335896503184,20.651167042944323,20.5,21.5
945.0,20.997316351616284,21.0535188739215,-18.53135498112863,21.0,1,-0.0535188739215009,21.04917402348619,20.5,21.5
946.0,21.009410617349737,21.108815803786694,-18.53017080970008,21.0,0,-0.10881580378669398,21.661785102438625,20.5,21.5
947.0,21.001502701064325,21.196745978121793,-18.5289877576104,21.0,0,-0.19674597812179329,22.076047721472786,20.5,21.5
948.0,20.99359660297259,21.223082824222388,-18.52780582576053,21.0,0,-0.2230828242223879,21.486451285228334,20.5,21.5
949.0,20.985692322486845,21.262032081796782,-18.52662501505057,21.0,0,-0.2620320817967823,21.651524657540726,20.5,21.5
950.0,20.97778985901934,21.258719597756187,-18.525445326379753,21.0,0,-0.2587195977561869,21.225594757350233,20.5,21.5
951.0,20.96988921198226,21.290150988265882,-18.524266760646462,21.0,0,-0.29015098826588215,21.604464893362834,20.5,21.5
952.0,20.961990380787732,21.275423175300702,-18.523089318748234,21.0,0,-0.27542317530070193,21.1281450456489,20.5,21.5
953.0,20.954093364847825,21.309698847319247,-18.521913001581733,21.0,0,-0.3096988473192468,21.652455567504695,20.5,21.5
954.0,20.94619816357454,21.298096837050217,-18.52073781004278,21.0,0,-0.29809683705021683,21.182076734359917,20.5,21.5
955.0,20.938304776379816,21.341498544485418,-18.519563745026336,21.0,0,-0.34149854448541817,21.77551561883743,20.5,21.5
956.0,20.930413202675535,21.279445194633034,-18.5183908074265,21.0,0,-0.2794451946330341,20.658911696109193,20.5,21.5
957.0,20.922523441873516,21.335125138314133,-18.517218998136514,21.0,0,-0.33512513831413315,21.891924575125124,20.5,21.5
958.0,20.914635493385514,21.319389807276355,-18.516048318048767,21.0,0,-0.31938980727635524,21.162036496898576,20.5,21.5
959.0,20.906749356623227,21.347168529562946,-18.51487876805478,21.0,0,-0.3471685295629463,21.624955752428857,20.5,21.5
960.0,20.89886503099829,21.271358112997966,-18.513710349045212,21.0,0,-0.27135811299796586,20.51325394734816,20.5,21.5
961.0,20.890982515922282,21.23904459275959,-18.51254306190987,21.0,0,-0.23904459275959056,20.915909390375838,20.5,21.5
962.0,20.883101810806714,21.15437646928163,-18.51137690753769,21.0,1,-0.15437646928162962,20.30769523450202,20.5,21.5
963.0,20.895222915063044,21.110370281661844,-18.510211886816755,21.0,1,-0.1103702816618437,20.670308405463985,20.5,21.5
964.0,20.90734182810267,21.090090496322524,-18.509048000634277,21.0,1,-0.09009049632252442,20.88729264292933,20.5,21.5
965.0,20.919458550136923,21.152934603816565,-18.5078852498766,21.0,0,-0.15293460381656487,21.78137567875697,20.5,21.5
966.0,20.911573081376922,21.24738143763556,-18.506723635429218,21.0,0,-0.24738143763556053,22.191849775825517,20.5,21.5
967.0,20.903689422033562,21.2834798978688,-18.505563158176745,21.0,0,-0.28347989786880134,21.64446450020121,20.5,21.5
968.0,20.89580757151752,21.29112545591655,-18.50440381900294,21.0,0,-0.2911254559165499,21.367581036394036,20.5,21.5
969.0,20.887927529239416,21.203393887399653,-18.50324561879068,21.0,1,-0.20339388739965258,20.32607820223068,20.5,21.5
970.0,20.90004929460981,21.124132964429556,-18.502088558421995,21.0,1,-0.12413296442955613,20.33152373472859,20.5,21.5
971.0,20.912168867039206,21.17460178356148,-18.500932638778036,21.0,0,-0.17460178356148148,21.679289974880735,20.5,21.5
972.0,20.904286246738042,21.141335085492734,-18.49977786073908,21.0,0,-0.14133508549273444,20.808668104805264,20.5,21.5
973.0,20.89640543391655,21.208556605483484,-18.498624225184546,21.0,0,-0.20855660548348354,21.880771805390975,20.5,21.5
974.0,20.88852642798473,21.343663518321236,-18.497471732992977,21.0,0,-0.343663518321236,22.69473264669876,20.5,21.5
975.0,20.880649228352535,21.398501792180674,-18.496320385042047,21.0,0,-0.3985017921806744,21.94688453077506,20.5,21.5
976.0,20.872773834429857,21.301094065948924,-18.49517018220855,21.0,1,-0.30109406594892363,20.327016803631416,20.5,21.5
977.0,20.88490024562653,21.29427010011089,-18.494021125368427,21.0,1,-0.2942701001108894,21.226030441730547,20.5,21.5
978.0,20.89702446135233,21.261100397970996,-18.492873215396724,21.0,1,-0.2611003979709956,20.929403376572058,20.5,21.5
979.0,20.909146481816983,21.187863643490893,-18.49172645316763,21.0,1,-0.18786364349089268,20.455496098689864,20.5,21.5
980.0,20.921266307229985,21.16267221602765,-18.490580839554454,21.0,1,-0.16267221602765147,20.91075794139524,20.5,21.5
981.0,20.933383937800627,21.232638828963303,-18.489436375429634,21.0,0,-0.232638828963303,21.93230495831982,20.5,21.5
982.0,20.92549937373798,21.309057250492422,-18.48829306166472,21.0,0,-0.3090572504924225,22.073241465783617,20.5,21.5
983.0,20.9176166152509,21.167542615785358,-18.487150899130405,21.0,1,-0.1675426157853579,19.752396268714712,20.5,21.5
984.0,20.929735661748023,21.20508189277271,-18.486009888696486,21.0,0,-0.20508189277271072,21.58047466264624,20.5,21.5
985.0,20.921852512637933,21.179793697711435,-18.4848700312319,21.0,0,-0.17979369771143539,20.926911747098682,20.5,21.5
986.0,20.91397116812916,21.084580325764797,-18.483731327604694,21.0,1,-0.08458032576479724,20.132446606298416,20.5,21.5
987.0,20.92609162763001,21.067224980841587,-18.482593778682045,21.0,1,-0.06722498084158701,20.893671531609485,20.5,21.5
988.0,20.938209890548748,21.15593103504814,-18.481457385330238,21.0,0,-0.1559310350481411,22.042991577113682,20.5,21.5
989.0,20.930325957093572,21.209489155800146,-18.480322148414693,21.0,0,-0.2094891558001457,21.745070363320192,20.5,21.5
990.0,20.92244382747247,21.22581352683387,-18.47918806879994,21.0,0,-0.22581352683387124,21.389057237171127,20.5,21.5
991.0,20.914563501093216,21.27043737954969,-18.478055147349625,21.0,0,-0.2704373795496906,21.716675906707884,20.5,21.5
992.0,20.90668497736353,21.2377761542593,-18.476923384926526,21.0,0,-0.23777615425930065,20.9111639013554,20.5,21.5
993.0,20.898808255691073,21.226578108501172,-18.475792782392524,21.0,0,-0.22657810850117244,21.11459765091989,20.5,21.5
994.0,20.890933335483457,21.156488442648744,-18.474663340608622,21.0,1,-0.15648844264874384,20.455591784124458,20.5,21.5
995.0,20.903060216148237,21.144571840840648,-18.47353506043494,21.0,1,-0.14457184084064778,21.025405822759687,20.5,21.5
996.0,20.91518489709292,21.15962298549379,-18.472407942730715,21.0,1,-0.15962298549379028,21.310134432025215,20.5,21.5
997.0,20.927307378524954,21.173101184938727,-18.471281988354292,21.0,1,-0.1731011849387265,21.30788317938809,20.5,21.5
998.0,20.939427660651578,21.167717807944605,-18.470157198163136,21.0,1,-0.1677178079446051,21.11388403800339,20.5,21.5
999.0,20.951545743679816,21.17250022137717,-18.469033573013824,21.0,1,-0.17250022137717025,21.22032435570282,20.5,21.5
1000.0,20.963661627816478,21.290411714187286,-18.467911113762042,21.0,0,-0.29041171418728595,22.469526642288443,20.5,21.5
1001.0,20.955775313268163,21.295405522657205,-18.466789821262598,21.0,0,-0.2954055226572052,21.345343607356398,20.5,21.5
1002.0,20.947890800241257,21.313210491626027,-18.465669696369403,21.0,0,-0.31321049162602677,21.491260181314242,20.5,21.5
1003.0,20.940008088141933,21.33889884620528,-18.464550739935476,21.0,0,-0.33889884620527866,21.595782391997798,20.5,21.5
1004.0,20.93212717637632,21.418386473409488,-18.46343295281295,21.0,0,-0.41838647340948754,22.213262745451576,20.5,21.5
1005.0,20.924248064350483,21.392999890314005,-18.46231633585308,21.0,0,-0.3929998903140053,21.139134059359183,20.5,21.5
1006.0,20.916370751470442,21.329899649358858,-18.46120088990621,21.0,0,-0.3298996493588575,20.69889723980738,20.5,21.5
1007.0,20.908495237142166,21.255470526168562,-18.4600866158218,21.0,0,-0.2554705261685619,20.511179294265606,20.5,21.5
1008.0,20.900621520771573,21.263920480929674,-18.458973514448424,21.0,0,-0.2639204809296736,21.34842002854079,20.5,21.5
1009.0,20.892749601764528,21.14595290176954,-18.457861586633747,21.0,1,-0.14595290176954023,19.966277110168207,20.5,21.5
1010.0,20.904879479526848,21.10498593234067,-18.45675083322456,21.0,1,-0.10498593234067144,20.695316238051984,20.5,21.5
1011.0,20.917007153464297,21.110847781020674,-18.455641255066745,21.0,1,-0.11084778102067361,21.169466267820695,20.5,21.5
1012.0,20.92913262378259,21.095125025511337,-18.454532853005297,21.0,1,-0.0951250255113365,20.937897470417965,20.5,21.5
1013.0,20.94125589068723,21.158003819261232,-18.45342562788431,21.0,0,-0.15800381926123208,21.786791756760188,20.5,21.5
1014.0,20.933376954383515,21.26444439320388,-18.452319580546988,21.0,0,-0.26444439320388113,22.32885013263037,20.5,21.5
1015.0,20.925499815076527,21.22105589242684,-18.45121471183563,21.0,0,-0.22105589242683976,20.787170884656426,20.5,21.5
1016.0,20.917624472171145,21.25601795208953,-18.450111022591642,21.0,0,-0.25601795208952893,21.60563854871642,20.5,21.5
1017.0,20.909750925072192,21.291200160862623,-18.44900851365553,21.0,0,-0.2912001608626227,21.64302224859356,20.5,21.5
1018.0,20.901879173184447,21.253800118237834,-18.44790718586691,21.0,0,-0.25380011823783377,20.879799691989945,20.5,21.5
1019.0,20.894009215912636,21.1580398240014,-18.44680704006448,21.0,1,-0.15803982400139915,20.200436881637053,20.5,21.5
1020.0,20.90614105266144,21.181265147009086,-18.44570807708606,21.0,1,-0.18126514700908558,21.41351837708595,20.5,21.5
1021.0,20.91827068283549,21.208185387575053,-18.44461029776855,21.0,1,-0.20818538757505323,21.47738779323473,20.5,21.5
1022.0,20.93039810663937,21.246172688138437,-18.443513702947957,21.0,0,-0.2461726881384365,21.62604569377227,20.5,21.5
1023.0,20.922523324277453,21.259391797337578,-18.44241829345939,21.0,0,-0.2593917973375781,21.391582889328994,20.5,21.5
1024.0,20.914650335953905,21.287965706916694,-18.44132407013705,21.0,0,-0.2879657069166939,21.57370480270785,20.5,21.5
1025.0,20.906779141072686,21.312250948313675,-18.440231033814236,21.0,0,-0.3122509483136753,21.55510336228349,20.5,21.5
1026.0,20.89890973903771,21.235524835977373,-18.43913918532334,21.0,1,-0.2355248359773725,20.468263712614345,20.5,21.5
1027.0,20.911042129252838,21.190122279156334,-18.438048525495855,21.0,1,-0.19012227915633417,20.73609671094595,20.5,21.5
1028.0,20.92317231112189,21.153818139083782,-18.43695905516236,21.0,1,-0.15381813908378206,20.79077673835826,20.5,21.5
1029.0,20.93530028484863,21.18163053440954,-18.435870775152544,21.0,1,-0.18163053440953902,21.45975448766711,20.5,21.5
1030.0,20.94742605063663,21.114746448657836,-18.434783686295173,21.0,1,-0.11474644865783645,20.44590559114081,20.5,21.5
1031.0,20.959549608689244,21.18302206658136,-18.43369778941811,21.0,0,-0.18302206658135844,21.86577824581658,20.5,21.5
1032.0,20.951670959209622,21.256117509933087,-18.432613085348322,21.0,0,-0.25611750993308746,21.987071943450378,20.5,21.5
1033.0,20.94379410240071,21.249542420111414,-18.43152957491185,21.0,0,-0.24954242011141403,21.18379152189468,20.5,21.5
1034.0,20.935919037665247,21.220840765351593,-18.430447258933835,21.0,0,-0.2208407653515927,20.93382421775338,20.5,21.5
1035.0,20.928045764405926,21.36137095070506,-18.42936613823851,21.0,0,-0.36137095070505865,22.766672804239718,20.5,21.5
1036.0,20.920174282025396,21.2865775112305,-18.428286213649194,21.0,0,-0.2865775112305009,20.538643116484923,20.5,21.5
1037.0,20.91230458992626,21.283026928045892,-18.4272074859883,21.0,0,-0.28302692804589213,21.247521096199804,20.5,21.5
1038.0,20.90443668751108,21.274982079882754,-18.426129956077325,21.0,0,-0.27498207988275425,21.194533598251375,20.5,21.5
1039.0,20.896570574182363,21.329535477056673,-18.425053624736854,21.0,0,-0.3295354770566732,21.875069448795863,20.5,21.5
1040.0,20.88870624934258,21.193045791402636,-18.423978492786556,21.0,1,-0.19304579140263556,19.82814893486226,20.5,21.5
1041.0,20.900843712394153,21.278630579074267,-18.422904561045197,21.0,0,-0.27863057907426736,22.134478455790585,20.5,21.5
1042.0,20.892978962739466,21.18778111890591,-18.421831830330618,21.0,1,-0.1877811189059102,20.27928651722234,20.5,21.5
1043.0,20.90511600058085,21.18336706258275,-18.420760301459755,21.0,1,-0.18336706258275015,21.13922649935115,20.5,21.5
1044.0,20.917250825320444,21.18107319281409,-18.41968997524862,21.0,1,-0.18107319281408962,21.158134495127484,20.5,21.5
1045.0,20.92938343716033,21.176439737657176,-18.418620852512312,21.0,1,-0.17643973765717647,21.130105186088045,20.5,21.5
1046.0,20.941513836302395,21.168575288966075,-18.41755293406502,21.0,1,-0.16857528896607477,21.089930802055058,20.5,21.5
1047.0,20.953642022948323,21.194221271492484,-18.416486220720007,21.0,1,-0.19422127149248425,21.45068109675658,20.5,21.5
1048.0,20.96576799729959,21.16469482961271,-18.41542071328962,21.0,1,-0.16469482961270998,20.869430410814967,20.5,21.5
1049.0,20.977891759557473,21.132706804050258,-18.414356412585292,21.0,1,-0.13270680405025814,20.81282654842574,20.5,21.5
1050.0,20.990013309923043,21.215776311515434,-18.41329331941753,21.0,0,-0.21577631151543386,22.04647138616719,20.5,21.5
1051.0,20.982132648597176,21.23322643450041,-18.41223143459593,21.0,0,-0.23322643450040914,21.407727664350162,20.5,21.5
1052.0,20.974253775780536,21.268515688978887,-18.411170758929163,21.0,0,-0.2685156889788871,21.621408233763667,20.5,21.5
1053.0,20.966376690873595,21.31528712434577,-18.41011129322498,21.0,0,-0.3152871243457689,21.783001478014587,20.5,21.5
1054.0,20.958501393276777,21.30481379439065,-18.40905303829021,21.0,0,-0.30481379439065037,21.200080494839465,20.5,21.5
1055.0,20.950627882390464,21.305846356123716,-18.407995994930758,21.0,0,-0.30584635612371613,21.316171973454374,20.5,21.5
1056.0,20.942756157615,21.33894626074631,-18.406940163951607,21.0,0,-0.3389462607463116,21.669945306972267,20.5,21.5
1057.0,20.934886218350687,21.29566476040571,-18.405885546156824,21.0,0,-0.2956647604057103,20.862849756999697,20.5,21.5
1058.0,20.927018063997785,21.33789854501697,-18.40483214234954,21.0,0,-0.33789854501696936,21.76023639112956,20.5,21.5
1059.0,20.919151693956515,21.314219332222514,-18.403779953331977,21.0,0,-0.31421933222251397,21.07742720427796,20.5,21.5
1060.0,20.911287107627057,21.266058309275216,-18.402728979905415,21.0,0,-0.26605830927521623,20.78444807980224,20.5,21.5
1061.0,20.90342430440955,21.175549018462107,-18.401679222870214,21.0,1,-0.1755490184621067,20.27045611033101,20.5,21.5
1062.0,20.915563283704095,21.24228145019631,-18.400630683025817,21.0,0,-0.24228145019630887,21.90960576753833,20.5,21.5
1063.0,20.90770004491075,21.19648466032183,-18.39958336117073,21.0,0,-0.1964846603218291,20.73851676157703,20.5,21.5
1064.0,20.899838588229535,21.22480290654449,-18.398537258102532,21.0,0,-0.22480290654448964,21.507985368771095,20.5,21.5
1065.0,20.891978913060267,21.19437671991984,-18.39749237461788,21.0,0,-0.19437671991984118,20.890114853673357,20.5,21.5
1066.0,20.88412101880273,21.18429241696465,-18.39644871151249,21.0,0,-0.1842924169646487,21.083449387412724,20.5,21.5
1067.0,20.87626490485667,21.107675837859567,-18.395406269581166,21.0,1,-0.10767583785956703,20.34151004680875,20.5,21.5
1068.0,20.88841057062178,21.194207166854177,-18.39436504961777,21.0,0,-0.19420716685417716,22.05952045680028,20.5,21.5
1069.0,20.880554015497733,21.108921750674874,-18.393325052415236,21.0,1,-0.10892175067487386,20.25606758888184,20.5,21.5
1070.0,20.892699239684152,21.14794721281453,-18.392286278765567,21.0,0,-0.14794721281452894,21.53820183421108,20.5,21.5
1071.0,20.88484224258046,21.24103883646435,-18.391248729459832,21.0,0,-0.24103883646435165,22.17195507296258,20.5,21.5
1072.0,20.876987024386054,21.200819151624387,-18.39021240528817,21.0,0,-0.2008191516243869,20.79862230322474,20.5,21.5
1073.0,20.86913358450012,21.190746436761525,-18.389177307039795,21.0,0,-0.19074643676152547,21.09001928813291,20.5,21.5
1074.0,20.861281922321812,21.276337369205553,-18.38814343550297,21.0,0,-0.2763373692055531,22.13224669364583,20.5,21.5
1075.0,20.853432037250247,21.350724334987156,-18.387110791465034,21.0,0,-0.35072433498715583,22.094593992803183,20.5,21.5
1076.0,20.845583928684505,21.230159986206168,-18.386079375712395,21.0,1,-0.23015998620616784,20.024516498396288,20.5,21.5
1077.0,20.857737596023625,21.283588228582023,-18.38504918903052,21.0,0,-0.2835882285820226,21.81787065234057,20.5,21.5
1078.0,20.849889038666614,21.270064406638433,-18.384020232203937,21.0,0,-0.2700644066384328,21.134826187202535,20.5,21.5
1079.0,20.84204225681244,21.221426977358384,-18.382992506016247,21.0,0,-0.22142697735838368,20.735052684557893,20.5,21.5
1080.0,20.834197249859876,21.154722457576906,-18.381966011250107,21.0,1,-0.15472245757690573,20.487677259762126,20.5,21.5
1081.0,20.846354017207656,21.212328744705985,-18.38094074868723,21.0,0,-0.21232874470598517,21.78839161599678,20.5,21.5
1082.0,20.83850855825448,21.239846161064037,-18.379916719108408,21.0,0,-0.23984616106403678,21.515020324644553,20.5,21.5
1083.0,20.830664873199005,21.18304711469981,-18.37889392329348,21.0,0,-0.18304711469981072,20.61505665105755,20.5,21.5
1084.0,20.822822961439705,21.235376822114336,-18.377872362021346,21.0,0,-0.2353768221143362,21.75867389625959,20.5,21.5
1085.0,20.81498282237501,21.233991806525125,-18.376852036069977,21.0,0,-0.2339918065251254,21.220141650633018,20.5,21.5
1086.0,20.80714445540332,21.211295270990554,-18.375832946216388,21.0,0,-0.21129527099055423,20.984329915644842,20.5,21.5
1087.0,20.799307859922997,21.057529452880008,-18.374815093236663,21.0,1,-0.05752945288000788,19.519871271774544,20.5,21.5
1088.0,20.811473035332366,20.92412072825808,-18.373798477905943,21.0,1,0.07587927174191833,19.59003348203882,20.5,21.5
1089.0,20.823635981029717,20.920597624715153,-18.372783100998426,21.0,1,0.07940237528484673,20.88536658928587,20.5,21.5
1090.0,20.83579669721331,20.892086205795962,-18.371768963287362,21.0,1,0.10791379420403757,20.606972016604054,20.5,21.5
1091.0,20.84795518408121,20.95570084990396,-18.370756065545063,21.0,0,0.04429915009604102,21.591847290983925,20.5,21.5
1092.0,20.840111441831286,21.085710080823922,-18.369744408542893,21.0,0,-0.0857100808239224,22.385802390023557,20.5,21.5
1093.0,20.832269470661213,21.216420844561146,-18.368733993051272,21.0,0,-0.21642084456114574,22.52352848193338,20.5,21.5
1094.0,20.82442926996847,21.177888611237066,-18.36772481983968,21.0,0,-0.17788861123706567,20.792566277996265,20.5,21.5
1095.0,20.816590839150507,21.146938152640505,-18.366716889676642,21.0,0,-0.14693815264050514,20.8374335666749,20.5,21.5
1096.0,20.80875417760474,21.065724179946905,-18.365710203329744,21.0,1,-0.06572417994690483,20.2535844530109,20.5,21.5
1097.0,20.820919284728554,20.98943664957435,-18.36470476156562,21.0,1,0.010563350425648821,20.226561345848815,20.5,21.5
1098.0,20.833082159919293,20.94822003838423,-18.363700565149955,21.0,1,0.0517799616157717,20.536053926483,20.5,21.5
1099.0,20.84524280337428,20.959304586060068,-18.36269761484749,21.0,1,0.04069541393993248,21.07015006281846,20.5,21.5
1100.0,20.857401215290636,21.069598914487432,-18.361695911422018,21.0,0,-0.0695989144874325,22.172542198761082,20.5,21.5
1101.0,20.849557395865293,21.072947304396564,-18.360695455636375,21.0,0,-0.07294730439656405,21.10643120348788,20.5,21.5
1102.0,20.841715345294993,21.187255679156124,-18.359696248252455,21.0,0,-0.18725567915612373,22.33033942675172,20.5,21.5
1103.0,20.833875062976283,21.269864663618115,-18.3586982900312,21.0,0,-0.26986466361811523,22.09595450823803,20.5,21.5
1104.0,20.82603654830568,21.249609070824583,-18.35770158173259,21.0,0,-0.24960907082458306,21.04705314288926,20.5,21.5
1105.0,20.818199800679672,21.19601126351215,-18.356706124115675,21.0,0,-0.19601126351215115,20.660033190387832,20.5,21.5
1106.0,20.810364819494712,21.221441328113077,-18.355711917938525,21.0,0,-0.2214413281130767,21.475741974122332,20.5,21.5
1107.0,20.802531604147227,21.18359970631196,-18.35471896395828,21.0,0,-0.1835997063119592,20.805183488300784,20.5,21.5
1108.0,20.794700154033606,21.121319613263633,-18.353727262931116,21.0,1,-0.12131961326363339,20.498518682780375,20.5,21.5
1109.0,20.806870468550212,21.23904991317654,-18.352736815612257,21.0,0,-0.23904991317654023,22.41635291230561,20.5,21.5
1110.0,20.799038547093378,21.1374859966813,-18.35174762275597,21.0,1,-0.13748599668129913,20.121846831728888,20.5,21.5
1111.0,20.81120838985941,21.14668920421511,-18.35075968511557,21.0,1,-0.1466892042151109,21.23872127955323,20.5,21.5
1112.0,20.823375996244415,21.09782230804888,-18.34977300344341,21.0,1,-0.09782230804887959,20.609153346386567,20.5,21.5
1113.0,20.835541366444478,21.14623550986243,-18.348787578490896,21.0,0,-0.14623550986242861,21.63036752799792,20.5,21.5
1114.0,20.82770450065549,21.122366614585037,-18.34780341100847,21.0,0,-0.12236661458503661,20.883677661811117,20.5,21.5
1115.0,20.819869399073156,21.234648635665877,-18.346820501745622,21.0,0,-0.23464863566587724,22.357468846474283,20.5,21.5
1116.0,20.812036061092993,21.158882079435678,-18.34583885145088,21.0,1,-0.15888207943567778,20.401216517133683,20.5,21.5
1117.0,20.824204486110485,21.227233898287192,-18.3448584608718,21.0,0,-0.2272338982871922,21.910752086802336,20.5,21.5
1118.0,20.81637067352109,21.208678515234915,-18.343879330755012,21.0,0,-0.2086785152349151,21.023124684712144,20.5,21.5
1119.0,20.808538623520235,21.175611318708143,-18.342901461846154,21.0,0,-0.1756113187081425,20.844939353440417,20.5,21.5
1120.0,20.800708335503163,21.201409901011044,-18.341924854889918,21.0,0,-0.2014099010110435,21.459395724040053,20.5,21.5
1121.0,20.792879808865084,21.231785329039692,-18.340949510630033,21.0,0,-0.23178532903969185,21.535539609326175,20.5,21.5
1122.0,20.785053043001184,21.162904383919365,-18.339975429809265,21.0,1,-0.1629043839193649,20.474094932716095,20.5,21.5
1123.0,20.797228037306624,21.094023438799038,-18.33900261316942,21.0,1,-0.09402343879903796,20.40521398759577,20.5,21.5
1124.0,20.80940079117653,21.079311860790906,-18.338031061451343,21.0,1,-0.0793118607909058,20.932196080709584,20.5,21.5
1125.0,20.821571304806003,21.01514433245143,-18.33706077539491,21.0,1,-0.015144332451431097,20.373469049056684,20.5,21.5
1126.0,20.833739578389963,21.090000827749385,-18.336091755739034,21.0,0,-0.09000082774938534,21.838565780728928,20.5,21.5
1127.0,20.825905612123137,21.156363815753355,-18.335124003221672,21.0,0,-0.15636381575335534,21.819993695793055,20.5,21.5
1128.0,20.818073406200067,21.227875604869155,-18.3341575185798,21.0,0,-0.2278756048691548,21.94299349602715,20.5,21.5
1129.0,20.81024296001511,21.15971315033799,-18.33319230254945,21.0,1,-0.15971315033798916,20.478088605026333,20.5,21.5
1130.0,20.822414272962597,21.224236612909294,-18.332228355865663,21.0,0,-0.2242366129092943,21.869471238622346,20.5,21.5
1131.0,20.81458334443683,21.13331057194797,-18.331265679262536,21.0,1,-0.1333105719479697,20.224050162334724,20.5,21.5
1132.0,20.82675417463209,21.067080152978342,-18.33030427347319,21.0,1,-0.0670801529783418,20.404775963282063,20.5,21.5
1133.0,20.838922762942467,21.09259857765945,-18.329344139229768,21.0,1,-0.09259857765945156,21.34778282447055,20.5,21.5
1134.0,20.851089109562032,21.17085038382092,-18.328385277263457,21.0,0,-0.17085038382091966,21.9533684454356,20.5,21.5
1135.0,20.84325321468467,21.114315736448866,-18.327427688304482,21.0,0,-0.11431573644886583,20.548969262728328,20.5,21.5
1136.0,20.83541907850407,21.16218743396193,-18.32647137308208,21.0,0,-0.16218743396192892,21.64090440909256,20.5,21.5
1137.0,20.827586700413754,21.224043118917034,-18.325516332324522,21.0,0,-0.22404311891703443,21.84259996846809,20.5,21.5
1138.0,20.819756079807206,21.151046248340485,-18.324562566759123,21.0,1,-0.15104624834048508,20.42107754257499,20.5,21.5
1139.0,20.831927216077894,21.074435458261338,-18.323610077112214,21.0,1,-0.07443545826133757,20.308327557469863,20.5,21.5
1140.0,20.844096108619254,21.099404998876416,-18.32265886410915,21.0,1,-0.09940499887641607,21.3491004050272,20.5,21.5
1141.0,20.85626275762471,21.098279904864558,-18.321708928474333,21.0,1,-0.09827990486455818,21.08702896474598,20.5,21.5
1142.0,20.86842716328749,21.101385392096503,-18.320760270931174,21.0,1,-0.10138539209650332,21.132440264415955,20.5,21.5
1143.0,20.880589325800646,21.101984849015043,-18.319812892202116,21.0,1,-0.10198484901504301,21.10797941820044,20.5,21.5
1144.0,20.892749245357045,21.151200579631215,-18.31886679300863,21.0,0,-0.15120057963121525,21.643357885792938,20.5,21.5
1145.0,20.884906922149373,21.11404414865878,-18.317921974071215,21.0,0,-0.1140441486587811,20.74247983893444,20.5,21.5
1146.0,20.87706635637013,21.127292770038167,-18.316978436109387,21.0,0,-0.1272927700381672,21.259778983832028,20.5,21.5
1147.0,20.869227547411633,21.16827779587509,-18.316036179841696,21.0,0,-0.1682777958750883,21.5781280542443,20.5,21.5
1148.0,20.861390494666182,21.218972560105417,-18.315095205985706,21.0,0,-0.2189725601054171,21.725920202408705,20.5,21.5
1149.0,20.853555197526052,21.147013539152358,-18.31415551525801,21.0,1,-0.1470135391523577,20.427423329621764,20.5,21.5
1150.0,20.865721655383496,21.15443336778578,-18.31321710837423,21.0,1,-0.15443336778578143,21.22863165412002,20.5,21.5
1151.0,20.877885867630745,21.135869127605144,-18.312279986048996,21.0,1,-0.1358691276051438,20.950226725798768,20.5,21.5
1152.0,20.89004783446001,21.083273728197494,-18.31134414899597,21.0,1,-0.08327372819749357,20.55731973412099,20.5,21.5
1153.0,20.902207556063317,21.11407979520194,-18.310409597927833,21.0,1,-0.11407979520193834,21.422140465246386,20.5,21.5
1154.0,20.914365032632517,21.217709589565544,-18.309476333556287,21.0,0,-0.2177095895655441,22.2540075332016,20.5,21.5
1155.0,20.90652026435928,21.233821566110727,-18.30854435659205,21.0,0,-0.23382156611072702,21.394941331562556,20.5,21.5
1156.0,20.89867725143509,21.246823924325163,-18.30761366774487,21.0,0,-0.2468239243251631,21.376847506469524,20.5,21.5
1157.0,20.890835993251255,21.2837472640042,-18.306684267723504,21.0,0,-0.2837472640042016,21.652980660794586,20.5,21.5
1158.0,20.88299648919906,21.18611535683167,-18.305756157235727,21.0,1,-0.1861153568316709,20.209796285106364,20.5,21.5
1159.0,20.89515873866977,21.10160783743145,-18.304829336988334,21.0,1,-0.10160783743145174,20.25653264342926,20.5,21.5
1160.0,20.907318741054638,21.134090829222533,-18.30390380768715,21.0,1,-0.1340908292225329,21.458920747133345,20.5,21.5
1161.0,20.91947649654489,21.209411527408555,-18.302979570036992,21.0,0,-0.2094115274085553,21.96261850926878,20.5,21.5
1162.0,20.911632005331573,21.208148840987178,-18.302056624741716,21.0,0,-0.20814884098717812,21.195521976773406,20.5,21.5
1163.0,20.903789267605557,21.28883467247671,-18.301134972504183,21.0,0,-0.28883467247671035,22.095692987372033,20.5,21.5
1164.0,20.895948282757534,21.369016588467353,-18.300214614026274,21.0,0,-0.3690165884673533,22.170835748373783,20.5,21.5
1165.0,20.888109050178176,21.307191490588202,-18.299295550008875,21.0,0,-0.3071914905882025,20.688940511796694,20.5,21.5
1166.0,20.880271569258138,21.134081650101333,-18.2983777811519,21.0,1,-0.13408165010133288,19.402983245232637,20.5,21.5
1167.0,20.892435839388057,21.11295408530604,-18.29746130815426,21.0,1,-0.11295408530603979,20.90167843735311,20.5,21.5
1168.0,20.90459785995855,21.100643119573892,-18.296546131713903,21.0,1,-0.10064311957389194,20.977533462252413,20.5,21.5
1169.0,20.916757631160216,21.1379983834433,-18.295632252527767,21.0,0,-0.13799838344329984,21.51155102213738,20.5,21.5
1170.0,20.90891515318348,21.13969453496379,-18.294719671291816,21.0,0,-0.13969453496379103,21.156656050168703,20.5,21.5
1171.0,20.901074426218585,21.25898336604588,-18.293808388701013,21.0,0,-0.2589833660458787,22.451871676866755,20.5,21.5
1172.0,20.893235449655602,21.205960619360223,-18.292898405449346,21.0,0,-0.2059606193602228,20.675733152503664,20.5,21.5
1173.0,20.885398222884582,21.144945904633936,-18.2919897222298,21.0,0,-0.14494590463393564,20.534798757371064,20.5,21.5
1174.0,20.87756274529556,21.071158042570104,-18.291082339734384,21.0,1,-0.07115804257010439,20.333279421931792,20.5,21.5
1175.0,20.889729016278554,21.12393917095388,-18.290176258654107,21.0,0,-0.12393917095387863,21.65175045479162,20.5,21.5
1176.0,20.88189303522357,21.03045278865266,-18.289271479678987,21.0,1,-0.03045278865265999,20.095588965640474,20.5,21.5
1177.0,20.89405880232059,21.082201865464476,-18.288368003498054,21.0,0,-0.0822018654644765,21.59969263358264,20.5,21.5
1178.0,20.886222316959426,21.07344113292297,-18.28746583079934,21.0,0,-0.07344113292296939,20.9858338075079,20.5,21.5
1179.0,20.878387579329875,21.15607982703774,-18.2865649622699,21.0,0,-0.1560798270377397,21.982466768185443,20.5,21.5
1180.0,20.870554588821555,21.176110992319796,-18.285665398595775,21.0,0,-0.17611099231979566,21.376422645140355,20.5,21.5
1181.0,20.862723344824072,21.200525508822484,-18.284767140462023,21.0,0,-0.20052550882248354,21.444670673849362,20.5,21.5
1182.0,20.854893846727016,21.19256015127538,-18.28387018855271,21.0,0,-0.19256015127538006,21.112906575804345,20.5,21.5
1183.0,20.84706609391996,21.235203997296132,-18.282974543550903,21.0,0,-0.23520399729613217,21.661642457503653,20.5,21.5
1184.0,20.839240085792465,21.119398509357644,-18.282080206138673,21.0,1,-0.1193985093576444,19.961343629972767,20.5,21.5
1185.0,20.85141582173408,21.04773127025131,-18.281187176997094,21.0,1,-0.04773127025131174,20.331058879187985,20.5,21.5
1186.0,20.863589301134333,21.067823927065902,-18.280295456806254,21.0,1,-0.06782392706590201,21.268750495211805,20.5,21.5
1187.0,20.875760524182745,21.104322663543062,-18.27940504624523,21.0,1,-0.10432266354306208,21.469310028314663,20.5,21.5
1188.0,20.88792949106866,21.096850763451748,-18.278515945992112,21.0,1,-0.09685076345174792,21.022131762538606,20.5,21.5
1189.0,20.90009620198125,21.09436201460096,-18.27762815672399,21.0,1,-0.09436201460096072,21.06947452609309,20.5,21.5
1190.0,20.91226065710951,21.1460538637726,-18.27674167911695,21.0,0,-0.14605386377260032,21.662972355488996,20.5,21.5
1191.0,20.904422856642263,21.198555577945314,-18.275856513846083,21.0,0,-0.19855557794531364,21.723572719672447,20.5,21.5
1192.0,20.896586800768166,21.18478840452653,-18.274972661585487,21.0,0,-0.1847884045265289,21.04711667033868,20.5,21.5
1193.0,20.888752488875696,21.19561961806524,-18.274090123008246,21.0,0,-0.19561961806524053,21.303931753452357,20.5,21.5
1194.0,20.880919920353318,21.25838521305844,-18.273208898786457,21.0,0,-0.258385213058439,21.886041162990423,20.5,21.5
1195.0,20.87308909458949,21.237500744133566,-18.27232898959121,21.0,0,-0.23750074413356614,21.028656054884838,20.5,21.5
1196.0,20.86526001097265,21.193678719456848,-18.27145039609259,21.0,0,-0.19367871945684811,20.755458472689668,20.5,21.5
1197.0,20.85743266889124,21.141053320095732,-18.27057311895969,21.0,0,-0.14105332009573246,20.614799326484576,20.5,21.5
1198.0,20.84960706773367,21.161192605196494,-18.26969715886059,21.0,0,-0.1611926051964936,21.362585456204105,20.5,21.5
1199.0,20.841783206888348,21.149837671153552,-18.268822516462375,21.0,0,-0.14983767115355207,21.036288330724137,20.5,21.5
1200.0,20.833961085743677,21.120240305642007,-18.267949192431125,21.0,0,-0.12024030564200672,20.824266650526553,20.5,21.5
1201.0,20.826140703688043,21.215795684242117,-18.267077187431905,21.0,0,-0.21579568424211715,22.17134947024322,20.5,21.5
1202.0,20.818322060109818,21.18699349735247,-18.266206502128796,21.0,0,-0.1869934973524714,20.898971628456014,20.5,21.5
1203.0,20.81050515439737,21.17184887335145,-18.265337137184854,21.0,0,-0.1718488733514505,21.02040263334124,20.5,21.5
1204.0,20.802689985939054,21.144850219685672,-18.264469093262143,21.0,0,-0.14485021968567224,20.87486368302789,20.5,21.5
1205.0,20.794876554123213,21.146098066705143,-18.263602371021715,21.0,0,-0.14609806670514303,21.15857653689985,20.5,21.5
1206.0,20.787064858338184,21.0734165903222,-18.262736971123616,21.0,1,-0.07341659032219994,20.34660182649277,20.5,21.5
1207.0,20.79925489797229,21.135735916688613,-18.26187289422689,21.0,0,-0.1357359166886134,21.758929180352748,20.5,21.5
1208.0,20.79144267241385,21.148555693191742,-18.261010140989562,21.0,0,-0.14855569319174222,21.27675345822303,20.5,21.5
1209.0,20.78363218185117,21.151447488012856,-18.260148712068663,21.0,0,-0.151447488012856,21.180365436223994,20.5,21.5
1210.0,20.77582342567239,21.176633004299482,-18.2592886081202,21.0,0,-0.17663300429948237,21.428488167165746,20.5,21.5
1211.0,20.76801640326563,21.200213172550598,-18.25842982979919,21.0,0,-0.20021317255059756,21.43601485506175,20.5,21.5
1212.0,20.760211114019018,21.190667894833755,-18.257572377759622,21.0,0,-0.19066789483375501,21.09521511766533,20.5,21.5
1213.0,20.752407557320662,21.15647978695418,-18.256716252654485,21.0,0,-0.1564797869541792,20.81459870815842,20.5,21.5
1214.0,20.744605732558668,21.108089587866658,-18.255861455135758,21.0,0,-0.10808958786665812,20.624187596991447,20.5,21.5
1215.0,20.73680563912113,21.069870628631104,-18.255007985854405,21.0,0,-0.06987062863110438,20.687681036275567,20.5,21.5
1216.0,20.729007276396135,21.0699387404434,-18.25415584546038,21.0,0,-0.06993874044340131,21.07061985856637,20.5,21.5
1217.0,20.721210643771766,21.04215857744334,-18.253305034602626,21.0,0,-0.04215857744334173,20.764356947442746,20.5,21.5
1218.0,20.71341574063609,20.996549525969648,-18.252455553929067,21.0,0,0.0034504740303518133,20.540459011232713,20.5,21.5
1219.0,20.705622566377176,21.11295951716309,-18.25160740408663,21.0,0,-0.11295951716309105,22.27705942909752,20.5,21.5
1220.0,20.697831120383082,21.07900664208269,-18.25076058572121,21.0,0,-0.07900664208268893,20.739477891278668,20.5,21.5
1221.0,20.69004140204186,21.015102251943166,-18.249915099477697,21.0,1,-0.015102251943165612,20.376058350547932,20.5,21.5
1222.0,20.702253410741555,20.997153355720936,-18.249070945999964,21.0,1,0.0028466442790637814,20.817664393498642,20.5,21.5
1223.0,20.71446314587021,21.035242975048874,-18.248228125930876,21.0,1,-0.03524297504887386,21.41613916832825,20.5,21.5
1224.0,20.726670607615848,21.00534153143838,-18.24738663991227,21.0,1,-0.005341531438379121,20.70632709533343,20.5,21.5
1225.0,20.738875796166344,21.057937408362832,-18.246546488584983,21.0,0,-0.05793740836283234,21.583896177607365,20.5,21.5
1226.0,20.731078711709394,21.069964028859978,-18.24570767258882,21.0,0,-0.0699640288599781,21.190230233831436,20.5,21.5
1227.0,20.723283354432535,21.05262358803256,-18.24487019256258,21.0,0,-0.052623588032560065,20.87921917975838,20.5,21.5
1228.0,20.715489723723135,21.003033455923553,-18.24403404914404,21.0,0,-0.0030334559235534186,20.507132134833487,20.5,21.5
1229.0,20.707697818968562,20.987365860050495,-18.243199242969954,21.0,0,0.012634139949504686,20.830689901319914,20.5,21.5
1230.0,20.699907639556173,20.95733844928134,-18.24236577467607,21.0,0,0.04266155071865896,20.6570643415898,20.5,21.5
1231.0,20.692119184873327,20.945448025970165,-18.241533644897107,21.0,0,0.05455197402983458,20.82654379285841,20.5,21.5
1232.0,20.684332454307373,20.940397690326265,-18.240702854266768,21.0,0,0.059602309673735476,20.889894333887256,20.5,21.5
1233.0,20.67654744724566,20.99935522306415,-18.239873403417736,21.0,0,0.0006447769358501887,21.588930550443003,20.5,21.5
1234.0,20.668764163075526,20.97670983373251,-18.239045292981675,21.0,0,0.02329016626748981,20.750255940416114,20.5,21.5
1235.0,20.660982601184315,20.99084250475628,-18.23821852358923,21.0,0,0.009157495243719893,21.13216921499398,20.5,21.5
1236.0,20.65320276095936,20.955501491135998,-18.237393095870015,21.0,0,0.04449850886400242,20.602091354933172,20.5,21.5
1237.0,20.645424641787994,20.962631409617916,-18.236569010452634,21.0,0,0.03736859038208351,21.033930594437106,20.5,21.5
1238.0,20.637648243057544,20.91152027410535,-18.235746267964664,21.0,1,0.08847972589465058,20.40040891897968,20.5,21.5
1239.0,20.64987356415534,20.804533208835416,-18.234924869032657,21.0,1,0.1954667911645842,19.73466255613608,20.5,21.5
1240.0,20.6620966044687,20.82646711651095,-18.234104814282148,21.0,1,0.17353288348904883,21.045806193266305,20.5,21.5
1241.0,20.67431736418495,20.814796300225158,-18.233286104337637,21.0,1,0.18520369977484208,20.698088137367225,20.5,21.5
1242.0,20.686535843491246,20.88429119759305,-18.232468739822615,21.0,0,0.11570880240694947,21.579240171271977,20.5,21.5
1243.0,20.678752042574583,20.93666711119168,-18.231652721359534,21.0,0,0.06333288880831844,21.460426247177992,20.5,21.5
1244.0,20.670969961621797,20.96178271113403,-18.230838049569833,21.0,0,0.03821728886596887,21.212938710557527,20.5,21.5
1245.0,20.663189600019557,20.863345175916763,-18.230024725073918,21.0,1,0.13665482408323726,19.87896982374408,20.5,21.5
1246.0,20.675410957154536,20.88528817045558,-18.229212748491168,21.0,1,0.11471182954441872,21.104718115843767,20.5,21.5
1247.0,20.687630032413406,20.848606594049627,-18.228402120439945,21.0,1,0.15139340595037254,20.48179082999009,20.5,21.5
1248.0,20.699846825982835,20.8463155303744,-18.22759284153757,21.0,1,0.153684469625599,20.823404893622136,20.5,21.5
1249.0,20.71206133804933,20.9289957681513,-18.22678491240035,21.0,0,0.07100423184870053,21.755798145920284,20.5,21.5
1250.0,20.70427356879924,21.07704670366849,-18.225978333643557,21.0,0,-0.07704670366848987,22.557556058840394,20.5,21.5
1251.0,20.696487518418753,21.066978020801955,-18.22517310588143,21.0,0,-0.06697802080195459,20.9662911921366,20.5,21.5
1252.0,20.688703186293893,21.068579123524053,-18.2243692297272,21.0,0,-0.06857912352405293,21.084590150745036,20.5,21.5
1253.0,20.680920571810688,21.03774546602377,-18.223566705793033,21.0,0,-0.03774546602377171,20.72940889102096,20.5,21.5
1254.0,20.673139674355166,21.034281804673693,-18.222765534690105,21.0,0,-0.03428180467369302,20.999645191172906,20.5,21.5
1255.0,20.665360493313358,20.96506234299627,-18.221965717028528,21.0,1,0.03493765700373075,20.27286772622203,20.5,21.5
1256.0,20.67758302807129,20.993345349943635,-18.221167253417406,21.0,1,0.006654650056365341,21.27617541941729,20.5,21.5
1257.0,20.689803278014992,20.986460280920625,-18.220370144464802,21.0,1,0.013539719079375345,20.917609590690525,20.5,21.5
1258.0,20.702021243330496,21.015062939482323,-18.219574390777748,21.0,1,-0.0150629394823234,21.30108952509931,20.5,21.5
1259.0,20.714236924203675,20.958241784683068,-18.218779992962247,21.0,1,0.041758215316932024,20.390030236690514,20.5,21.5
1260.0,20.72645032082024,20.961148907871202,-18.217986951623264,21.0,1,0.038851092128798115,20.99022013975254,20.5,21.5
1261.0,20.738661433365753,20.91355568451134,-18.21719526736474,21.0,1,0.08644431548865938,20.437623450912728,20.5,21.5
1262.0,20.750870262025607,20.86530849368802,-18.216404940789573,21.0,1,0.1346915063119809,20.382836585454804,20.5,21.5
1263.0,20.763076806985044,20.842095638137558,-18.21561597249963,21.0,1,0.1579043618624425,20.60996708263294,20.5,21.5
1264.0,20.77528106842915,20.824978598224256,-18.214828363095748,21.0,1,0.17502140177574432,20.653808199091237,20.5,21.5
1265.0,20.787483046542842,20.808448721387315,-18.214042113177726,21.0,1,0.1915512786126854,20.643149953017904,20.5,21.5
1266.0,20.7996827415109,20.885724154518044,-18.213257223344325,21.0,0,0.11427584548195568,21.65847848582534,20.5,21.5
1267.0,20.79188015351793,20.904039344872007,-18.212473694193275,21.0,0,0.09596065512799257,21.08719124841164,20.5,21.5
1268.0,20.784079282748387,20.913272951880714,-18.211691526321264,21.0,0,0.08672704811928611,21.00560902196778,20.5,21.5
1269.0,20.776280128586574,20.95092250257712,-18.21091072032395,21.0,0,0.04907749742287848,21.327418009541198,20.5,21.5
1270.0,20.768482690416793,20.9800941139468,-18.21013127679595,21.0,0,0.01990588605319843,21.271810227643602,20.5,21.5
1271.0,20.76068696762335,20.961369091154474,-18.209353196330845,21.0,0,0.038630908845526335,20.774118863231195,20.5,21.5
1272.0,20.75289295959056,21.051961439323325,-18.208576479521174,21.0,0,-0.051961439323324754,21.957884921011836,20.5,21.5
1273.0,20.74510066570274,21.028530372305077,-18.207801126958444,21.0,0,-0.02853037230507738,20.794219702122604,20.5,21.5
1274.0,20.73731008534421,21.044840443977392,-18.20702713923312,21.0,0,-0.0448404439773924,21.207941160700543,20.5,21.5
1275.0,20.729521217899293,21.028412451746593,-18.206254516934624,21.0,0,-0.028412451746593348,20.864132529438603,20.5,21.5
1276.0,20.721734062752326,21.07102183621975,-18.20548326065134,21.0,0,-0.07102183621974945,21.49711568095131,20.5,21.5
1277.0,20.713948619287645,21.025854931140195,-18.204713370970623,21.0,0,-0.025854931140194992,20.57418588034465,20.5,21.5
1278.0,20.706164886889592,21.065931882159475,-18.20394484847877,21.0,0,-0.06593188215947521,21.466701392352277,20.5,21.5
1279.0,20.69838286494252,21.009102482958987,-18.20317769376104,21.0,1,-0.009102482958986968,20.440808490954105,20.5,21.5
1280.0,20.710602552830778,21.034102902835183,-18.202411907401668,21.0,1,-0.03410290283518336,21.284107101597147,20.5,21.5
1281.0,20.72281994993873,21.040603810501118,-18.20164748998382,21.0,1,-0.04060381050111772,21.10561288716046,20.5,21.5
1282.0,20.735035056450748,21.030722603610847,-18.200884442089638,21.0,1,-0.030722603610847443,20.931910534708145,20.5,21.5
1283.0,20.74724787255104,21.004278511231632,-18.200122764300218,21.0,1,-0.004278511231632365,20.73983758743948,20.5,21.5
1284.0,20.759458398423668,21.09723756142916,-18.199362457195612,21.0,0,-0.09723756142916073,22.026828063404444,20.5,21.5
1285.0,20.751666634252544,21.13594227211872,-18.198603521354826,21.0,0,-0.13594227211871868,21.522989379014298,20.5,21.5
1286.0,20.74387658022142,21.04548962867217,-18.197845957355817,21.0,1,-0.045489628672168436,20.140963194206666,20.5,21.5
1287.0,20.756088235713907,21.057121515847758,-18.19708976577551,21.0,1,-0.05712151584775782,21.17344038760365,20.5,21.5
1288.0,20.76829760011361,21.1117343146232,-18.196334947189772,21.0,0,-0.11173431462319883,21.65786230237761,20.5,21.5
1289.0,20.76050467360415,21.129599685035917,-18.195581502173436,21.0,0,-0.12959968503591668,21.308253389163095,20.5,21.5
1290.0,20.752713456368994,21.059122069638494,-18.194829431300278,21.0,1,-0.05912206963849442,20.354345915664272,20.5,21.5
1291.0,20.76492394779146,20.99742166444905,-18.194078735143037,21.0,1,0.002578335550950328,20.380417612554602,20.5,21.5
1292.0,20.77713214725487,21.05195611979321,-18.1933294142734,21.0,0,-0.051956119793210576,21.59730067323482,20.5,21.5
1293.0,20.769338054942565,20.971531783449944,-18.192581469262002,21.0,1,0.02846821655005627,20.167288420017275,20.5,21.5
1294.0,20.781545671037726,21.036418318814242,-18.191834900678444,21.0,0,-0.03641831881424196,21.685283672457224,20.5,21.5
1295.0,20.773750994923383,21.071473741582622,-18.191089709091266,21.0,0,-0.0714737415826221,21.422027969266423,20.5,21.5
1296.0,20.76595802678258,21.14898702510612,-18.19034589506796,21.0,0,-0.14898702510611983,21.924119860341097,20.5,21.5
1297.0,20.75816676599821,21.076669667644204,-18.189603459174982,21.0,1,-0.0766696676442038,20.353496093025043,20.5,21.5
1298.0,20.77037721195318,21.11627201844351,-18.188862401977723,21.0,0,-0.1162720184435102,21.512295526436574,20.5,21.5
1299.0,20.762585364030393,20.96229782589528,-18.18812272404053,21.0,1,0.03770217410471943,19.422555900412984,20.5,21.5
1300.0,20.774795222412777,20.94114775250742,-18.1873844259267,21.0,1,0.058852247492581,20.729647018628803,20.5,21.5
1301.0,20.78700278648311,21.019979072616646,-18.186647508198483,21.0,0,-0.01997907261664622,21.80829227370892,20.5,21.5
1302.0,20.779208056424174,21.00731067029498,-18.18591197141707,21.0,0,-0.007310670294980781,20.880626647078326,20.5,21.5
1303.0,20.771415032418606,20.991901588941296,-18.185177816142605,21.0,0,0.008098411058703903,20.83781077540445,20.5,21.5
1304.0,20.763623713848894,21.022249380097833,-18.184445042934183,21.0,0,-0.022249380097832727,21.3257272916632,20.5,21.5
1305.0,20.755834100097537,20.949913002304115,-18.183713652349837,21.0,1,0.050086997695885316,20.226549224366934,20.5,21.5
1306.0,20.768046190547047,20.904723851793513,-18.182983644946557,21.0,1,0.09527614820648722,20.452832346687494,20.5,21.5
1307.0,20.78025598457995,20.95861139187277,-18.182255021280273,21.0,1,0.04138860812723166,21.497486792665324,20.5,21.5
1308.0,20.792463482378775,21.045135884102265,-18.181527781905864,21.0,0,-0.04513588410226532,21.910380806397235,20.5,21.5
1309.0,20.78466868412592,21.076390012522147,-18.180801927377154,21.0,0,-0.07639001252214683,21.388931296720962,20.5,21.5
1310.0,20.776875590003616,21.12744051697047,-18.180077458246913,21.0,0,-0.12744051697046999,21.6379455614537,20.5,21.5
1311.0,20.769084199393966,21.146282262127407,-18.179354375066858,21.0,0,-0.14628226212740714,21.33469971369678,20.5,21.5
1312.0,20.761294511679072,21.123328286596642,-18.178632678387647,21.0,0,-0.1233282865966423,20.893788531288994,20.5,21.5
1313.0,20.753506526241058,21.054126914405536,-18.177912368758882,21.0,1,-0.0541269144055363,20.362113192494476,20.5,21.5
1314.0,20.76572024246206,21.13567462908511,-18.17719344672911,21.0,0,-0.1356746290851092,21.951151775880838,20.5,21.5
1315.0,20.75793165972422,21.131022276960984,-18.176475912845824,21.0,0,-0.13102227696098367,21.08449875571973,20.5,21.5
1316.0,20.75014477820971,21.11556982968627,-18.175759767655453,21.0,0,-0.11556982968626883,20.96104535693912,20.5,21.5
1317.0,20.742359597300535,21.061929191229204,-18.17504501170338,21.0,0,-0.06192919122920415,20.525522806658557,20.5,21.5
1318.0,20.734576116378733,21.087304574516327,-18.174331645533915,21.0,0,-0.08730457451632745,21.34105840738756,20.5,21.5
1319.0,20.72679433482635,21.040844228987584,-18.17361966969032,21.0,0,-0.04084422898758433,20.576240773700153,20.5,21.5
1320.0,20.71901425202545,21.032916381193328,-18.1729090847148,21.0,0,-0.03291638119332774,20.953637903250762,20.5,21.5
1321.0,20.711235867358102,21.080485152709066,-18.172199891148487,21.0,0,-0.0804851527090662,21.55617286786645,20.5,21.5
1322.0,20.7034591802064,21.16937819084363,-18.171492089531473,21.0,0,-0.1693781908436307,22.058308572189276,20.5,21.5
1323.0,20.695684189952456,21.131366968994673,-18.170785680402773,21.0,0,-0.13136696899467282,20.751254750505094,20.5,21.5
1324.0,20.687910895978384,21.070999638141608,-18.17008066430035,21.0,1,-0.07099963814160759,20.467326329610955,20.5,21.5
1325.0,20.70013929766633,21.084495972313455,-18.169377041761106,21.0,1,-0.08449597231345507,21.21945931403193,20.5,21.5
1326.0,20.712365394398443,21.022252521011687,-18.168674813320877,21.0,1,-0.022252521011687065,20.399818007994007,20.5,21.5
1327.0,20.724589186356898,20.996843716263292,-18.167973979514443,21.0,1,0.0031562837367076213,20.742755668779346,20.5,21.5
1328.0,20.736810673723724,20.952131693410045,-18.16727454087552,21.0,1,0.04786830658995456,20.505011464877576,20.5,21.5
1329.0,20.749029856680803,20.916023929059964,-18.16657649793676,21.0,1,0.0839760709400359,20.55494628555915,20.5,21.5
1330.0,20.76124673540988,20.903263749871066,-18.165879851229754,21.0,1,0.09673625012893439,20.77566195798208,20.5,21.5
1331.0,20.773461310092554,20.96447564991369,-18.165184601285024,21.0,0,0.03552435008630894,21.576594650339946,20.5,21.5
1332.0,20.765673580910278,20.937584162709243,-18.164490748632037,21.0,0,0.06241583729075728,20.66866929066476,20.5,21.5
1333.0,20.75788754804437,20.93836877948236,-18.163798293799193,21.0,0,0.06163122051763992,20.946214947213534,20.5,21.5
1334.0,20.750103210876002,20.975676613174652,-18.163107237313824,21.0,0,0.024323386825347626,21.348754950097575,20.5,21.5
1335.0,20.742320568786365,21.0318584717211,-18.162417579702204,21.0,0,-0.03185847172110101,21.593677057185587,20.5,21.5
1336.0,20.734539621156667,21.01794890097464,-18.16172932148953,21.0,0,-0.01794890097464119,20.878853193510043,20.5,21.5
1337.0,20.726760367368136,20.965995241450436,-18.161042463199948,21.0,1,0.034004758549563974,20.446458646208384,20.5,21.5
1338.0,20.738982806802024,21.04102798515009,-18.160357005356524,21.0,0,-0.041027985150090984,21.79135542214664,20.5,21.5
1339.0,20.731202938839594,20.972025563279054,-18.15967294848127,21.0,1,0.027974436720946017,20.282001344568684,20.5,21.5
1340.0,20.74342476366213,20.999656770356808,-18.15899029309512,21.0,1,0.0003432296431924442,21.275968841134343,20.5,21.5
1341.0,20.755644280650777,20.945656647486167,-18.15830903971795,21.0,1,0.0543433525138326,20.405655418779766,20.5,21.5
1342.0,20.767861489986704,20.983930539706048,-18.157629188868558,21.0,1,0.016069460293952176,21.366669461904852,20.5,21.5
1343.0,20.780076391850933,20.999700654244947,-18.156950741064684,21.0,1,0.00029934575505308203,21.157401799633938,20.5,21.5
1344.0,20.79228898642435,21.119174801881854,-18.156273696823,21.0,0,-0.11917480188185436,22.31391627825093,20.5,21.5
1345.0,20.7844992738877,21.06260190632886,-18.155598056659095,21.0,1,-0.06260190632886165,20.496872950798934,20.5,21.5
1346.0,20.79671125442159,21.060360136181224,-18.154923821087507,21.0,1,-0.06036013618122382,21.037942434704846,20.5,21.5
1347.0,20.80892092740649,21.15787074390087,-18.15425099062169,21.0,0,-0.15787074390086886,22.13297682109732,20.5,21.5
1348.0,20.801128293022884,21.156804144521622,-18.153579565774038,21.0,0,-0.1568041445216224,21.146138150729158,20.5,21.5
1349.0,20.793337351451125,21.121885247572003,-18.152909547055867,21.0,0,-0.1218852475720027,20.772696278075806,20.5,21.5
1350.0,20.785548102071424,21.133565703720826,-18.152240934977428,21.0,0,-0.13356570372082643,21.250370265209064,20.5,21.5
1351.0,20.777760544264012,21.098285753979244,-18.151573730047893,21.0,0,-0.0982857539792441,20.74548625656342,20.5,21.5
1352.0,20.76997467740915,21.020842918644934,-18.150907932775375,21.0,1,-0.020842918644934372,20.246414565301837,20.5,21.5
1353.0,20.78219050088711,21.042241894617874,-18.150243543666903,21.0,1,-0.042241894617873754,21.256231654347268,20.5,21.5
1354.0,20.7944040140782,21.045031651878794,-18.149580563228437,21.0,1,-0.04503165187879432,21.072929224488,20.5,21.5
1355.0,20.80661521716274,21.08546114816224,-18.14891899196487,21.0,1,-0.08546114816223849,21.48975611099668,20.5,21.5
1356.0,20.818824110320914,21.163725954221075,-18.14825883038001,21.0,0,-0.16372595422107494,21.94637401480944,20.5,21.5
1357.0,20.811030693732775,21.18140269023683,-18.14760007897661,21.0,0,-0.18140269023682976,21.358170050394378,20.5,21.5
1358.0,20.803238967578235,21.08064400718226,-18.146942738256325,21.0,1,-0.08064400718226139,20.073057176636578,20.5,21.5
1359.0,20.815448931237068,21.104861271406197,-18.146286808719758,21.0,1,-0.10486127140619672,21.34703391364555,20.5,21.5
1360.0,20.827656584089077,21.044190850826812,-18.145632290866423,21.0,1,-0.04419085082681207,20.437486645032966,20.5,21.5
1361.0,20.839861926314086,21.068472927145905,-18.14497918519477,21.0,1,-0.0684729271459048,21.311293690336832,20.5,21.5
1362.0,20.852064958091784,21.068262296043894,-18.14432749220216,21.0,1,-0.06826229604389411,21.066155985023787,20.5,21.5
1363.0,20.864265679601726,21.209631472449125,-18.143677212384887,21.0,0,-0.20963147244912506,22.623323236501435,20.5,21.5
1364.0,20.856464091023327,21.180698911328374,-18.143028346238175,21.0,0,-0.18069891132837412,20.891373300120865,20.5,21.5
1365.0,20.848664192535875,21.24831707599133,-18.14238089425615,21.0,0,-0.24831707599133068,21.924498722620896,20.5,21.5
1366.0,20.840865983518515,21.3205830206639,-18.141734856931887,21.0,0,-0.3205830206639,22.043242467389593,20.5,21.5
1367.0,20.833069463350427,21.36150406643285,-18.141090234757367,21.0,0,-0.3615040664328504,21.770714524122354,20.5,21.5
1368.0,20.825274631410807,21.33630517193084,-18.140447028223498,21.0,0,-0.33630517193083875,21.084316226910722,20.5,21.5
1369.0,20.81748148707888,21.31119247040284,-18.139805237820106,21.0,0,-0.31119247040284037,21.060065455122857,20.5,21.5
1370.0,20.8096900297339,21.275653997343177,-18.13916486403595,21.0,0,-0.2756539973431771,20.920269266746544,20.5,21.5
1371.0,20.801900258755147,21.217254978032564,-18.138525907358698,21.0,0,-0.21725497803256388,20.633264784926432,20.5,21.5
1372.0,20.794112173521924,21.19950645285022,-18.137888368274943,21.0,0,-0.19950645285021906,21.02202120102677,20.5,21.5
1373.0,20.786325773413566,21.122716771917364,-18.1372522472702,21.0,1,-0.1227167719173643,20.354819962588817,20.5,21.5
1374.0,20.79854105780943,21.150449266246646,-18.1366175448289,21.0,1,-0.15044926624664612,21.427774209539464,20.5,21.5
1375.0,20.8107540260889,21.125670238014926,-18.135984261434402,21.0,1,-0.12567023801492638,20.87787995569773,20.5,21.5
1376.0,20.822964678431397,21.195179294198436,-18.135352397568976,21.0,0,-0.19517929419843583,21.89026985603353,20.5,21.5
1377.0,20.815173015016196,21.15170694031216,-18.13472195371381,21.0,0,-0.1517069403121596,20.716983401449397,20.5,21.5
1378.0,20.80738303602245,21.198874651022628,-18.13409293034902,21.0,0,-0.1988746510226278,21.67055175812731,20.5,21.5
1379.0,20.799594740829175,21.149751227733887,-18.133465327953637,21.0,0,-0.14975122773388705,20.65851699484648,20.5,21.5
1380.0,20.79180812881542,21.178434591817968,-18.132839147005598,21.0,0,-0.17843459181796817,21.46526823265878,20.5,21.5
1381.0,20.784023199360256,21.086230248654925,-18.132214387981772,21.0,1,-0.08623024865492468,20.16418681702449,20.5,21.5
1382.0,20.796239951842786,21.14500500930014,-18.13159105135794,21.0,0,-0.1450050093001387,21.73275261575228,20.5,21.5
1383.0,20.788454385642147,21.138003736719156,-18.1309691376088,21.0,0,-0.13800373671915622,21.06799101090933,20.5,21.5
1384.0,20.780670500937497,21.133230650538003,-18.13034864720797,21.0,0,-0.1332306505380032,21.085499788726473,20.5,21.5
1385.0,20.77288829710787,21.080312438145135,-18.129729580627977,21.0,0,-0.08031243814513545,20.551130314216458,20.5,21.5
1386.0,20.76510777353232,21.035064908931044,-18.129111938340266,21.0,0,-0.035064908931044414,20.582589616790134,20.5,21.5
1387.0,20.757328929589946,21.041882208177263,-18.1284957208152,21.0,0,-0.04188220817726318,21.11005520063945,20.5,21.5
1388.0,20.749551764659866,21.022483777781446,-18.127880928522053,21.0,0,-0.022483777781445724,20.82849947382327,20.5,21.5
1389.0,20.74177627812123,21.05929758798702,-18.12726756192902,21.0,0,-0.05929758798702167,21.42743569004278,20.5,21.5
1390.0,20.734002469353218,21.094895092440225,-18.126655621503204,21.0,0,-0.09489509244022543,21.450870136972263,20.5,21.5
1391.0,20.726230337735046,21.09792868444316,-18.126045107710624,21.0,0,-0.09792868444316127,21.12826460447252,20.5,21.5
1392.0,20.718459882645956,21.04911591831549,-18.125436021016217,21.0,0,-0.04911591831548989,20.560988257038776,20.5,21.5
1393.0,20.710691103465223,20.997944293180588,-18.12482836188382,21.0,1,0.0020557068194122508,20.486228041831566,20.5,21.5
1394.0,20.722923999572153,20.934376970789554,-18.124222130776204,21.0,1,0.06562302921044605,20.298703746879216,20.5,21.5
1395.0,20.735154570346083,20.85124385968458,-18.12361732815503,21.0,1,0.14875614031542028,20.019912748634837,20.5,21.5
1396.0,20.747382815966382,20.83488831458368,-18.12301395448089,21.0,1,0.1651116854163206,20.671332863574676,20.5,21.5
1397.0,20.759608736612293,20.80731971970139,-18.122412010213267,21.0,1,0.19268028029861028,20.531633770878493,20.5,21.5
1398.0,20.771832332462928,20.86384070386972,-18.121811495810583,21.0,1,0.13615929613028044,21.429050545553018,20.5,21.5
1399.0,20.784053603697274,20.89688616570934,-18.12121241173014,21.0,1,0.10311383429066012,21.227340784105543,20.5,21.5
1400.0,20.796272550494187,20.94867483745474,-18.120614758428182,21.0,1,0.051325162545261094,21.46656155490873,20.5,21.5
1401.0,20.808489173032402,21.0179573868212,-18.12001853635984,21.0,0,-0.017957386821201737,21.71078288048583,20.5,21.5
1402.0,20.800703471490525,21.02191111374726,-18.119423745979162,21.0,0,-0.021911113747261624,21.06144838300786,20.5,21.5
1403.0,20.79291944604703,21.07373242642621,-18.11883038773911,21.0,0,-0.07373242642621136,21.59194555321571,20.5,21.5
1404.0,20.785137096080273,21.163989634703164,-18.118238462091547,21.0,0,-0.16398963470316374,22.066561717472688,20.5,21.5
1405.0,20.77735642096864,21.180067378553023,-18.11764796948726,21.0,0,-0.1800673785530229,21.340844817051615,20.5,21.5
1406.0,20.76957742009055,21.125598457170682,-18.117058910375924,21.0,0,-0.12559845717068185,20.58090924334727,20.5,21.5
1407.0,20.761800092824455,21.139606776893082,-18.11647128520614,21.0,0,-0.13960677689308199,21.279689974117083,20.5,21.5
1408.0,20.75402443854885,21.072776511537782,-18.11588509442541,21.0,1,-0.07277651153778208,20.404473857984783,20.5,21.5
1409.0,20.766250456642254,21.00156126007132,-18.115300338480136,21.0,1,-0.0015612600713197367,20.289408745406696,20.5,21.5
1410.0,20.77847414648323,20.99518034595449,-18.114717017815643,21.0,1,0.00481965404550877,20.931371204786206,20.5,21.5
1411.0,20.79069550825037,21.012647803450513,-18.114135132876154,21.0,1,-0.01264780345051264,21.187322378410727,20.5,21.5
1412.0,20.802914542122142,21.107065966934265,-18.1135546841048,21.0,0,-0.10706596693426462,22.051247601771784,20.5,21.5
1413.0,20.795131248276896,21.19113449727741,-18.112975671943612,21.0,0,-0.19113449727741028,22.031819800708867,20.5,21.5
1414.0,20.78734962689285,21.296803122285475,-18.11239809683354,21.0,0,-0.2968031222854748,22.35348937236612,20.5,21.5
1415.0,20.779569677348107,21.389543358167355,-18.11182195921443,21.0,0,-0.3895433581673551,22.316945716986158,20.5,21.5
1416.0,20.771791399020795,21.452917112349212,-18.111247259525037,21.0,0,-0.45291711234921195,22.08665465416778,20.5,21.5
1417.0,20.764014791289085,21.379151320143336,-18.11067399820302,21.0,0,-0.3791513201433361,20.641493398084577,20.5,21.5
1418.0,20.756239853531188,21.263464188522743,-18.110102175684936,21.0,1,-0.2634641885227431,20.106592872316813,20.5,21.5
1419.0,20.768466585125346,21.188556364660435,-18.109531792406266,21.0,1,-0.18855636466043535,20.439478126037358,20.5,21.5
1420.0,20.78069098544984,21.128754925762813,-18.10896284880137,21.0,1,-0.1287549257628129,20.53074053678659,20.5,21.5
1421.0,20.79291305468299,21.134945387892135,-18.10839534530352,21.0,1,-0.1349453878921345,21.19685000918535,20.5,21.5
1422.0,20.805132793002993,21.148722582029567,-18.10782928234491,21.0,1,-0.148722582029567,21.286494523403892,20.5,21.5
1423.0,20.817350200587924,21.203206734796538,-18.10726466035661,21.0,0,-0.20320673479653806,21.74804826246625,20.5,21.5
1424.0,20.809565277615736,21.182737331700526,-18.106701479768606,21.0,0,-0.18273733170052608,20.978043300740406,20.5,21.5
1425.0,20.80178202426426,21.170418098823152,-18.10613974100979,21.0,0,-0.17041809882315206,21.047225770049412,20.5,21.5
1426.0,20.794000439911205,21.07756251040466,-18.105579444507942,21.0,1,-0.07756251040466111,20.14900662621975,20.5,21.5
1427.0,20.80622052393432,21.045468154368045,-18.105020590689758,21.0,1,-0.04546815436804508,20.724524594001885,20.5,21.5
1428.0,20.818438275711397,21.031652607481355,-18.10446317998083,21.0,1,-0.03165260748135523,20.893497138614457,20.5,21.5
1429.0,20.83065369542026,21.01857206203953,-18.103907212805645,21.0,1,-0.018572062039531545,20.887766607621295,20.5,21.5
1430.0,20.842866783238616,21.039206564109627,-18.103352689587602,21.0,1,-0.03920656410962664,21.245551584810578,20.5,21.5
1431.0,20.85507753934405,21.02173301819616,-18.102799610748992,21.0,1,-0.021733018196158582,20.846997559061478,20.5,21.5
1432.0,20.867285963914032,21.063532040803143,-18.102247976711006,21.0,1,-0.06353204080314256,21.481522266872982,20.5,21.5
1433.0,20.87949205712591,21.017980256711716,-18.10169778789374,21.0,1,-0.017980256711716436,20.562462415797455,20.5,21.5
1434.0,20.891695819156904,20.99938375065637,-18.101149044716195,21.0,1,0.0006162493436292493,20.813418690102914,20.5,21.5
1435.0,20.90389725018413,21.039380193714397,-18.100601747596244,21.0,1,-0.03938019371439694,21.43934462429466,20.5,21.5
1436.0,20.916096350384574,21.137554234418563,-18.100055896950696,21.0,0,-0.13755423441856252,22.11929464146022,20.5,21.5
1437.0,20.908293119935106,21.167544032149532,-18.09951149319523,21.0,0,-0.16754403214953228,21.46744200945923,20.5,21.5
1438.0,20.90049155901248,21.301662048744312,-18.098968536744433,21.0,0,-0.301662048744312,22.64284221469211,20.5,21.5
1439.0,20.89269166699333,21.367412959153956,-18.09842702801179,21.0,0,-0.3674129591539561,22.024922063250397,20.5,21.5
1440.0,20.884893443254327,21.343904155758754,-18.097886967409693,21.0,0,-0.34390415575875366,21.10881612180673,20.5,21.5
1441.0,20.877096887172193,21.320452529808108,-18.09734835534941,21.0,0,-0.320452529808108,21.08593627030165,20.5,21.5
1442.0,20.86930199812369,21.231208867793118,-18.096811192241123,21.0,1,-0.2312088677931179,20.338772247643217,20.5,21.5
1443.0,20.881508775485617,21.139358121067925,-18.096275478493904,21.0,1,-0.1393581210679251,20.220850653815997,20.5,21.5
1444.0,20.893713218634822,21.12792159284562,-18.095741214515723,21.0,1,-0.12792159284562032,21.013556310622572,20.5,21.5
1445.0,20.905915327748193,21.178915394962253,-18.095208400713442,21.0,0,-0.17891539496225306,21.68885341612858,20.5,21.5
1446.0,20.8981151030025,21.129425220376604,-18.09467703749283,21.0,0,-0.12942522037660353,20.63452347452011,20.5,21.5
1447.0,20.8903165445744,21.174731374154845,-18.09414712525853,21.0,0,-0.1747313741548453,21.627792911937263,20.5,21.5
1448.0,20.882519651840433,21.18229844897973,-18.093618664414105,21.0,0,-0.18229844897972924,21.25796919722857,20.5,21.5
1449.0,20.87472442417718,21.262175818781223,-18.093091655361995,21.0,0,-0.2621758187812233,22.060949516796164,20.5,21.5
1450.0,20.866930860961272,21.283133874001358,-18.092566098503546,21.0,0,-0.2831338740013578,21.492714426202703,20.5,21.5
1451.0,20.85913896156938,21.333014991294284,-18.092041994238986,21.0,0,-0.33301499129428436,21.83182616422355,20.5,21.5
1452.0,20.851348725378216,21.305436866329615,-18.091519342967445,21.0,0,-0.30543686632961453,21.029655616682916,20.5,21.5
1453.0,20.843560151764546,21.316048734971723,-18.09099814508695,21.0,0,-0.3160487349717229,21.422167421392807,20.5,21.5
1454.0,20.835773240105176,21.293381884510477,-18.090478400994407,21.0,0,-0.2933818845104774,21.066713379898022,20.5,21.5
1455.0,20.827987989776958,21.218443787230317,-18.089960111085627,21.0,1,-0.2184437872303171,20.469062814428714,20.5,21.5
1456.0,20.840204400156786,21.241173492806247,-18.089443275755315,21.0,1,-0.24117349280624722,21.46847054856555,20.5,21.5
1457.0,20.852418470621604,21.25984858997718,-18.088927895397056,21.0,1,-0.25984858997718163,21.446599561686526,20.5,21.5
1458.0,20.8646302013484,21.277370838593882,-18.08841397040334,21.0,1,-0.2773708385938818,21.452593324760883,20.5,21.5
1459.0,20.876839592514052,21.189921335783197,-18.08790150116554,21.0,1,-0.1899213357831968,20.315426307676347,20.5,21.5
1460.0,20.889046644295316,21.261865752934746,-18.08739048807393,21.0,0,-0.2618657529347459,21.981309924450237,20.5,21.5
1461.0,20.88125135686884,21.246256254159583,-18.086880931517662,21.0,0,-0.24625625415958297,21.090161266407954,20.5,21.5
1462.0,20.873457730411165,21.232906806084905,-18.086372831884784,21.0,0,-0.23290680608490533,21.09941232533813,20.5,21.5
1463.0,20.865665764298704,21.134028788779222,-18.085866189562243,21.0,1,-0.1340287887792222,20.14524861572239,20.5,21.5
1464.0,20.877875457907933,21.15452137266791,-18.085361004935866,21.0,1,-0.15452137266791155,21.359447211554805,20.5,21.5
1465.0,20.890082810615365,21.050813249462486,-18.084857278390373,21.0,1,-0.050813249462486,20.01373201740823,20.5,21.5
1466.0,20.902287822597565,21.00053029326306,-18.08435501030937,21.0,1,-0.00053029326306131,20.497700731268814,20.5,21.5
1467.0,20.914490494030982,21.031373802652503,-18.08385420107536,21.0,1,-0.031373802652503,21.33980889654692,20.5,21.5
1468.0,20.92669082509196,21.0884001044643,-18.083354851069736,21.0,0,-0.08840010446429858,21.658663122582254,20.5,21.5
1469.0,20.918888815956727,21.09402761671395,-18.082856960672764,21.0,0,-0.09402761671395155,21.15030273921048,20.5,21.5
1470.0,20.911088466801402,21.079416042751397,-18.082360530263614,21.0,0,-0.07941604275139724,20.933300303125854,20.5,21.5
1471.0,20.90328977700199,21.11235485345543,-18.08186556022034,21.0,0,-0.11235485345542884,21.441742960495745,20.5,21.5
1472.0,20.895492745934547,21.14056344202789,-18.081372050919885,21.0,0,-0.14056344202789006,21.422649327752502,20.5,21.5
1473.0,20.887697372975175,21.21628489068673,-18.080880002738077,21.0,0,-0.21628489068672963,21.973499377275125,20.5,21.5
1474.0,20.879903657500034,21.205440747502355,-18.080389416049627,21.0,0,-0.20544074750235453,21.096999315658604,20.5,21.5
1475.0,20.872111598885322,21.244963334713937,-18.079900291228142,21.0,0,-0.24496333471393683,21.64018920682976,20.5,21.5
1476.0,20.864321196507298,21.292794268748413,-18.079412628646114,21.0,0,-0.29279426874841263,21.77110360909317,20.5,21.5
1477.0,20.856532449742268,21.27767426445368,-18.078926428674915,21.0,0,-0.2776742644536796,21.12647422150635,20.5,21.5
1478.0,20.848745357966585,21.203021844605566,-18.078441691684812,21.0,1,-0.2030218446055656,20.456497646124426,20.5,21.5
1479.0,20.860959920556656,21.30553191767395,-18.07795841804495,21.0,0,-0.3055319176739495,22.33063264835779,20.5,21.5
1480.0,20.853172136888936,21.353742105321096,-18.077476608123362,21.0,0,-0.3537421053210963,21.835843981792564,20.5,21.5
1481.0,20.845386007139933,21.313169233701167,-18.07699626228697,21.0,0,-0.3131692337011671,20.907440517501875,20.5,21.5
1482.0,20.837601530686047,21.258390685915202,-18.076517380901578,21.0,0,-0.2583906859152023,20.710605208055554,20.5,21.5
1483.0,20.82981870690373,21.286877849503355,-18.076039964331873,21.0,0,-0.28687784950335526,21.571749485384885,20.5,21.5
1484.0,20.822037535169482,21.16513975034053,-18.075564012941427,21.0,1,-0.1651397503405292,19.94775875871227,20.5,21.5
1485.0,20.83425801485986,21.131851478767242,-18.075089527092707,21.0,1,-0.13185147876724201,20.79896876303437,20.5,21.5
1486.0,20.84647614535147,21.12955119227592,-18.07461650714704,21.0,1,-0.12955119227591894,21.106548327362688,20.5,21.5
1487.0,20.85869192682097,21.23280974591099,-18.074144953464668,21.0,0,-0.23280974591099124,22.265395282261714,20.5,21.5
1488.0,20.850905359444912,21.219009479225726,-18.073674866404684,21.0,0,-0.21900947922572556,21.08100681237307,20.5,21.5
1489.0,20.84312044339974,21.186799177807714,-18.07320624632509,21.0,0,-0.18679917780771405,20.8646961636276,20.5,21.5
1490.0,20.835337178061796,21.196466809765887,-18.072739093582754,21.0,0,-0.19646680976588726,21.29314312934762,20.5,21.5
1491.0,20.827555562807465,21.18630462037897,-18.072273408533437,21.0,0,-0.18630462037896933,21.08468272650979,20.5,21.5
1492.0,20.819775597013198,21.150646368787186,-18.07180919153178,21.0,0,-0.15064636878718574,20.79406385286935,20.5,21.5
1493.0,20.81199728005549,21.113324217684216,-18.0713464429313,21.0,0,-0.11332421768421597,20.74010270665452,20.5,21.5
1494.0,20.804220611310893,21.15099570569661,-18.070885163084405,21.0,0,-0.1509957056966087,21.527710585820536,20.5,21.5
1495.0,20.796445590156015,21.14990432233273,-18.070425352342376,21.0,0,-0.14990432233273054,21.13899048869395,20.5,21.5
1496.0,20.788672215967516,21.17509233680326,-18.069967011055375,21.0,0,-0.1750923368032602,21.426972481508557,20.5,21.5
1497.0,20.78090048812211,21.118725704867053,-18.069510139572458,21.0,0,-0.11872570486705314,20.555059385504983,20.5,21.5
1498.0,20.77313040599657,21.162760289341445,-18.06905473824155,21.0,0,-0.16276028934144549,21.60310613408537,20.5,21.5
1499.0,20.765361968967724,21.173516889455545,-18.068600807409453,21.0,0,-0.173516889455545,21.28108289059654,20.5,21.5
1500.0,20.757595176412448,21.102312133390434,-18.068148347421864,21.0,1,-0.10231213339043421,20.390264572739326,20.5,21.5
1501.0,20.76983002770768,21.005345369008317,-18.06769735862334,21.0,1,-0.005345369008317391,20.03567772518715,20.5,21.5
1502.0,20.782062522230415,21.02493137407155,-18.067247841357343,21.0,1,-0.024931374071549328,21.22079142470387,20.5,21.5
1503.0,20.794292660157698,21.043755888098072,-18.066799795966183,21.0,1,-0.043755888098072404,21.232001028363303,20.5,21.5
1504.0,20.80652044166647,21.10210772481458,-18.06635322279108,21.0,0,-0.10210772481458008,21.685626091979657,20.5,21.5
1505.0,20.79874586693358,21.10364099652841,-18.065908122172115,21.0,0,-0.10364099652840864,21.118973713666694,20.5,21.5
1506.0,20.79097293613576,21.090866365556035,-18.065464494448246,21.0,0,-0.09086636555603533,20.963120055832302,20.5,21.5
1507.0,20.78320164864964,21.159338719881617,-18.06502233995732,21.0,0,-0.1593387198816174,21.844062263137438,20.5,21.5
1508.0,20.77543200385192,21.125426699117888,-18.064581659036058,21.0,0,-0.12542669911788806,20.786306491480595,20.5,21.5
1509.0,20.76766400111934,21.052205512293437,-18.064142452020054,21.0,1,-0.05220551229343684,20.319993644048925,20.5,21.5
1510.0,20.77989763982871,21.11660840211037,-18.063704719243784,21.0,0,-0.11660840211036927,21.760637300279694,20.5,21.5
1511.0,20.772128919356895,21.224332007138152,-18.063268461040604,21.0,0,-0.22433200713815182,22.301568057415977,20.5,21.5
1512.0,20.764361839880817,21.11815553232541,-18.062833677742738,21.0,1,-0.1181555323254102,20.056390784197994,20.5,21.5
1513.0,20.77659640077729,21.089522564853446,-18.062400369681296,21.0,1,-0.08952256485344634,20.803192890133808,20.5,21.5
1514.0,20.788828601423198,21.119093063784828,-18.06196853718626,21.0,1,-0.11909306378482754,21.41479805309864,20.5,21.5
1515.0,20.801058441995476,21.070385731635973,-18.061538180586492,21.0,1,-0.07038573163597306,20.58331241014743,20.5,21.5
1516.0,20.81328592267096,21.04049125091658,-18.061109300209722,21.0,1,-0.04049125091658112,20.74154644372266,20.5,21.5
1517.0,20.825511043626385,21.11364261471586,-18.060681896382565,21.0,0,-0.1136426147158609,21.84515625270866,20.5,21.5
1518.0,20.817733805038383,21.14679536297344,-18.060255969430507,21.0,0,-0.14679536297343887,21.47832284554922,20.5,21.5
1519.0,20.80995820708349,21.093410941069017,-18.059831519677907,21.0,0,-0.09341094106901693,20.559566722024798,20.5,21.5
1520.0,20.802184249138136,21.13055236162152,-18.059408547448008,21.0,0,-0.1305523616215183,21.501966567146532,20.5,21.5
1521.0,20.794411930578818,21.11865828367699,-18.058987053062914,21.0,0,-0.11865828367698938,20.9997175042317,20.5,21.5
1522.0,20.78664125078209,21.02246907675376,-18.05856703684362,21.0,1,-0.02246907675376164,20.060577007521484,20.5,21.5
1523.0,20.798872209124564,20.9995538689743,-18.058148499109976,21.0,1,0.0004461310257006801,20.770401791179676,20.5,21.5
1524.0,20.811100804982917,21.126864083086247,-18.057731440180728,21.0,0,-0.12686408308624664,22.39996622420572,20.5,21.5
1525.0,20.803327038533883,21.162204982195217,-18.05731586037348,21.0,0,-0.16220498219521673,21.515613973284918,20.5,21.5
1526.0,20.795554909954102,21.179914543051417,-18.056901760004706,21.0,0,-0.1799145430514173,21.357010151613423,20.5,21.5
1527.0,20.78778441862011,21.212083570531828,-18.056489139389775,21.0,0,-0.2120835705318278,21.533773845335933,20.5,21.5
1528.0,20.780015563908506,21.28397718697159,-18.05607799884291,21.0,0,-0.28397718697159036,22.002913351369216,20.5,21.5
1529.0,20.772248345195955,21.188325392391665,-18.055668338677208,21.0,1,-0.1883253923916648,20.23180744659241,20.5,21.5
1530.0,20.78448276185918,21.170194098875903,-18.055260159204646,21.0,1,-0.17019409887590342,20.98888116371829,20.5,21.5
1531.0,20.796714813274967,21.097818176502393,-18.054853460736073,21.0,1,-0.09781817650239333,20.374058952767292,20.5,21.5
1532.0,20.808944499620164,21.115708572687243,-18.054448243581206,21.0,1,-0.1157085726872431,21.29461253453574,20.5,21.5
1533.0,20.821171821071523,21.073638797049668,-18.054044508048637,21.0,1,-0.07363879704966791,20.652941040673916,20.5,21.5
1534.0,20.8333967778057,21.18650525253323,-18.053642254445823,21.0,0,-0.18650525253323025,22.315169807368854,20.5,21.5
1535.0,20.82561936999925,21.171418619513947,-18.053241483079102,21.0,0,-0.17141861951394688,21.020552289321113,20.5,21.5
1536.0,20.817843597828634,21.176527202785564,-18.052842194253678,21.0,0,-0.17652720278556444,21.22761303550174,20.5,21.5
1537.0,20.810069460670217,21.22483159996152,-18.052444388273628,21.0,0,-0.2248315999615187,21.70787557172106,20.5,21.5
1538.0,20.802296957900428,21.295104505593663,-18.052048065441895,21.0,0,-0.2951045055936632,21.997833561915108,20.5,21.5
1539.0,20.794526088895758,21.216086068243765,-18.051653226060303,21.0,1,-0.21608606824376508,20.425901694744784,20.5,21.5
1540.0,20.806756853032766,21.122600193995158,-18.05125987042953,21.0,1,-0.12260019399515798,20.187741451509087,20.5,21.5
1541.0,20.818985249688073,21.164839853643436,-18.05086799884914,21.0,0,-0.16483985364343567,21.587236450126213,20.5,21.5
1542.0,20.811211279038364,21.10900927094777,-18.050477611617556,21.0,0,-0.10900927094776947,20.550703443991107,20.5,21.5
1543.0,20.803438941260232,21.086647036795117,-18.05008870903208,21.0,0,-0.08664703679511732,20.863024695268596,20.5,21.5
1544.0,20.795668235730172,21.132803412644318,-18.049701291388875,21.0,0,-0.13280341264431783,21.594367171136323,20.5,21.5
1545.0,20.787899161824747,21.19328861784349,-18.049315358982973,21.0,0,-0.19328861784348916,21.798140669835202,20.5,21.5
1546.0,20.780131718920586,21.206469827860992,-18.048930912108286,21.0,0,-0.20646982786099244,21.338281928036025,20.5,21.5
1547.0,20.77236590639438,21.19372165108018,-18.048547951057582,21.0,0,-0.19372165108017825,21.066239883272036,20.5,21.5
1548.0,20.76460172362289,21.091975373680715,-18.048166476122503,21.0,1,-0.09197537368071451,20.074512599686077,20.5,21.5
1549.0,20.77683916998294,21.041142513617075,-18.047786487593562,21.0,1,-0.04114251361707488,20.53281391298068,20.5,21.5
1550.0,20.789074244851424,21.03352900750608,-18.04740798576013,21.0,1,-0.03352900750607901,20.95739394639612,20.5,21.5
1551.0,20.8013069484053,20.990630122753988,-18.047030970910463,21.0,1,0.009369877246012237,20.561641275233075,20.5,21.5
1552.0,20.81353728082144,21.010693800238798,-18.046655443331666,21.0,1,-0.010693800238797735,21.211330575086897,20.5,21.5
1553.0,20.82576524227661,21.11996539791139,-18.04628140330972,21.0,0,-0.11996539791138972,22.21268137463731,20.5,21.5
1554.0,20.817990832947494,21.113155222242977,-18.045908851129475,21.0,0,-0.1131552222429768,21.045053465558848,20.5,21.5
1555.0,20.81021805301068,21.094647131607342,-18.045537787074643,21.0,0,-0.09464713160734206,20.909566225250995,20.5,21.5
1556.0,20.80244690184266,21.176661506028374,-18.045168211427807,21.0,0,-0.17666150602837405,21.996805250238694,20.5,21.5
1557.0,20.79467737882001,21.169430341691015,-18.04480012447042,21.0,0,-0.16943034169101523,21.097118698317427,20.5,21.5
1558.0,20.78690948331935,21.09151062645201,-18.044433526482788,21.0,1,-0.0915106264520098,20.312313474061956,20.5,21.5
1559.0,20.79914321471739,21.13631846638878,-18.044068417744096,21.0,0,-0.1363184663887793,21.584396865756474,20.5,21.5
1560.0,20.791374572390897,21.250325511215145,-18.04370479853239,21.0,0,-0.250325511215145,22.390395959478802,20.5,21.5
1561.0,20.783607556516714,21.182106851933774,-18.043342669124577,21.0,1,-0.1821068519337743,20.499920259120067,20.5,21.5
1562.0,20.795842166471584,21.218764327690245,-18.04298202979644,21.0,0,-0.2187643276902449,21.58533908525495,20.5,21.5
1563.0,20.78807440163233,21.249010360202316,-18.042622880822623,21.0,0,-0.24901036020231615,21.55147068532303,20.5,21.5
1564.0,20.780308262175836,21.227510115121376,-18.04226522247663,21.0,0,-0.2275101151213761,21.012507664311975,20.5,21.5
1565.0,20.772543747478906,21.109364025908416,-18.041909055030832,21.0,1,-0.1093640259084161,19.927903133778816,20.5,21.5
1566.0,20.784780856918402,21.15130042211417,-18.04155437875647,21.0,0,-0.1513004221141685,21.570664384171693,20.5,21.5
1567.0,20.77701558987127,21.08621719572715,-18.04120119392364,21.0,1,-0.08621719572715136,20.43538493185698,20.5,21.5
1568.0,20.78925194651451,21.007906130868527,-18.04084950080131,21.0,1,-0.007906130868526873,20.224795482282282,20.5,21.5
1569.0,20.801485926225048,20.923782144432305,-18.040499299657313,21.0,1,0.07621785556769467,20.08254228007009,20.5,21.5
1570.0,20.813717529179872,20.939153483123178,-18.04015059075834,21.0,1,0.060846516876821966,21.092866870031905,20.5,21.5
1571.0,20.825946755555883,20.95653438839609,-18.039803374369946,21.0,1,0.04346561160391005,21.13034344112521,20.5,21.5
1572.0,20.8381736055299,20.986981566357294,-18.039457650756557,21.0,1,0.013018433642706384,21.29145334596933,20.5,21.5
1573.0,20.85039807927864,21.06710353710635,-18.03911342018145,21.0,0,-0.06710353710635175,21.868323244596933,20.5,21.5
1574.0,20.84262017697875,21.162441009572394,-18.038770682906772,21.0,0,-0.16244100957239382,22.115815734232815,20.5,21.5
1575.0,20.83484389880677,21.196412036956637,-18.03842943919354,21.0,0,-0.19641203695663734,21.536122310799072,20.5,21.5
1576.0,20.82706924413917,21.112596688609663,-18.038089689301618,21.0,1,-0.11259668860966343,20.274443205139924,20.5,21.5
1577.0,20.839296212352483,21.118144147585134,-18.037751433489742,21.0,1,-0.11814414758513436,21.173618737339844,20.5,21.5
1578.0,20.851520802823316,21.06881591402711,-18.037414672015508,21.0,1,-0.06881591402710896,20.575533578446855,20.5,21.5
1579.0,20.86374301572835,21.09977614167088,-18.03707940513538,21.0,1,-0.09977614167087978,21.409378418108588,20.5,21.5
1580.0,20.87596285124418,21.140297108500807,-18.036745633104672,21.0,0,-0.1402971085008069,21.545506776800078,20.5,21.5
1581.0,20.86818030954731,21.248040923845714,-18.03641335617757,21.0,0,-0.2480409238457142,22.325479077294787,20.5,21.5
1582.0,20.860399390814166,21.28955806605065,-18.036082574607114,21.0,0,-0.28955806605064893,21.704729488099996,20.5,21.5
1583.0,20.85262009442108,21.348307523642625,-18.03575328864521,21.0,0,-0.3483075236426245,21.93580209956238,20.5,21.5
1584.0,20.844842419744467,21.33345229064546,-18.035425498542622,21.0,0,-0.3334522906454609,21.184899960673825,20.5,21.5
1585.0,20.83706636616081,21.27370852002651,-18.03509920454898,21.0,0,-0.2737085200265099,20.676270813837,20.5,21.5
1586.0,20.829291933046665,21.252449951791327,-18.03477440691277,21.0,0,-0.252449951791327,21.039864269439498,20.5,21.5
1587.0,20.821519119778674,21.19356855999149,-18.034451105881338,21.0,0,-0.19356855999149047,20.604754641993125,20.5,21.5
1588.0,20.81374792573354,21.17933855237242,-18.034129301700894,21.0,0,-0.17933855237242113,21.037038476181728,20.5,21.5
1589.0,20.805978350288054,21.129857323566707,-18.0338089946165,21.0,0,-0.1298573235667071,20.635045035509567,20.5,21.5
1590.0,20.798210392819072,21.095653638342338,-18.033490184872093,21.0,0,-0.09565363834233764,20.753616786098643,20.5,21.5
1591.0,20.790444052703535,21.048587757571852,-18.033172872710452,21.0,0,-0.04858775757185185,20.577928949866994,20.5,21.5
1592.0,20.78267932931845,21.002792155162677,-18.032857058373228,21.0,0,-0.002792155162676835,20.544836131070927,20.5,21.5
1593.0,20.774916222040915,20.924460872562587,-18.03254274210093,21.0,1,0.07553912743741265,20.141148046561693,20.5,21.5
1594.0,20.787154730248087,20.96847065174595,-18.032229924132917,21.0,1,0.031529348254050404,21.408568443579572,20.5,21.5
1595.0,20.79939085331721,21.000474625299,-18.031918604707418,21.0,1,-0.0004746252989988875,21.320514360829492,20.5,21.5
1596.0,20.811624591425606,20.99861220280021,-18.03160878406152,21.0,1,0.0013877971997899863,20.97998797781232,20.5,21.5
1597.0,20.82385594475051,21.135320973029668,-18.03130046243115,21.0,0,-0.1353209730296676,22.502408675324244,20.5,21.5
1598.0,20.816084913469073,21.23976549621086,-18.03099364005113,21.0,0,-0.23976549621086107,22.284210728022796,20.5,21.5
1599.0,20.808315497758368,21.150579947394913,-18.030688317155096,21.0,1,-0.1505799473949132,20.258724459235435,20.5,21.5
1600.0,20.820547696995387,21.093224564715975,-18.030384493975582,21.0,1,-0.09322456471597462,20.51967073792659,20.5,21.5
1601.0,20.832777510557193,21.136842915376587,-18.03008217074396,21.0,0,-0.13684291537658666,21.573026421982707,20.5,21.5
1602.0,20.825004938620932,21.096396062516256,-18.029781347690452,21.0,0,-0.09639606251625565,20.691927533912946,20.5,21.5
1603.0,20.81723398136367,21.041654098966273,-18.029482025044157,21.0,1,-0.04165409896627281,20.494234463466444,20.5,21.5
1604.0,20.82946463816239,21.0335790279303,-18.02918420303302,21.0,1,-0.03357902793030121,20.952828317570585,20.5,21.5
1605.0,20.84169290839415,21.083004002418935,-18.028887881883843,21.0,0,-0.08300400241893513,21.577253747305274,20.5,21.5
1606.0,20.833918792236094,21.032304663020245,-18.028593061822292,21.0,0,-0.03230466302024482,20.52531126903334,20.5,21.5
1607.0,20.82614628986528,21.010885615706545,-18.028299743072882,21.0,0,-0.010885615706545337,20.79669514256955,20.5,21.5
1608.0,20.818375400658695,21.017897332780123,-18.02800792585899,21.0,0,-0.017897332780123065,21.0880145035159,20.5,21.5
1609.0,20.81060612399339,21.06849493422871,-18.027717610402846,21.0,0,-0.06849493422870978,21.574470948714577,20.5,21.5
1610.0,20.802838459246512,21.081149408363128,-18.027428796925538,21.0,0,-0.08114940836312812,21.20769414970731,20.5,21.5
1611.0,20.795072405795278,21.061683146955808,-18.027141485647007,21.0,0,-0.0616831469558079,20.867020532882606,20.5,21.5
1612.0,20.78730796301699,21.056614237707628,-18.026855676786063,21.0,0,-0.056614237707627524,21.005925145225824,20.5,21.5
1613.0,20.77954513028903,21.03122186614062,-18.026571370560347,21.0,0,-0.03122186614061917,20.777298150470536,20.5,21.5
1614.0,20.77178390698886,21.042076477003405,-18.026288567186384,21.0,0,-0.042076477003405444,21.150622585631268,20.5,21.5
1615.0,20.764024292494025,20.971966190298634,-18.026007266879535,21.0,1,0.028033809701366152,20.270863323250918,20.5,21.5
1616.0,20.77626628618215,20.998244294613833,-18.025727469854026,21.0,1,0.0017557053861665395,21.26102533776583,20.5,21.5
1617.0,20.788505887430944,21.042175699527746,-18.025449176322926,21.0,1,-0.04217569952774625,21.481489748666874,20.5,21.5
1618.0,20.80074309641819,21.0462613826609,-18.025172386498177,21.0,1,-0.04626138266090152,21.087118213992454,20.5,21.5
1619.0,20.812977913321607,21.010138165588533,-18.024897100590564,21.0,1,-0.010138165588532644,20.648905994864844,20.5,21.5
1620.0,20.825210338318826,21.11138887006402,-18.024623318809724,21.0,0,-0.11138887006401887,22.12389591481888,20.5,21.5
1621.0,20.8174403715874,21.147639879226755,-18.024351041364163,21.0,0,-0.14763987922675526,21.51014997085412,20.5,21.5
1622.0,20.80967201330481,21.122731048062697,-18.024080268461223,21.0,0,-0.12273104806269686,20.873642736422113,20.5,21.5
1623.0,20.801905262848457,21.2100880844094,-18.023811000307113,21.0,0,-0.2100880844093993,22.083658447876424,20.5,21.5
1624.0,20.794140119595827,21.30103222512566,-18.023543237106892,21.0,0,-0.30103222512565964,22.210473632288263,20.5,21.5
1625.0,20.786376582924486,21.25647022216622,-18.023276979064477,21.0,0,-0.2564702221662216,20.81085019257184,20.5,21.5
1626.0,20.778614652212088,21.20967940652756,-18.023012226382633,21.0,0,-0.20967940652755956,20.74177125014094,20.5,21.5
1627.0,20.770854326836368,21.13123305220562,-18.02274897926298,21.0,1,-0.13123305220561932,20.346769508986217,20.5,21.5
1628.0,20.78309560617515,21.006954381150244,-18.022487237905988,21.0,1,-0.00695438115024416,19.764167670596493,20.5,21.5
1629.0,20.795334489606333,20.89905706289383,-18.02222700251099,21.0,1,0.10094293710616853,19.820083880329705,20.5,21.5
1630.0,20.807570977307908,20.95557883436522,-18.021968273276165,21.0,0,0.04442116563478038,21.5207965490791,20.5,21.5
1631.0,20.79980506945779,21.001035792790468,-18.021711050398547,21.0,0,-0.0010357927904678377,21.45560537704295,20.5,21.5
1632.0,20.792040766233818,21.080668781875286,-18.021455334074023,21.0,0,-0.08066878187528559,21.876998672723463,20.5,21.5
1633.0,20.784278067013755,21.08577636718494,-18.02120112449733,21.0,0,-0.0857763671849412,21.136852220281497,20.5,21.5
1634.0,20.776516971175454,21.128376512940388,-18.020948421862062,21.0,0,-0.1283765129403882,21.55437797049486,20.5,21.5
1635.0,20.768757478096845,21.084687899097446,-18.02069722636066,21.0,0,-0.084687899097446,20.647801760668024,20.5,21.5
1636.0,20.760999587155954,21.000581508582766,-18.02044753818442,21.0,1,-0.0005815085827656219,20.15951760343596,20.5,21.5
1637.0,20.773243297730886,21.021936678381355,-18.020199357523495,21.0,1,-0.021936678381354824,21.235488376367247,20.5,21.5
1638.0,20.785484609199834,21.07217571764064,-18.019952684566885,21.0,0,-0.0721757176406399,21.57456611023349,20.5,21.5
1639.0,20.77772352174108,21.147543731230463,-18.01970751950244,21.0,0,-0.1475437312304635,21.9012238671287,20.5,21.5
1640.0,20.769964035532833,21.206590541401923,-18.019463862516858,21.0,0,-0.20659054140192268,21.797058643116515,20.5,21.5
1641.0,20.762206149953222,21.285678868676467,-18.019221713795705,21.0,0,-0.28567886867646664,22.076562141421906,20.5,21.5
1642.0,20.754449864380472,21.146898208911008,-18.01898107352338,21.0,1,-0.1468982089110078,19.75909161125642,20.5,21.5
1643.0,20.76669517819289,21.13630377022189,-18.01874194188315,21.0,1,-0.13630377022188966,21.03035938333071,20.5,21.5
1644.0,20.778938090768875,21.08855794178627,-18.018504319057115,21.0,1,-0.08855794178627008,20.611099657430074,20.5,21.5
1645.0,20.79117860228691,21.02466214056063,-18.018268205226235,21.0,1,-0.024662140560629098,20.38570412830422,20.5,21.5
1646.0,20.803416712925404,20.996928928140157,-18.018033600570327,21.0,1,0.003071071859842789,20.71959680393544,20.5,21.5
1647.0,20.815652422862705,21.069074924565314,-18.01780050526805,21.0,0,-0.06907492456531372,21.79053488881688,20.5,21.5
1648.0,20.80788573227708,21.025095917980796,-18.017568919496917,21.0,0,-0.02509591798079569,20.585305852135615,20.5,21.5
1649.0,20.800120641346723,21.001459724005453,-18.017338843433286,21.0,0,-0.0014597240054534666,20.76509778425203,20.5,21.5
1650.0,20.792357149449767,20.91679665363753,-18.017110277252378,21.0,1,0.0832033463624704,20.07016594995829,20.5,21.5
1651.0,20.804595255964426,20.971815896797732,-18.016883221128253,21.0,0,0.028184103202267607,21.52200832839976,20.5,21.5
1652.0,20.796830960269006,20.994637411177287,-18.01665767523382,21.0,0,0.005362588822713121,21.22285255497283,20.5,21.5
1653.0,20.789068262541907,21.030765910963616,-18.016433639740846,21.0,0,-0.03076591096361625,21.39205090882691,20.5,21.5
1654.0,20.78130716216145,21.042971365060808,-18.01621111481994,21.0,0,-0.0429713650608079,21.165025906032724,20.5,21.5
1655.0,20.773547658506054,21.15568033904304,-18.015990100640572,21.0,0,-0.15568033904304102,22.282770078865372,20.5,21.5
1656.0,20.765789750954223,21.067274730510444,-18.015770597371045,21.0,1,-0.06727473051044441,20.18321864518448,20.5,21.5
1657.0,20.77803343888456,21.022733112193276,-18.015552605178527,21.0,1,-0.022733112193275673,20.57731692902159,20.5,21.5
1658.0,20.790274721675747,21.065378044410743,-18.015336124229023,21.0,1,-0.06537804441074258,21.49182736658541,20.5,21.5
1659.0,20.802513599506565,20.997095395472716,-18.015121154687396,21.0,1,0.002904604527284249,20.314268906092448,20.5,21.5
1660.0,20.814750072555725,21.00038064400311,-18.014907696717355,21.0,1,-0.0003806440031084435,21.033233129307035,20.5,21.5
1661.0,20.82698414100187,21.1395692742624,-18.014695750481458,21.0,0,-0.1395692742623993,22.531455576855308,20.5,21.5
1662.0,20.81921580502357,21.226564218664898,-18.01448531614111,21.0,0,-0.2265642186648975,22.09651366268988,20.5,21.5
1663.0,20.811449064799337,21.208041680463364,-18.014276393856562,21.0,0,-0.20804168046336358,21.022816298448024,20.5,21.5
1664.0,20.803683919707606,21.278588576252282,-18.014068983786927,21.0,0,-0.2785885762522824,21.98405753414147,20.5,21.5
1665.0,20.795920369126907,21.234149251493527,-18.013863086090147,21.0,0,-0.23414925149352683,20.78975600390597,20.5,21.5
1666.0,20.788158412435862,21.159299787060775,-18.013658700923028,21.0,1,-0.15929978706077463,20.410805142733253,20.5,21.5
1667.0,20.80039804901319,21.136710490840578,-18.013455828441217,21.0,1,-0.13671049084057785,20.91081752863861,20.5,21.5
1668.0,20.8126352782377,21.120231071062832,-18.013254468799207,21.0,1,-0.12023107106283248,20.95543687328538,20.5,21.5
1669.0,20.824870100288294,21.077698607488493,-18.013054622150346,21.0,1,-0.07769860748849311,20.6523739717451,20.5,21.5
1670.0,20.837102515343805,21.123225314601292,-18.012856288646823,21.0,0,-0.12322531460129227,21.578492385729284,20.5,21.5
1671.0,20.829332523583005,21.10863847761624,-18.012659468439683,21.0,0,-0.10863847761623902,20.962770107765706,20.5,21.5
1672.0,20.8215641251846,21.09028980881828,-18.012464161678807,21.0,0,-0.09028980881828019,20.906803120838692,20.5,21.5
1673.0,20.81379731952723,21.079796224374196,-18.012270368512933,21.0,0,-0.07979622437419565,20.97486037993335,20.5,21.5
1674.0,20.806032105989622,21.070017205658296,-18.01207808908964,21.0,0,-0.07001720565829572,20.972227018499296,20.5,21.5
1675.0,20.798268483950608,21.045946466574556,-18.01188732355536,21.0,0,-0.0459464665745557,20.805239075737155,20.5,21.5
1676.0,20.790506452789106,21.067716174770432,-18.011698072055367,21.0,0,-0.06771617477043179,21.285413256729193,20.5,21.5
1677.0,20.782746011884136,21.039540778587206,-18.01151033473379,21.0,0,-0.03954077858720595,20.757786816754948,20.5,21.5
1678.0,20.774987160614813,21.059172033541266,-18.01132411173359,21.0,0,-0.05917203354126599,21.255484583081866,20.5,21.5
1679.0,20.767229898360345,21.08887793599991,-18.01113940319659,21.0,0,-0.08887793599991056,21.385936960586356,20.5,21.5
1680.0,20.759474224500032,21.085918147864998,-18.010956209263455,21.0,0,-0.08591814786499796,21.056320266515872,20.5,21.5
1681.0,20.75172013841328,21.033185233160015,-18.01077453007369,21.0,0,-0.033185233160015315,20.50585608611019,20.5,21.5
1682.0,20.743967639479582,20.93695159781859,-18.01059436576565,21.0,1,0.06304840218140839,19.974615244404355,20.5,21.5
1683.0,20.756216727078534,20.89896188937992,-18.010415716476547,21.0,1,0.10103811062008106,20.519064804993192,20.5,21.5
1684.0,20.768463400589823,20.85458588950914,-18.010238582342424,21.0,1,0.1454141104908615,20.410825890801334,20.5,21.5
1685.0,20.780707660193237,20.79262510989476,-18.01006296349818,21.0,1,0.20737489010523902,20.173017313750986,20.5,21.5
1686.0,20.7929495060685,20.866249883115522,-18.009888860077545,21.0,0,0.13375011688447813,21.60249761532313,20.5,21.5
1687.0,20.78518893839527,20.974989983854122,-18.009716272213122,21.0,0,0.0250100161458775,22.06239099124013,20.5,21.5
1688.0,20.777429957353146,21.035796195788386,-18.00954520003634,21.0,0,-0.03579619578838589,21.64385831513102,20.5,21.5
1689.0,20.769672562321666,21.107261153969638,-18.00937564367747,21.0,0,-0.1072611539696382,21.82191073578216,20.5,21.5
1690.0,20.761916752680467,21.145064719884513,-18.009207603265644,21.0,0,-0.14506471988451253,21.523100379033256,20.5,21.5
1691.0,20.754162527809278,21.14139011080986,-18.009041078928828,21.0,0,-0.14139011080985853,21.10464402006332,20.5,21.5
1692.0,20.746409887087932,21.12599596526523,-18.00887607079384,21.0,0,-0.12599596526522916,20.972054509818935,20.5,21.5
1693.0,20.738658829896355,21.148335590769616,-18.00871257898634,21.0,0,-0.14833559076961578,21.371731845813482,20.5,21.5
1694.0,20.73090935561458,21.124359920519694,-18.008550603630837,21.0,0,-0.12435992051969436,20.88460321802048,20.5,21.5
1695.0,20.72316146362273,21.15400985064382,-18.008390144850676,21.0,0,-0.15400985064382056,21.450509151885083,20.5,21.5
1696.0,20.715415153301034,21.092651122045613,-18.00823120276806,21.0,1,-0.09265112204561277,20.479063836063535,20.5,21.5
1697.0,20.72767042402982,21.09035737584827,-18.008073777504023,21.0,1,-0.09035737584827075,21.06741991387485,20.5,21.5
1698.0,20.739923275189515,21.073226645118346,-18.00791786917846,21.0,1,-0.07322664511834631,20.901919337819102,20.5,21.5
1699.0,20.75217370696064,21.13255410010381,-18.007763477910096,21.0,0,-0.1325541001038104,21.72582864995845,20.5,21.5
1700.0,20.744421719523665,21.1166375774305,-18.00761060381651,21.0,0,-0.11663757743049885,20.957472350697383,20.5,21.5
1701.0,20.736671313058995,21.114641206410813,-18.00745924701412,21.0,0,-0.11464120641081266,21.09467749621395,20.5,21.5
1702.0,20.72892248694698,21.08400351356316,-18.007309407618187,21.0,0,-0.08400351356316094,20.777626585086644,20.5,21.5
1703.0,20.72117524056807,21.080944435150517,-18.007161085742826,21.0,0,-0.08094443515051708,21.05035365102408,20.5,21.5
1704.0,20.713429573302808,21.070626523676108,-18.007014281500993,21.0,0,-0.07062652367610767,20.967447408932014,20.5,21.5
1705.0,20.70568548453185,21.049673317049262,-18.006868995004478,21.0,0,-0.04967331704926181,20.840141250780803,20.5,21.5
1706.0,20.697942973635943,21.0221738063433,-18.006725226363926,21.0,0,-0.02217380634330013,20.747178699283683,20.5,21.5
1707.0,20.690202039995942,21.03436919171162,-18.006582975688826,21.0,0,-0.034369191711618896,21.156323045394807,20.5,21.5
1708.0,20.682462682992806,21.041949140932218,-18.006442243087506,21.0,0,-0.04194914093221769,21.117748633138206,20.5,21.5
1709.0,20.67472490200759,20.94844563879726,-18.00630302866714,21.0,1,0.05155436120274004,20.013410617447683,20.5,21.5
1710.0,20.686988696421455,20.947237640006872,-18.006165332533744,21.0,1,0.05276235999312817,20.93515765210299,20.5,21.5
1711.0,20.699250065615665,20.9761086239824,-18.00602915479218,21.0,1,0.023891376017598276,21.2648184637377,20.5,21.5
1712.0,20.711509009771582,20.965689068103863,-18.00589449554616,21.0,1,0.034310931896136765,20.86149350931848,20.5,21.5
1713.0,20.72376552907052,20.992124067591412,-18.005761354898226,21.0,1,0.007875932408587971,21.2564740624669,20.5,21.5
1714.0,20.736019623693725,21.063444459918497,-18.005629732949767,21.0,0,-0.06344445991849668,21.776648383189343,20.5,21.5
1715.0,20.728271293822395,21.078041162670964,-18.00549962980103,21.0,0,-0.07804116267096362,21.224008190195633,20.5,21.5
1716.0,20.72052453963767,21.0638373397653,-18.005371045551083,21.0,0,-0.06383733976529982,20.921799110708662,20.5,21.5
1717.0,20.71277936052063,21.129460812028054,-18.005243980297855,21.0,0,-0.1294608120280536,21.78569553465559,20.5,21.5
1718.0,20.705035755852467,21.0579824865546,-18.00511843413811,21.0,1,-0.05798248655460014,20.343199231820066,20.5,21.5
1719.0,20.717293725014468,21.083354832809572,-18.00499440716746,21.0,1,-0.08335483280957234,21.337078295359294,20.5,21.5
1720.0,20.72954926738803,21.146246573015578,-18.00487189948035,21.0,0,-0.14624657301557775,21.775163975075632,20.5,21.5
1721.0,20.721802383154657,21.137267860720602,-18.00475091117008,21.0,0,-0.13726786072060193,21.047480737770844,20.5,21.5
1722.0,20.71405707249579,21.103470045377655,-18.00463144232879,21.0,0,-0.10347004537765514,20.765491891948187,20.5,21.5
1723.0,20.706313334792828,21.14569211313296,-18.004513493047455,21.0,0,-0.14569211313295938,21.567912790686,20.5,21.5
1724.0,20.69857116942726,21.014446054782177,-18.0043970634159,21.0,1,-0.014446054782176532,19.701985471274348,20.5,21.5
1725.0,20.710830575780694,20.97535389633362,-18.004282153522794,21.0,1,0.02464610366638098,20.584432311848044,20.5,21.5
1726.0,20.723087553234834,21.010134877679533,-18.00416876345564,21.0,1,-0.01013487767953336,21.357944691138677,20.5,21.5
1727.0,20.735342101971497,20.95069963334577,-18.0040568933008,21.0,1,0.04930036665422932,20.356347190008144,20.5,21.5
1728.0,20.74759422217244,20.920985967728917,-18.003946543143456,21.0,1,0.07901403227108261,20.623849311560384,20.5,21.5
1729.0,20.759843914019378,20.942398507491564,-18.003837713067654,21.0,1,0.057601492508435825,21.156523905118032,20.5,21.5
1730.0,20.77209117769396,20.96613804269549,-18.00373040315627,21.0,1,0.03386195730450936,21.203533394734755,20.5,21.5
1731.0,20.78433601337779,20.928838008196806,-18.003624613491017,21.0,1,0.07116199180319427,20.555837663209957,20.5,21.5
1732.0,20.796578421252416,21.008115186882186,-18.00352034415247,21.0,0,-0.008115186882186265,21.80088697373599,20.5,21.5
1733.0,20.788818401499334,21.067570935805726,-18.00341759522003,21.0,0,-0.06757093580572615,21.662128425041125,20.5,21.5
1734.0,20.78105995429999,21.13055502778125,-18.003316366771944,21.0,0,-0.1305550277812486,21.760395947536473,20.5,21.5
1735.0,20.773303079035777,21.016105564246413,-18.0032166588853,21.0,1,-0.01610556424641274,19.871610928898054,20.5,21.5
1736.0,20.785547775088194,21.038396322353414,-18.003118471636036,21.0,1,-0.038396322353413836,21.261303903423425,20.5,21.5
1737.0,20.797790041838848,21.00158915325951,-18.003021805098925,21.0,1,-0.0015891532595091462,20.633517462320462,20.5,21.5
1738.0,20.81002987946946,20.971161075270835,-18.002926659347576,21.0,1,0.028838924729164717,20.666880295384097,20.5,21.5
1739.0,20.822267288161697,20.987840998348553,-18.002833034454454,21.0,1,0.012159001651447454,21.154640229125725,20.5,21.5
1740.0,20.834502268097175,21.106928410234023,-18.00274093049085,21.0,0,-0.10692841023402266,22.297802529088724,20.5,21.5
1741.0,20.826734819457457,21.084316316177684,-18.002650347526917,21.0,0,-0.08431631617768431,20.8581953756143,20.5,21.5
1742.0,20.81896894242406,21.160237369310703,-18.00256128563163,21.0,0,-0.16023736931070331,21.919447900640893,20.5,21.5
1743.0,20.81120463637845,21.093902775457572,-18.00247374487281,21.0,1,-0.09390277545757186,20.430556836926257,20.5,21.5
1744.0,20.8234419007022,21.109719807070228,-18.00238772531713,21.0,1,-0.10971980707022766,21.267890123196786,20.5,21.5
1745.0,20.835676734776996,21.110030051795373,-18.002303227030097,21.0,1,-0.1100300517953734,21.11313249904683,20.5,21.5
1746.0,20.847909138784633,21.119736748490098,-18.00222025007606,21.0,1,-0.11973674849009797,21.216803715437344,20.5,21.5
1747.0,20.86013911290686,21.10585846218796,-18.002138794518206,21.0,1,-0.10585846218796036,20.967075599166584,20.5,21.5
1748.0,20.872366657325376,21.148596286098815,-18.002058860418572,21.0,0,-0.14859628609881526,21.575974525207364,20.5,21.5
1749.0,20.86459177222183,21.12109670347445,-18.001980447838026,21.0,0,-0.1210967034744499,20.846100877230796,20.5,21.5
1750.0,20.856818457777816,21.097437577075496,-18.001903556836282,21.0,0,-0.09743757707549605,20.860846313085958,20.5,21.5
1751.0,20.849046713374893,21.11589248353011,-18.001828187471904,21.0,0,-0.11589248353011072,21.300441548076257,20.5,21.5
1752.0,20.841276538394723,21.046804332540386,-18.001754339802282,21.0,1,-0.046804332540386184,20.35592282264314,20.5,21.5
1753.0,20.853507932219085,21.05435365033439,-18.00168201388366,21.0,1,-0.054353650334391546,21.129846828274445,20.5,21.5
1754.0,20.865736894229865,21.072785661343907,-18.001611209771106,21.0,1,-0.07278566134390729,21.257105771439065,20.5,21.5
1755.0,20.877963424609064,21.13073040363249,-18.001541927518552,21.0,0,-0.13073040363249078,21.710177826518326,20.5,21.5
1756.0,20.87018752353864,21.11018412475309,-18.001474167178756,21.0,0,-0.11018412475308992,20.90472133595908,20.5,21.5
1757.0,20.862413191200496,21.23095343960199,-18.00140792880332,21.0,0,-0.23095343960198988,22.43864658809099,20.5,21.5
1758.0,20.854640426976495,21.226830832910686,-18.001343212442688,21.0,0,-0.22683083291068584,21.185604765997645,20.5,21.5
1759.0,20.84686923024861,21.21244779662695,-18.00128001814614,21.0,0,-0.21244779662695024,21.068617433789594,20.5,21.5
1760.0,20.83909960039893,21.191067143775047,-18.00121834596181,21.0,0,-0.1910671437750473,20.977260615256018,20.5,21.5
1761.0,20.83133153680966,21.163722268064003,-18.001158195936654,21.0,0,-0.16372226806400292,20.89027351095356,20.5,21.5
1762.0,20.823565038863112,21.128715522268852,-18.001099568116487,21.0,0,-0.12871552226885186,20.77864806431734,20.5,21.5
1763.0,20.815800105941715,21.1461595991465,-18.00104246254595,21.0,0,-0.14615959914650034,21.320600367922985,20.5,21.5
1764.0,20.80803673742802,21.184144971381222,-18.000986879268538,21.0,0,-0.18414497138122243,21.563998693728443,20.5,21.5
1765.0,20.800274932704678,21.137708106366908,-18.000932818326575,21.0,0,-0.1377081063669081,20.673339456223765,20.5,21.5
1766.0,20.792514691154473,21.23775051983998,-18.000880279761233,21.0,0,-0.23775051983998097,22.23817465457071,20.5,21.5
1767.0,20.78475601216029,21.212348631502977,-18.00082926361252,21.0,0,-0.21234863150297656,20.958329748132932,20.5,21.5
1768.0,20.776998895105137,21.19548044182082,-18.00077976991929,21.0,0,-0.1954804418208198,21.026798544999252,20.5,21.5
1769.0,20.76924333937213,21.1887273872013,-18.000731798719237,21.0,0,-0.18872738720130044,21.121196841006107,20.5,21.5
1770.0,20.761489344344515,21.24544871405319,-18.000685350048887,21.0,0,-0.24544871405318958,21.81266198257208,20.5,21.5
1771.0,20.753736909405635,21.101517022437065,-18.000640423943615,21.0,1,-0.10151702243706495,19.66220010627582,20.5,21.5
1772.0,20.765986033938965,21.0120977222412,-18.000597020437635,21.0,1,-0.01209772224120087,20.11790472028256,20.5,21.5
1773.0,20.77823271732809,21.01599307152338,-18.000555139564,21.0,1,-0.015993071523379143,21.054946564345162,20.5,21.5
1774.0,20.790476959756713,21.065706323297555,-18.000514781354603,21.0,0,-0.06570632329755455,21.56283884103931,20.5,21.5
1775.0,20.78271876140849,21.022392862938617,-18.000475945840183,21.0,0,-0.02239286293861653,20.589258259349236,20.5,21.5
1776.0,20.774962122467038,21.164960551850825,-18.000438633050308,21.0,0,-0.16496055185082525,22.590637440972912,20.5,21.5
1777.0,20.767207042315935,21.254503702834597,-18.0004028430134,21.0,0,-0.25450370283459733,22.149935212672318,20.5,21.5
1778.0,20.75945352033887,21.28480828559466,-18.00036857575671,21.0,0,-0.28480828559466076,21.587854113195295,20.5,21.5
1779.0,20.75170155591965,21.19511844616112,-18.000335831306337,21.0,1,-0.19511844616112128,20.298220051825727,20.5,21.5
1780.0,20.763951148442203,21.19396705472618,-18.00030460968722,21.0,1,-0.1939670547261798,21.182453140376765,20.5,21.5
1781.0,20.776198297290577,21.097399600377912,-18.000274910923125,21.0,1,-0.09739960037791207,20.131725056895235,20.5,21.5
1782.0,20.788443002648933,21.099549256913036,-18.00024673503668,21.0,1,-0.09954925691303629,21.12104582226428,20.5,21.5
1783.0,20.800685264701396,21.081863711634945,-18.000220082049335,21.0,1,-0.08186371163494499,20.905008258854032,20.5,21.5
1784.0,20.812925083632045,21.09785592706956,-18.000194951981392,21.0,1,-0.09785592706955981,21.257778081415708,20.5,21.5
1785.0,20.825162459624924,21.131515138666593,-18.000171344851985,21.0,1,-0.13151513866659315,21.468107254636926,20.5,21.5
1786.0,20.837397392864027,21.20390982784809,-18.000149260679095,21.0,0,-0.20390982784808998,21.92785671966306,20.5,21.5
1787.0,20.82962988353332,21.207999859739846,-18.00012869947954,21.0,0,-0.20799985973984647,21.24890017865741,20.5,21.5
1788.0,20.821863931816715,21.238685022021365,-18.000109661268976,21.0,0,-0.23868502202136455,21.545536644836545,20.5,21.5
1789.0,20.814099537098098,21.280062950162367,-18.000092146061903,21.0,0,-0.2800629501623675,21.693842231572397,20.5,21.5
1790.0,20.806336698761466,21.344474531509324,-18.000076153871657,21.0,0,-0.3444745315093236,21.988590344978885,20.5,21.5
1791.0,20.79857541619094,21.330486252513374,-18.00006168471042,21.0,0,-0.33048625251337427,21.19060346255388,20.5,21.5
1792.0,20.79081568877076,21.27452365791667,-18.00004873858921,21.0,0,-0.27452365791667077,20.714897711949636,20.5,21.5
1793.0,20.78305751588529,21.18182483946656,-18.000037315517886,21.0,1,-0.18182483946656092,20.254836654965462,20.5,21.5
1794.0,20.79530089691901,21.157275135561648,-18.000027415505144,21.0,1,-0.15727513556164752,20.911778096512514,20.5,21.5
1795.0,20.807541831256525,21.050420045647844,-18.00001903855853,21.0,1,-0.050420045647843637,19.981869146509805,20.5,21.5
1796.0,20.81978031908256,21.054845354282506,-18.00001218468442,21.0,1,-0.05484535428250581,21.099098440629128,20.5,21.5
1797.0,20.832016360581807,21.07021895109798,-18.00000685388803,21.0,1,-0.07021895109798137,21.223954919252737,20.5,21.5
1798.0,20.844249955938913,21.128484070235537,-18.000003046173426,21.0,0,-0.12848407023553676,21.71113526161109,20.5,21.5
1799.0,20.836481105338493,20.985511723183876,-18.0000007615435,21.0,1,0.014488276816123857,19.55578825266727,20.5,21.5
1800.0,20.848713808965115,21.07355608351986,-18.0,21.0,0,-0.0735560835198612,21.953999686879712,20.5,21.5
1801.0,20.840944066203324,21.028885409790814,-18.0000007615435,21.0,0,-0.028885409790813554,20.582178672500337,20.5,21.5
1802.0,20.833175877237775,21.023766556965178,-18.000003046173426,21.0,0,-0.023766556965178154,20.972578028708824,20.5,21.5
1803.0,20.82540924145309,20.96899884866678,-18.00000685388803,21.0,1,0.031001151333221344,20.421321765682784,20.5,21.5
1804.0,20.837644158234024,21.08835362724177,-18.00001218468442,21.0,0,-0.08835362724176932,22.281901412991676,20.5,21.5
1805.0,20.82987662696544,20.956246624031856,-18.00001903855853,21.0,1,0.043753375968144326,19.63517659193272,20.5,21.5
1806.0,20.842110647832335,21.024870767353967,-18.000027415505144,21.0,0,-0.024870767353966983,21.71111220057508,20.5,21.5
1807.0,20.834342220219668,21.02422599621634,-18.000037315517886,21.0,0,-0.024225996216340917,21.01777828484008,20.5,21.5
1808.0,20.82657534431252,21.04258427480641,-18.00004873858921,21.0,0,-0.04258427480640847,21.226167060707084,20.5,21.5
1809.0,20.81881001949594,21.047287985673403,-18.00006168471042,21.0,0,-0.0472879856734032,21.09432509434335,20.5,21.5
1810.0,20.811046245155097,21.106325833406892,-18.000076153871657,21.0,0,-0.10632583340689195,21.69670431074178,20.5,21.5
1811.0,20.803284020675292,21.04232396925822,-18.000092146061903,21.0,1,-0.04232396925822002,20.4023053277715,20.5,21.5
1812.0,20.815523345441946,21.07734764331382,-18.000109661268976,21.0,1,-0.07734764331382138,21.427584383869835,20.5,21.5
1813.0,20.827760218840602,21.092616845192815,-18.00012869947954,21.0,1,-0.09261684519281488,21.24530886398275,20.5,21.5
1814.0,20.83999464105694,21.08337498161194,-18.000149260679095,21.0,1,-0.08337498161193935,20.990956345803184,20.5,21.5
1815.0,20.852226612276592,21.13551574828295,-18.000171344851985,21.0,0,-0.13551574828294832,21.656923414993038,20.5,21.5
1816.0,20.844456132685167,21.222565492371622,-18.000194951981392,21.0,0,-0.22256549237162204,22.09306293325836,20.5,21.5
1817.0,20.836687202468234,21.185394504068697,-18.000220082049335,21.0,0,-0.18539450406869662,20.813684621039442,20.5,21.5
1818.0,20.82891982101133,21.226503874133883,-18.00024673503668,21.0,0,-0.22650387413388273,21.637597574785744,20.5,21.5
1819.0,20.821153987700118,21.25535004128787,-18.000274910923125,21.0,0,-0.2553500412878691,21.543811712827733,20.5,21.5
1820.0,20.813389701920393,21.26388700967812,-18.00030460968722,21.0,0,-0.2638870096781183,21.34925669358061,20.5,21.5
1821.0,20.80562696305807,21.24671943935171,-18.000335831306337,21.0,0,-0.24671943935171115,21.07504373608764,20.5,21.5
1822.0,20.797865770499197,21.210510669561735,-18.00036857575671,21.0,0,-0.21051066956173514,20.848422971661975,20.5,21.5
1823.0,20.790106123629947,21.116680824075107,-18.0004028430134,21.0,1,-0.11668082407510738,20.17838236920883,20.5,21.5
1824.0,20.802348021836618,21.10162014958817,-18.000438633050308,21.0,1,-0.10162014958817167,20.951013404718815,20.5,21.5
1825.0,20.814587464505642,21.05343128901061,-18.000475945840183,21.0,1,-0.05343128901061078,20.571542683235002,20.5,21.5
1826.0,20.826824451823573,20.973003324673826,-18.000514781354603,21.0,1,0.026996675326174113,20.168723681305977,20.5,21.5
1827.0,20.839058983976937,21.08808988857782,-18.000555139564,21.0,0,-0.08808988857781941,22.238955527617755,20.5,21.5
1828.0,20.83129106115223,21.108658755084342,-18.000597020437635,21.0,0,-0.10865875508434186,21.314347420149566,20.5,21.5
1829.0,20.82352468353591,21.10595547865115,-18.000640423943615,21.0,0,-0.10595547865115051,21.078922714319237,20.5,21.5
1830.0,20.815759850514414,21.077727400918583,-18.000685350048887,21.0,0,-0.0777274009185831,20.79544662359291,20.5,21.5
1831.0,20.8079965614743,21.140319845887756,-18.000731798719237,21.0,0,-0.14031984588775614,21.766244295579487,20.5,21.5
1832.0,20.800234815802263,21.063229733110763,-18.00077976991929,21.0,1,-0.06322973311076296,20.29232860534083,20.5,21.5
1833.0,20.81247461288512,21.12926775195665,-18.00082926361252,21.0,0,-0.1292677519566503,21.789647940415524,20.5,21.5
1834.0,20.80471195210982,21.110745635082463,-18.000880279761233,21.0,0,-0.11074563508246271,20.925524466340587,20.5,21.5
1835.0,20.796950833663445,21.053866142388195,-18.000932818326575,21.0,1,-0.05386614238819476,20.485071215445515,20.5,21.5
1836.0,20.809191256933047,20.998011158749147,-18.000986879268538,21.0,1,0.0019888412508528575,20.43946132235867,20.5,21.5
1837.0,20.821429221305806,20.972666201300836,-18.00104246254595,21.0,1,0.02733379869916419,20.719216626817722,20.5,21.5
1838.0,20.833664726969037,20.911605826400375,-18.001099568116487,21.0,1,0.08839417359962454,20.301002077395772,20.5,21.5
1839.0,20.84589777411002,21.008363987746076,-18.001158195936654,21.0,0,-0.008363987746076162,21.975945601203083,20.5,21.5
1840.0,20.838128362916013,21.142319942502805,-18.00121834596181,21.0,0,-0.14231994250280522,22.481879490070096,20.5,21.5
1841.0,20.830360493574236,21.18573145994587,-18.00128001814614,21.0,0,-0.18573145994587037,21.619846634376522,20.5,21.5
1842.0,20.82259416547189,21.25658988961691,-18.001343212442688,21.0,0,-0.25658988961691165,21.965174186327324,20.5,21.5
1843.0,20.814829377996308,21.2674669532272,-18.00140792880332,21.0,0,-0.26746695322719916,21.376237589330074,20.5,21.5
1844.0,20.80706613053495,21.155888506493945,-18.001474167178756,21.0,1,-0.1558885064939446,20.0401040391614,20.5,21.5
1845.0,20.819304422475405,21.083474663913634,-18.001541927518552,21.0,1,-0.08347466391363412,20.35933623811053,20.5,21.5
1846.0,20.831540253205407,21.03978766777735,-18.001611209771106,21.0,1,-0.03978766777735032,20.602917706414512,20.5,21.5
1847.0,20.843773622912813,21.06300773326017,-18.00168201388366,21.0,1,-0.0630077332601715,21.295208388088383,20.5,21.5
1848.0,20.856004531785455,21.06150517734518,-18.001754339802282,21.0,1,-0.06150517734517891,21.046479618195253,20.5,21.5
1849.0,20.868232980011136,21.072597266785465,-18.001828187471904,21.0,1,-0.07259726678546485,21.183518161188324,20.5,21.5
1850.0,20.88045896777764,20.992267476710552,-18.001903556836282,21.0,1,0.007732523289448068,20.188969575961423,20.5,21.5
1851.0,20.892682495272716,21.111680764500303,-18.001980447838026,21.0,0,-0.11168076450030284,22.305813642397812,20.5,21.5
1852.0,20.884903562684094,21.142319401807562,-18.002058860418572,21.0,0,-0.14231940180756197,21.448705774880153,20.5,21.5
1853.0,20.877126170199475,21.173014775786267,-18.002138794518206,21.0,0,-0.17301477578626745,21.479968515573322,20.5,21.5
1854.0,20.869350317206532,21.220391204839892,-18.00222025007606,21.0,0,-0.22039120483989194,21.694155495376137,20.5,21.5
1855.0,20.861576003093077,21.360965250396312,-18.002303227030097,21.0,0,-0.3609652503963119,22.76670570596051,20.5,21.5
1856.0,20.853803227247052,21.279937126375536,-18.00238772531713,21.0,1,-0.27993712637553614,20.46965588616778,20.5,21.5
1857.0,20.86603198905654,21.17672697271339,-18.00247374487281,21.0,1,-0.17672697271338933,20.14462543609192,20.5,21.5
1858.0,20.878258287909755,21.150724048049845,-18.00256128563163,21.0,1,-0.1507240480498453,20.890694801414405,20.5,21.5
1859.0,20.890482123995046,21.175970043197115,-18.002650347526917,21.0,1,-0.17597004319711473,21.42842999466981,20.5,21.5
1860.0,20.90270349750074,21.048118833599666,-18.00274093049085,21.0,1,-0.04811883359966629,19.769606737625182,20.5,21.5
1861.0,20.914922408615144,21.031729471015318,-18.002833034454454,21.0,1,-0.031729471015317756,20.867835845171832,20.5,21.5
1862.0,20.92713885752653,21.106446564875124,-18.002926659347576,21.0,0,-0.1064465648751245,21.853617503473192,20.5,21.5
1863.0,20.919352844423155,21.18482966753567,-18.003021805098925,21.0,0,-0.18482966753566998,21.968660694141125,20.5,21.5
1864.0,20.91156836949325,21.19565166195151,-18.003118471636036,21.0,0,-0.19565166195150852,21.303871606109894,20.5,21.5
1865.0,20.903785432125023,21.233577579348385,-18.0032166588853,21.0,0,-0.23357757934838475,21.612836753317147,20.5,21.5
1866.0,20.89600403170682,21.284049480544592,-18.003316366771944,21.0,0,-0.2840494805445921,21.788768492506666,20.5,21.5
1867.0,20.888224167627126,21.28851133304336,-18.00341759522003,21.0,0,-0.28851133304335974,21.333129858031036,20.5,21.5
1868.0,20.880445839274557,21.3295286640641,-18.00352034415247,21.0,0,-0.32952866406409953,21.739701974271497,20.5,21.5
1869.0,20.87266904603787,21.24464710934395,-18.003624613491017,21.0,1,-0.24464710934395129,20.39583156214247,20.5,21.5
1870.0,20.884893787305966,21.289407991432306,-18.003730403156265,21.0,0,-0.2894079914323058,21.73701681231585,20.5,21.5
1871.0,20.877116062467874,21.28831701864757,-18.003837713067654,21.0,0,-0.28831701864757164,21.27740729080023,20.5,21.5
1872.0,20.869339871712768,21.262907545379477,-18.003946543143456,21.0,0,-0.2629075453794769,21.00881281269853,20.5,21.5
1873.0,20.861565214429795,21.113849277236483,-18.0040568933008,21.0,1,-0.11384927723648275,19.62326659580654,20.5,21.5
1874.0,20.873792090008248,21.123122991209083,-18.00416876345564,21.0,1,-0.12312299120908321,21.215860130935088,20.5,21.5
1875.0,20.886016497837556,21.136754513531987,-18.004282153522794,21.0,1,-0.13675451353198653,21.27306973676102,20.5,21.5
1876.0,20.898238438107285,21.13983876503746,-18.0043970634159,21.0,1,-0.13983876503746018,21.170681280092197,20.5,21.5
1877.0,20.91045791100698,21.179383014679313,-18.004513493047455,21.0,0,-0.1793830146793134,21.574825511097846,20.5,21.5
1878.0,20.90267491672617,21.31960002806185,-18.00463144232879,21.0,0,-0.3196000280618492,22.721770161887207,20.5,21.5
1879.0,20.89489345545436,21.40728405075379,-18.00475091117008,21.0,0,-0.40728405075379115,22.28412427767321,20.5,21.5
1880.0,20.887113526581032,21.372118312580778,-18.00487189948035,21.0,0,-0.37211831258077765,21.020460930850643,20.5,21.5
1881.0,20.87933512949582,21.38334394124289,-18.00499440716746,21.0,0,-0.3833439412428916,21.49560022786403,20.5,21.5
1882.0,20.87155826358849,21.3634502525341,-18.00511843413811,21.0,0,-0.36345025253410057,21.16451336544619,20.5,21.5
1883.0,20.863782928248945,21.283124329250803,-18.005243980297855,21.0,1,-0.28312432925080344,20.479865096417832,20.5,21.5
1884.0,20.876009122867234,21.24462384094869,-18.005371045551083,21.0,1,-0.24462384094869094,20.859618957927566,20.5,21.5
1885.0,20.88823284683355,21.285659466133737,-18.00549962980103,21.0,0,-0.28565946613373683,21.696015717984196,20.5,21.5
1886.0,20.880454100338223,21.21112217051765,-18.005629732949767,21.0,1,-0.21112217051765114,20.465749214356794,20.5,21.5
1887.0,20.892676883571564,21.225942828611622,-18.005761354898226,21.0,1,-0.22594282861162185,21.37414940955133,20.5,21.5
1888.0,20.90489719592387,21.27106547868273,-18.00589449554616,21.0,0,-0.2710654786827291,21.722291979393802,20.5,21.5
1889.0,20.897115037585575,21.220437105885853,-18.00602915479218,21.0,0,-0.2204371058858534,20.714153377917096,20.5,21.5
1890.0,20.8893344087471,21.184125259933243,-18.006165332533744,21.0,0,-0.1841252599332428,20.821006800407137,20.5,21.5
1891.0,20.881555308798845,21.25445154058935,-18.00630302866714,21.0,0,-0.2544515405893506,21.95771434715043,20.5,21.5
1892.0,20.873777737131352,21.246980910747933,-18.006442243087506,21.0,0,-0.24698091074793282,21.172274612333755,20.5,21.5
1893.0,20.86600169313531,21.219233957573948,-18.006582975688826,21.0,0,-0.21923395757394815,20.9417644258341,20.5,21.5
1894.0,20.858227176201545,21.187479708569775,-18.006725226363926,21.0,0,-0.18747970856977503,20.869937218528044,20.5,21.5
1895.0,20.85045418572103,21.24148502637813,-18.006868995004478,21.0,0,-0.24148502637812896,21.78153820446167,20.5,21.5
1896.0,20.842682721084884,21.160461446027995,-18.007014281500993,21.0,1,-0.16046144602799473,20.350225642526652,20.5,21.5
1897.0,20.854912781684366,21.098181632706616,-18.007161085742826,21.0,1,-0.09818163270661628,20.475383499492832,20.5,21.5
1898.0,20.86714036691088,21.0742463358467,-18.007309407618187,21.0,1,-0.07424633584669849,20.83489336724752,20.5,21.5
1899.0,20.879365476955975,21.121170911959076,-18.00745924701412,21.0,0,-0.12117091195907648,21.590416673082856,20.5,21.5
1900.0,20.87158811201118,21.073973056961403,-18.00761060381651,21.0,0,-0.07397305696140322,20.60199450698467,20.5,21.5
1901.0,20.863812272268017,21.08539934476131,-18.007763477910096,21.0,0,-0.08539934476130995,21.199662222760377,20.5,21.5
1902.0,20.85603795711798,21.1307223892182,-18.00791786917846,21.0,0,-0.13072238921819945,21.583952833787095,20.5,21.5
1903.0,20.84826516595272,21.141916528077324,-18.008073777504023,21.0,0,-0.14191652807732424,21.253857916668572,20.5,21.5
1904.0,20.84049389816403,21.134588672338886,-18.00823120276806,21.0,0,-0.13458867233888583,21.0613101149545,20.5,21.5
1905.0,20.832724153143843,21.15468697313065,-18.008390144850676,21.0,0,-0.1546869731306515,21.355669981048308,20.5,21.5
1906.0,20.824955930284244,21.16905367438595,-18.008550603630837,21.0,0,-0.16905367438594965,21.31272068693893,20.5,21.5
1907.0,20.817189228977462,21.09286637772219,-18.00871257898634,21.0,1,-0.09286637772218853,20.330993411084577,20.5,21.5
1908.0,20.82942404861587,21.128715020798342,-18.00887607079384,21.0,1,-0.1287150207983423,21.48720145155988,20.5,21.5
1909.0,20.84165638859199,21.14095218185178,-18.009041078928828,21.0,1,-0.14095218185178027,21.26332379238616,20.5,21.5
1910.0,20.853886249098483,21.18892934663252,-18.009207603265644,21.0,0,-0.18892934663251992,21.668700994439916,20.5,21.5
1911.0,20.84611363032801,21.25240027841989,-18.00937564367747,21.0,0,-0.2524002784198913,21.887109596293605,20.5,21.5
1912.0,20.83834253247321,21.346868322665756,-18.00954520003634,21.0,0,-0.34686832266575607,22.291548765124404,20.5,21.5
1913.0,20.83057295492671,21.40026233950305,-18.009716272213122,21.0,0,-0.4002623395030511,21.934202507876,20.5,21.5
1914.0,20.82280489708128,21.362505869916312,-18.009888860077545,21.0,0,-0.36250586991631195,20.98494117404892,20.5,21.5
1915.0,20.815038358329847,21.379459398469557,-18.01006296349818,21.0,0,-0.3794593984695567,21.548994684002004,20.5,21.5
1916.0,20.80727333806548,21.364450229282745,-18.010238582342424,21.0,0,-0.3644502292827454,21.214358537414633,20.5,21.5
1917.0,20.799509835681402,21.38037699579331,-18.010415716476547,21.0,0,-0.3803769957933092,21.539644660898947,20.5,21.5
1918.0,20.79174785057097,21.244569907029398,-18.01059436576565,21.0,1,-0.24456990702939763,19.886499019390282,20.5,21.5
1919.0,20.803987382127705,21.336322759360943,-18.01077453007369,21.0,0,-0.336322759360943,22.253851282676397,20.5,21.5
1920.0,20.796224429745266,21.274223562699483,-18.010956209263455,21.0,0,-0.27422356269948267,20.65323159608488,20.5,21.5
1921.0,20.788462993617465,21.2285407033568,-18.01113940319659,21.0,0,-0.2285407033567992,20.771712109929965,20.5,21.5
1922.0,20.780703073138103,21.01351408982386,-18.01132411173359,21.0,1,-0.013514089823861042,18.86324795449448,20.5,21.5
1923.0,20.79294466770113,21.016928720177624,-18.01151033473379,21.0,1,-0.016928720177624257,21.051075023715256,20.5,21.5
1924.0,20.80518377670064,20.964266720278665,-18.011698072055367,21.0,1,0.035733279721334554,20.437646721289077,20.5,21.5
1925.0,20.81742040033089,20.92586468775164,-18.01188732355536,21.0,1,0.07413531224835879,20.5418443624814,20.5,21.5
1926.0,20.829654538786112,20.932195030893933,-18.01207808908964,21.0,1,0.06780496910606715,20.99549846231685,20.5,21.5
1927.0,20.84188619226054,21.07793982402473,-18.012270368512933,21.0,0,-0.07793982402473176,22.53538775533272,20.5,21.5
1928.0,20.834115360948385,21.103118637536014,-18.012464161678807,21.0,0,-0.10311863753601358,21.35490677264883,20.5,21.5
1929.0,20.82634604504386,21.12565130262194,-18.012659468439683,21.0,0,-0.12565130262193946,21.3509779534812,20.5,21.5
1930.0,20.81857824394116,21.11216107486029,-18.012856288646823,21.0,0,-0.11216107486028903,20.977258797243785,20.5,21.5
1931.0,20.810811957034645,21.10666816868571,-18.013054622150346,21.0,0,-0.1066681686857116,21.051739106939937,20.5,21.5
1932.0,20.803047183718807,21.193668317369728,-18.013254468799207,21.0,0,-0.19366831736972756,22.063669804209887,20.5,21.5
1933.0,20.795283923388304,21.229202433545844,-18.013455828441217,21.0,0,-0.22920243354584358,21.584543595307004,20.5,21.5
1934.0,20.78752217543794,21.225116277020554,-18.013658700923028,21.0,0,-0.22511627702055392,21.184254711767657,20.5,21.5
1935.0,20.779761939262666,21.26601055677736,-18.013863086090147,21.0,0,-0.26601055677735985,21.67495335434542,20.5,21.5
1936.0,20.772003214257595,21.16251629430283,-18.014068983786927,21.0,1,-0.16251629430282932,20.127573669557524,20.5,21.5
1937.0,20.784245999817987,21.09893208952412,-18.014276393856562,21.0,1,-0.09893208952411925,20.46309004173702,20.5,21.5
1938.0,20.796486295339253,21.05387805994605,-18.01448531614111,21.0,1,-0.05387805994605088,20.603337764165367,20.5,21.5
1939.0,20.808724101016956,20.985019331362317,-18.014695750481458,21.0,1,0.014980668637683436,20.296432045524973,20.5,21.5
1940.0,20.820959417046655,21.036215462826792,-18.014907696717355,21.0,0,-0.03621546282679233,21.54817677747155,20.5,21.5
1941.0,20.813192243623902,21.160297180658482,-18.015121154687396,21.0,0,-0.16029718065848186,22.401114358975377,20.5,21.5
1942.0,20.80542658094424,21.106416040802912,-18.015336124229023,21.0,0,-0.10641604080291245,20.56760464224722,20.5,21.5
1943.0,20.797662428403203,21.11280509813281,-18.015552605178527,21.0,0,-0.11280509813281014,21.176695671431787,20.5,21.5
1944.0,20.789899785396486,21.15205348933961,-18.015770597371045,21.0,0,-0.15205348933961105,21.54453740140762,20.5,21.5
1945.0,20.782138651319933,20.9996075410338,-18.015990100640572,21.0,1,0.0003924589661998823,19.47514805797569,20.5,21.5
1946.0,20.79437902556954,20.949524275534095,-18.01621111481994,21.0,1,0.05047572446590465,20.448691620537048,20.5,21.5
1947.0,20.806616907541464,21.01445366953665,-18.016433639740846,21.0,0,-0.014453669536649727,21.663747609562193,20.5,21.5
1948.0,20.798852297432006,21.093932173342555,-18.01665767523382,21.0,0,-0.0939321733425551,21.88871721140161,20.5,21.5
1949.0,20.791089195437472,21.079878658453644,-18.016883221128253,21.0,0,-0.07987865845364439,20.939343509564537,20.5,21.5
1950.0,20.78332760095416,21.153498074708047,-18.017110277252378,21.0,0,-0.15349807470804677,21.88969223725207,20.5,21.5
1951.0,20.77556751337852,21.18219640371658,-18.017338843433286,21.0,0,-0.1821964037165813,21.469179693801927,20.5,21.5
1952.0,20.767808932107158,21.16027403100537,-18.017568919496917,21.0,0,-0.1602740310053683,20.94105030389324,20.5,21.5
1953.0,20.760051856536837,21.070373814278696,-18.01780050526805,21.0,1,-0.07037381427869605,20.171371647011973,20.5,21.5
1954.0,20.772296286064474,21.092109834580324,-18.018033600570327,21.0,1,-0.09210983458032374,21.3094700375966,20.5,21.5
1955.0,20.784538220087146,21.062586939216015,-18.018268205226235,21.0,1,-0.06258693921601477,20.767357985572925,20.5,21.5
1956.0,20.796777658802082,21.083757103914863,-18.018504319057115,21.0,1,-0.0837571039148628,21.295458750903343,20.5,21.5
1957.0,20.80901460240651,21.03666151745735,-18.01874194188315,21.0,1,-0.03666151745735036,20.565705652882226,20.5,21.5
1958.0,20.821249051097652,21.10752716448681,-18.01898107352338,21.0,0,-0.10752716448681099,21.816183634781417,20.5,21.5
1959.0,20.813481005072727,21.022782079840404,-18.019221713795705,21.0,1,-0.022782079840403924,20.175331233376333,20.5,21.5
1960.0,20.825714464528954,21.0512211285639,-18.019463862516858,21.0,1,-0.05122112856389904,21.33561161579885,20.5,21.5
1961.0,20.837945428863545,21.034328316942517,-18.01970751950244,21.0,1,-0.034328316942517034,20.865400200728697,20.5,21.5
1962.0,20.850173898273873,21.088618395851654,-18.019952684566885,21.0,0,-0.08861839585165399,21.631519184943024,20.5,21.5
1963.0,20.842399872957305,21.068671471288617,-18.020199357523495,21.0,0,-0.06867147128861717,20.86920222565825,20.5,21.5
1964.0,20.83462735311121,21.111090595444434,-18.02044753818442,21.0,0,-0.11109059544443411,21.535281837002604,20.5,21.5
1965.0,20.82685633813295,21.198470278932902,-18.02069722636066,21.0,0,-0.19847027893290203,22.07226711381758,20.5,21.5
1966.0,20.81908682742005,21.283555188247288,-18.02094842186206,21.0,0,-0.28355518824728776,22.134404281391145,20.5,21.5
1967.0,20.811318820370193,21.2469444723252,-18.02120112449733,21.0,0,-0.24694447232520034,20.880837313104326,20.5,21.5
1968.0,20.803552316381218,21.200036632551697,-18.021455334074023,21.0,0,-0.20003663255169712,20.730958234816665,20.5,21.5
1969.0,20.795787314851125,21.17412340599256,-18.021711050398547,21.0,0,-0.17412340599256027,20.91499114040119,20.5,21.5
1970.0,20.788023815178075,21.017405760877704,-18.021968273276165,21.0,1,-0.01740576087770407,19.450229309729142,20.5,21.5
1971.0,20.800261816760383,20.935745998656234,-18.02222700251099,21.0,1,0.06425400134376602,20.119148376441533,20.5,21.5
1972.0,20.812497318996527,20.970022817971106,-18.022487237905988,21.0,1,0.02997718202889388,21.312791011119828,20.5,21.5
1973.0,20.82473032208515,20.948292491004526,-18.02274897926298,21.0,1,0.05170750899547372,20.730989221338728,20.5,21.5
1974.0,20.836960826224878,21.012493787839457,-18.023012226382633,21.0,0,-0.012493787839456871,21.654506756188763,20.5,21.5
1975.0,20.829188831614356,21.061257858623833,-18.023276979064477,21.0,0,-0.06125785862383282,21.548898566467592,20.5,21.5
1976.0,20.821418338452222,21.05390832666638,-18.023543237106892,21.0,0,-0.0539083266663809,20.98041300709186,20.5,21.5
1977.0,20.81364934613711,21.046075014133134,-18.023811000307113,21.0,0,-0.04607501413313386,20.967741888800663,20.5,21.5
1978.0,20.805881854067824,21.077621907620415,-18.024080268461223,21.0,0,-0.07762190762041499,21.393090842493226,20.5,21.5
1979.0,20.798115861643318,21.078541179198723,-18.024351041364163,21.0,0,-0.07854117919872294,21.087733894981803,20.5,21.5
1980.0,20.790351368262716,21.033475121533296,-18.024623318809724,21.0,0,-0.03347512153329646,20.58281454487903,20.5,21.5
1981.0,20.7825883733253,21.036271460198567,-18.024897100590564,21.0,0,-0.03627146019856653,21.064234846851267,20.5,21.5
1982.0,20.774826876230517,20.981647436946304,-18.025172386498177,21.0,1,0.018352563053696258,20.435407204423676,20.5,21.5
1983.0,20.78706687637797,21.00957000600742,-18.025449176322926,21.0,1,-0.009570006007418641,21.288795696618568,20.5,21.5
1984.0,20.79930437316743,21.036321148986616,-18.025727469854026,21.0,1,-0.03632114898661598,21.30383257877859,20.5,21.5
1985.0,20.811539366798826,21.157355768973964,-18.026007266879535,21.0,0,-0.15735576897396442,22.36770196884745,20.5,21.5
1986.0,20.80377185747209,21.189202393303614,-18.026288567186384,21.0,0,-0.18920239330361355,21.507668636600105,20.5,21.5
1987.0,20.796005845387157,21.272158585273605,-18.026571370560347,21.0,0,-0.2721585852736048,22.101720504973517,20.5,21.5
1988.0,20.78824132994397,21.24109367284337,-18.026855676786063,21.0,0,-0.2410936728433697,20.93044454854102,20.5,21.5
1989.0,20.780478310542623,21.206520075670262,-18.027141485647007,21.0,0,-0.20652007567026232,20.86078410393919,20.5,21.5
1990.0,20.772716786583384,21.049180452193486,-18.027428796925538,21.0,1,-0.04918045219348599,19.475784217425723,20.5,21.5
1991.0,20.78495675746668,21.085463713979365,-18.027717610402846,21.0,1,-0.08546371397936525,21.448296331838158,20.5,21.5
1992.0,20.797194222593106,21.05783287213233,-18.02800792585899,21.0,1,-0.05783287213233024,20.78152445366198,20.5,21.5
1993.0,20.809429182163417,21.029206684139908,-18.028299743072882,21.0,1,-0.02920668413990768,20.742944804215682,20.5,21.5
1994.0,20.82166163637837,21.052723827649686,-18.028593061822292,21.0,1,-0.05272382764968597,21.28789526274747,20.5,21.5
1995.0,20.833891585438728,21.158005351673474,-18.028887881883843,21.0,0,-0.15800535167347363,22.21082059191135,20.5,21.5
1996.0,20.826119029545264,21.085836609619996,-18.02918420303302,21.0,1,-0.08583660961999584,20.364149189085218,20.5,21.5
1997.0,20.83834796889875,21.045029522841368,-18.029482025044157,21.0,1,-0.045029522841367964,20.63695865505509,20.5,21.5
1998.0,20.85057440289996,21.128536214711392,-18.029781347690452,21.0,0,-0.1285362147113922,21.963603133411635,20.5,21.5
1999.0,20.84279833174984,21.17132840971242,-18.03008217074396,21.0,0,-0.17132840971241947,21.599250359722692,20.5,21.5
2000.0,20.835023755649342,21.212745144485673,-18.030384493975582,21.0,0,-0.21274514448567317,21.62691249221821,20.5,21.5
2001.0,20.827250673999416,21.19498676379945,-18.030688317155096,21.0,0,-0.19498676379944868,21.017402956937204,20.5,21.5
2002.0,20.819479086201184,21.22339260066943,-18.03099364005113,21.0,0,-0.22339260066943112,21.507450969369255,20.5,21.5
2003.0,20.811708991655934,21.173237369550712,-18.03130046243115,21.0,0,-0.17323736955071212,20.671685058363522,20.5,21.5
2004.0,20.803940389765117,21.12380833440762,-18.03160878406152,21.0,0,-0.12380833440762018,20.6295179829767,20.5,21.5
2005.0,20.79617327993035,21.091588117926257,-18.031918604707418,21.0,0,-0.09158811792625698,20.769385953112625,20.5,21.5
2006.0,20.78840766155342,21.079131951119884,-18.032229924132917,21.0,0,-0.07913195111988358,20.95457028305615,20.5,21.5
2007.0,20.780643534036283,21.068065910961597,-18.03254274210093,21.0,0,-0.06806591096159664,20.957405509378727,20.5,21.5
2008.0,20.772880896781057,21.05961211045105,-18.032857058373228,21.0,0,-0.05961211045104875,20.97507410534557,20.5,21.5
2009.0,20.765119749190028,21.028888707629655,-18.033172872710452,21.0,0,-0.028888707629654675,20.721654679415714,20.5,21.5
2010.0,20.757360090665646,21.096287192316026,-18.03349018487209,21.0,0,-0.09628719231602645,21.770272039179744,20.5,21.5
2011.0,20.749601920610537,21.070953089023487,-18.0338089946165,21.0,0,-0.07095308902348663,20.81761205609809,20.5,21.5
2012.0,20.74184523842749,21.065612066669996,-18.034129301700894,21.0,0,-0.06561206666999553,21.012201843135085,20.5,21.5
2013.0,20.734090043519465,21.08700071064618,-18.034451105881338,21.0,0,-0.08700071064617987,21.300887150408023,20.5,21.5
2014.0,20.726336335289584,21.18068492255552,-18.03477440691277,21.0,0,-0.18068492255552115,22.117527041648934,20.5,21.5
2015.0,20.718584113141144,21.154763739557552,-18.03509920454898,21.0,0,-0.15476373955755207,20.89555190957786,20.5,21.5
2016.0,20.710833376477606,21.21769841744991,-18.035425498542622,21.0,0,-0.2176984174499097,21.847045196373486,20.5,21.5
2017.0,20.703084124702603,21.199369848145558,-18.03575328864521,21.0,0,-0.19936984814555814,21.016084155102043,20.5,21.5
2018.0,20.695336357219933,21.09725321559308,-18.036082574607114,21.0,1,-0.09725321559308142,20.076086890068314,20.5,21.5
2019.0,20.70759007343357,20.98075376774156,-18.03641335617757,21.0,1,0.019246232258439022,19.815759289226357,20.5,21.5
2020.0,20.719841272747647,20.863112104005562,-18.036745633104672,21.0,1,0.13688789599443751,19.686695466645578,20.5,21.5
2021.0,20.732089955366476,20.871885082939958,-18.03707940513538,21.0,1,0.1281149170600422,20.95961487228391,20.5,21.5
2022.0,20.744336121494374,20.896712416172846,-18.037414672015508,21.0,1,0.10328758382715364,21.144985748501732,20.5,21.5
2023.0,20.756579771335673,21.060585798681295,-18.037751433489742,21.0,0,-0.06058579868129499,22.69931962376578,20.5,21.5
2024.0,20.748820905094707,21.11679144971109,-18.038089689301618,21.0,0,-0.11679144971109068,21.678847960009048,20.5,21.5
2025.0,20.74106352297583,21.170327044664088,-18.03842943919354,21.0,0,-0.17032704466408788,21.70568299419406,20.5,21.5
2026.0,20.733307624383393,21.15941399990449,-18.038770682906772,21.0,0,-0.15941399990449057,21.050283552308517,20.5,21.5
2027.0,20.725553208721934,21.113546497864892,-18.03911342018145,21.0,0,-0.1135464978648919,20.654871477468905,20.5,21.5
2028.0,20.717800275396154,20.99165142410026,-18.039457650756557,21.0,1,0.008348575899738364,19.77270068645396,20.5,21.5
2029.0,20.730048823810925,20.98935133970674,-18.039803374369946,21.0,1,0.010648660293259837,20.966350495771525,20.5,21.5
2030.0,20.742294853371288,21.045384933130055,-18.04015059075834,21.0,0,-0.045384933130055316,21.605720867363207,20.5,21.5
2031.0,20.73453836428246,21.05691572584352,-18.040499299657313,21.0,0,-0.05691572584352045,21.17222365297817,20.5,21.5
2032.0,20.726783356749674,21.10657689571439,-18.04084950080131,21.0,0,-0.10657689571439022,21.603188594423088,20.5,21.5
2033.0,20.719029830178165,21.228237844188858,-18.04120119392364,21.0,0,-0.2282378441888575,22.44484732893353,20.5,21.5
2034.0,20.711277783973344,21.181557378314853,-18.04155437875647,21.0,0,-0.18155737831485297,20.714752719574808,20.5,21.5
2035.0,20.7035272175408,21.11478994925594,-18.041909055030832,21.0,1,-0.11478994925593966,20.447115658666807,20.5,21.5
2036.0,20.715778130286285,21.126047145940515,-18.04226522247663,21.0,1,-0.12604714594051458,21.238619112786264,20.5,21.5
2037.0,20.728026521615732,21.13248761753574,-18.042622880822623,21.0,1,-0.132487617535741,21.196892333488005,20.5,21.5
2038.0,20.740272391735243,21.140732782893416,-18.04298202979644,21.0,1,-0.14073278289341573,21.223184436470163,20.5,21.5
2039.0,20.752515740850935,21.070252908752387,-18.043342669124577,21.0,1,-0.0702529087523871,20.3654541673421,20.5,21.5
2040.0,20.76475656916894,21.06682127415283,-18.04370479853239,21.0,1,-0.06682127415282935,21.032504928157252,20.5,21.5
2041.0,20.7769948768954,21.06343982772296,-18.044068417744096,21.0,1,-0.06343982772295931,21.02962536342426,20.5,21.5
2042.0,20.789230664236474,21.08148933089772,-18.044433526482788,21.0,1,-0.08148933089772115,21.26198436264534,20.5,21.5
2043.0,20.80146393139833,21.022995663453223,-18.04480012447042,21.0,1,-0.022995663453222903,20.43805898900824,20.5,21.5
2044.0,20.813694678587158,21.073612100801256,-18.045168211427807,21.0,0,-0.07361210080125602,21.579776474281587,20.5,21.5
2045.0,20.805922906009155,21.06992197662153,-18.045537787074643,21.0,0,-0.06992197662152932,21.033020734824262,20.5,21.5
2046.0,20.79815261387054,21.052173311080782,-18.04590885112947,21.0,0,-0.05217331108078227,20.87468665567331,20.5,21.5
2047.0,20.790383801577537,21.076297748175318,-18.04628140330972,21.0,0,-0.07629774817531754,21.31754211912067,20.5,21.5
2048.0,20.78261646853656,21.05226970782155,-18.046655443331666,21.0,0,-0.05226970782155149,20.81198930428389,20.5,21.5
2049.0,20.774850614154186,21.104273432313015,-18.047030970910463,21.0,0,-0.10427343231301478,21.624310677227648,20.5,21.5
2050.0,20.767086237837173,21.111796667353122,-18.04740798576013,21.0,0,-0.1117966673531221,21.187029017754195,20.5,21.5
2051.0,20.759323338992452,21.14139972792455,-18.047786487593562,21.0,0,-0.1413997279245507,21.437430333638837,20.5,21.5
2052.0,20.751561917027136,21.07916834191025,-18.048166476122503,21.0,1,-0.07916834191025046,20.456854481767248,20.5,21.5
2053.0,20.763801971348506,21.11945447719963,-18.048547951057582,21.0,0,-0.11945447719962843,21.522315830093408,20.5,21.5
2054.0,20.756039501364025,21.077791356384516,-18.048930912108286,21.0,0,-0.07779135638451606,20.661160148233392,20.5,21.5
2055.0,20.74827850728133,21.057466240153282,-18.049315358982973,21.0,0,-0.057466240153281944,20.85421507784094,20.5,21.5
2056.0,20.74051898850808,20.994769257554267,-18.049701291388875,21.0,1,0.005230742445732517,20.367799431564123,20.5,21.5
2057.0,20.7527609444521,20.97755067375342,-18.050088709032078,21.0,1,0.022449326246579915,20.805364835744946,20.5,21.5
2058.0,20.765000374521403,20.991896616220295,-18.050477611617556,21.0,1,0.008103383779705098,21.135356040889043,20.5,21.5
2059.0,20.777237278924176,21.0171153810017,-18.05086799884914,21.0,1,-0.017115381001701735,21.26930302881577,20.5,21.5
2060.0,20.78947165786862,21.080252720890854,-18.05125987042953,21.0,0,-0.08025272089085433,21.71162611978238,20.5,21.5
2061.0,20.78170351156296,21.043933661565,-18.051653226060303,21.0,0,-0.04393366156499923,20.680743068306448,20.5,21.5
2062.0,20.773936840215434,21.05767611218675,-18.052048065441895,21.0,0,-0.05767611218675128,21.195100618404272,20.5,21.5
2063.0,20.7661716432343,21.00805495564845,-18.052444388273628,21.0,0,-0.008054955648450601,20.511843390265444,20.5,21.5
2064.0,20.758407920028,21.048492611120263,-18.052842194253678,21.0,0,-0.04849261112026326,21.45286916583839,20.5,21.5
2065.0,20.75064567000514,21.067156901406484,-18.053241483079102,21.0,0,-0.06715690140648434,21.253799804268695,20.5,21.5
2066.0,20.742884892574526,21.107360137700162,-18.053642254445823,21.0,0,-0.10736013770016228,21.50939250063694,20.5,21.5
2067.0,20.735125587145124,21.145677615360846,-18.054044508048637,21.0,0,-0.1456776153608459,21.528852391967682,20.5,21.5
2068.0,20.727367753126085,21.138156209424906,-18.054448243581206,21.0,0,-0.13815620942490625,21.06294215006551,20.5,21.5
2069.0,20.719611389926744,21.135303751182384,-18.054853460736073,21.0,0,-0.13530375118238425,21.106779168757164,20.5,21.5
2070.0,20.71185649695661,21.04384047258923,-18.055260159204646,21.0,1,-0.04384047258923118,20.1292076866577,20.5,21.5
2071.0,20.72410307362538,21.077756549847496,-18.055668338677208,21.0,1,-0.07775654984749636,21.416917322430148,20.5,21.5
2072.0,20.73634711934292,21.039041992878037,-18.05607799884291,21.0,1,-0.03904199287803678,20.65189642318344,20.5,21.5
2073.0,20.748588634319283,21.064485502483297,-18.056489139389775,21.0,1,-0.0644855024832971,21.3189205985359,20.5,21.5
2074.0,20.76082761876454,21.099249454123722,-18.056901760004706,21.0,1,-0.0992494541237221,21.446888970527972,20.5,21.5
2075.0,20.773064072888786,21.163305206401656,-18.05731586037348,21.0,0,-0.16330520640165602,21.803862729180995,20.5,21.5
2076.0,20.765297996902135,21.09707784363103,-18.057731440180728,21.0,1,-0.09707784363103045,20.434804215924775,20.5,21.5
2077.0,20.777533391014718,21.059138968832507,-18.058148499109976,21.0,1,-0.05913896883250658,20.679750220847268,20.5,21.5
2078.0,20.789766254636692,21.04389544584123,-18.05856703684362,21.0,1,-0.04389544584122973,20.89146021592846,20.5,21.5
2079.0,20.801996587978397,20.999455076295245,-18.058987053062914,21.0,1,0.0005449237047550071,20.555051380835398,20.5,21.5
2080.0,20.81422439125019,20.97458949586522,-18.059408547448008,21.0,1,0.025410504134779188,20.72593369156498,20.5,21.5
2081.0,20.826449664662448,21.071681944529008,-18.059831519677907,21.0,0,-0.07168194452900778,22.042606431166877,20.5,21.5
2082.0,20.81867240842558,21.148174740161473,-18.060255969430507,21.0,0,-0.14817474016147258,21.91310269648612,20.5,21.5
2083.0,20.81089662275001,21.183067983113894,-18.060681896382565,21.0,0,-0.18306798311389372,21.532000412638105,20.5,21.5
2084.0,20.803122307046184,21.204142769596444,-18.061109300209722,21.0,0,-0.2041427695964444,21.41489063442195,20.5,21.5
2085.0,20.795349460724733,21.228280428359785,-18.061538180586492,21.0,0,-0.2282804283597848,21.46965701599319,20.5,21.5
2086.0,20.787578083196472,21.224687646916372,-18.06196853718626,21.0,0,-0.22468764691637233,21.188759832482248,20.5,21.5
2087.0,20.779808173872397,21.25514947954728,-18.062400369681296,21.0,0,-0.2551494795472813,21.55976780585637,20.5,21.5
2088.0,20.772039732163687,21.23264129015238,-18.062833677742738,21.0,0,-0.23264129015237955,21.007559396203362,20.5,21.5
2089.0,20.764272757481706,21.166001207793517,-18.063268461040604,21.0,1,-0.16600120779351712,20.499600384204893,20.5,21.5
2090.0,20.776507249238,21.08140306074289,-18.063704719243784,21.0,1,-0.08140306074288972,20.235421590236616,20.5,21.5
2091.0,20.788739206844305,21.084368857198918,-18.064142452020054,21.0,1,-0.08436885719891762,21.114026821759197,20.5,21.5
2092.0,20.800968630512532,21.068128890105637,-18.064581659036058,21.0,1,-0.06812889010563694,20.90572921917283,20.5,21.5
2093.0,20.813195520454624,21.045071902605336,-18.06502233995732,21.0,1,-0.045071902605336334,20.81450202760233,20.5,21.5
2094.0,20.825419876882542,21.078656356956742,-18.065464494448246,21.0,1,-0.078656356956742,21.4145009004708,20.5,21.5
2095.0,20.837641700008277,21.120495024581153,-18.065908122172115,21.0,0,-0.12049502458115313,21.538881700825264,20.5,21.5
2096.0,20.82986099004384,21.092730511179248,-18.06635322279108,21.0,0,-0.0927305111792478,20.815085377160194,20.5,21.5
2097.0,20.822081747201274,21.044777355599855,-18.066799795966183,21.0,0,-0.044777355599855184,20.56524579980593,20.5,21.5
2098.0,20.81430397089264,21.080103912005804,-18.067247841357343,21.0,0,-0.08010391200580358,21.433369476065288,20.5,21.5
2099.0,20.806527660530193,21.00768207099592,-18.06769735862334,21.0,1,-0.007682070995919332,20.283463660897077,20.5,21.5
2100.0,20.818752815526363,21.003376219821547,6.931851652578136,21.0,1,-0.0033762198215470107,20.960317708077824,20.5,21.5
2101.0,20.835975435293772,20.995168790351585,6.931399192590545,21.0,1,0.004831209648415324,20.91309449565196,20.5,21.5
2102.0,20.853194520045232,20.986713342884634,6.93094526175845,21.0,1,0.013286657115365585,20.902158868215132,20.5,21.5
2103.0,20.870410070193575,21.00733987689272,6.9304898604275404,21.0,1,-0.007339876892718422,21.21360521697356,20.5,21.5
2104.0,20.887622086151623,21.128397530392274,6.930032988944623,21.0,0,-0.12839753039227375,22.338974065387827,20.5,21.5
2105.0,20.88483056833218,21.214083941858256,6.929574647657626,21.0,0,-0.21408394185825586,22.070948056518077,20.5,21.5
2106.0,20.882039517148044,21.207312368837343,6.929114836915597,21.0,0,-0.20731236883734283,21.139596638628213,20.5,21.5
2107.0,20.879248932211997,21.24656067719789,6.928653557068699,21.0,0,-0.2465606771978912,21.639043760803375,20.5,21.5
2108.0,20.876458813136967,21.254887449774312,6.92819080846822,21.0,0,-0.2548874497743121,21.33815517553852,20.5,21.5
2109.0,20.873669159536032,21.16602897669414,6.927726591466562,21.0,1,-0.16602897669413963,20.277444245892415,20.5,21.5
2110.0,20.890879971022418,21.081544066373755,6.927260906417246,21.0,1,-0.08154406637375544,20.236694963169914,20.5,21.5
2111.0,20.908087247209497,21.130752795559427,6.926793753674912,21.0,0,-0.13075279555942743,21.622840087416147,20.5,21.5
2112.0,20.905290988510792,21.103744366853945,6.926325133595316,21.0,0,-0.10374436685394528,20.833660079799124,20.5,21.5
2113.0,20.90249519533981,21.029169077401068,6.925855046535334,21.0,1,-0.029169077401068222,20.283416182872298,20.5,21.5
2114.0,20.91969986731005,21.123928874270305,6.925383492852958,21.0,0,-0.1239288742703053,22.071526842962676,20.5,21.5
2115.0,20.91690100403516,21.194757594225656,6.924910472907294,21.0,0,-0.1947575942256563,21.903044793779166,20.5,21.5
2116.0,20.914102605928935,21.285514007875193,6.924435987058571,21.0,0,-0.285514007875193,22.19307814437056,20.5,21.5
2117.0,20.911304672605162,21.359421728612553,6.923960035668127,21.0,0,-0.3594217286125527,22.09849893598615,20.5,21.5
2118.0,20.908507203677775,21.436730304810308,6.923482619098422,21.0,0,-0.4367303048103075,22.209816066787855,20.5,21.5
2119.0,20.90571019876086,21.426217880182342,6.92300373771303,21.0,0,-0.4262178801823424,21.32109363390269,20.5,21.5
2120.0,20.902913657468652,21.36257434941672,6.922523391876638,21.0,0,-0.36257434941672173,20.726139041760515,20.5,21.5
2121.0,20.900117579415532,21.267642414208655,6.922041581955051,21.0,1,-0.2676424142086553,20.31832306212799,20.5,21.5
2122.0,20.91732196421604,21.274487493669472,6.921558308315188,21.0,1,-0.2744874936694721,21.34293828827764,20.5,21.5
2123.0,20.93452281148486,21.299881835474544,6.921073571325084,21.0,0,-0.29988183547454383,21.55382525352526,20.5,21.5
2124.0,20.93172012163683,21.28907608368152,6.920587371353886,21.0,0,-0.28907608368151827,21.181018565751263,20.5,21.5
2125.0,20.928917895086773,21.29433490304863,6.920099708771858,21.0,0,-0.29433490304862886,21.346923096719735,20.5,21.5
2126.0,20.92611613144951,21.26686061599437,6.919610583950374,21.0,0,-0.2668606159943714,20.992117745451797,20.5,21.5
2127.0,20.92331483034001,21.244174782683157,6.919119997261925,21.0,0,-0.24417478268315662,21.01731644957101,20.5,21.5
2128.0,20.920513991373397,21.186955767996132,6.918627949080115,21.0,0,-0.18695576799613178,20.614765621125883,20.5,21.5
2129.0,20.91771361416494,21.089836506473993,6.918134439779659,21.0,1,-0.08983650647399344,20.11864389125261,20.5,21.5
2130.0,20.93491369833006,21.057237352948285,6.917639469736386,21.0,1,-0.05723735294828458,20.731245817691196,20.5,21.5
2131.0,20.95211024348434,21.059646790676474,6.917143039327238,21.0,1,-0.05964679067647438,21.083741167958372,20.5,21.5
2132.0,20.96930325004351,21.05393367130979,6.916645148930266,21.0,1,-0.05393367130978888,20.996802477642934,20.5,21.5
2133.0,20.986492718423285,21.084294786497345,6.916145798924639,21.0,1,-0.08429478649734534,21.38790593837291,20.5,21.5
2134.0,21.003678649039387,21.27055990863153,6.91564498969063,21.0,0,-0.27055990863152957,23.133211129973372,20.5,21.5
2135.0,21.000861042307516,21.34761388767955,6.915142721609629,21.0,0,-0.34761388767955026,22.118153678159757,20.5,21.5
2136.0,20.998043898643378,21.390809164937227,6.914638995064134,21.0,0,-0.3908091649372274,21.822761937514,20.5,21.5
2137.0,20.995227217662663,21.39846013946838,6.9141338104377565,21.0,0,-0.39846013946838,21.474969884779906,20.5,21.5
2138.0,20.992410998981217,21.33330487144227,6.913627168115215,21.0,0,-0.3333048714422695,20.681752191181165,20.5,21.5
2139.0,20.989595242215046,21.1911431795913,6.91311906848234,21.0,1,-0.19114317959130034,19.76952626108161,20.5,21.5
2140.0,21.0067799469803,21.1145195330652,6.912609511926071,21.0,1,-0.11451953306519869,20.348283067804182,20.5,21.5
2141.0,21.02396111289329,21.08826039026686,6.9120984988344585,21.0,1,-0.08826039026686061,20.82566896228348,20.5,21.5
2142.0,21.041138740370478,21.08000828534338,6.91158602959666,21.0,1,-0.08000828534337856,20.997487236108558,20.5,21.5
2143.0,21.058312829828324,21.177205046466362,6.911072104602945,21.0,0,-0.17720504646636215,22.149172657696198,20.5,21.5
2144.0,21.055483381683278,21.22956459591785,6.910556724244687,21.0,0,-0.22956459591785006,21.75316009043273,20.5,21.5
2145.0,21.05265439635179,21.337928455537195,6.9100398889143735,21.0,0,-0.3379284555371953,22.421567051730648,20.5,21.5
2146.0,21.049825873450303,21.369288350411306,6.909521599005595,21.0,0,-0.36928835041130625,21.682887299152416,20.5,21.5
2147.0,21.046997812595414,21.4099625904072,6.909001854913052,21.0,0,-0.4099625904072006,21.816704990366144,20.5,21.5
2148.0,21.044170213403877,21.354294209708115,6.908480657032554,21.0,0,-0.3542942097081152,20.79761040271726,20.5,21.5
2149.0,21.041343075492602,21.339364250296075,6.907958005761014,21.0,0,-0.3393642502960752,21.190064656175675,20.5,21.5
2150.0,21.038516398478656,21.393860297404565,6.907433901496454,21.0,0,-0.3938602974045651,21.938820768489464,20.5,21.5
2151.0,21.03569018197926,21.316565549204384,6.906908344638002,21.0,0,-0.31656554920438396,20.543618067202573,20.5,21.5
2152.0,21.03286442561179,21.26862408650749,6.906381335585894,21.0,0,-0.26862408650749003,20.78920945953855,20.5,21.5
2153.0,21.030039128993785,21.283482609430507,6.905852874741469,21.0,0,-0.2834826094305072,21.43206783866068,20.5,21.5
2154.0,21.027214291742933,21.30232606459753,6.905322962507173,21.0,0,-0.30232606459752986,21.490760616267757,20.5,21.5
2155.0,21.024389913477087,21.296889166867576,6.904791599286557,21.0,0,-0.29688916686757594,21.242520189568037,20.5,21.5
2156.0,21.02156599381425,21.291265307330498,6.904258785484277,21.0,0,-0.29126530733049805,21.23502671195972,20.5,21.5
2157.0,21.018742532372585,21.268540648634524,6.903724521506096,21.0,0,-0.26854064863452365,21.04129406167478,20.5,21.5
2158.0,21.01591952877041,21.241794224491873,6.903188807758877,21.0,0,-0.2417942244918727,20.974329983065363,20.5,21.5
2159.0,21.01309698262621,21.303024067113057,6.9026516446505894,21.0,0,-0.30302406711305707,21.9153224933249,20.5,21.5
2160.0,21.010274893558613,21.23885276119153,6.902113032590307,21.0,0,-0.23885276119153076,20.597139701976268,20.5,21.5
2161.0,21.00745326118642,21.317123760129853,6.901572971988207,21.0,0,-0.3171237601298529,22.099833749513074,20.5,21.5
2162.0,21.00463208512858,21.39289246566741,6.901031463255567,21.0,0,-0.39289246566740843,22.150579521042964,20.5,21.5
2163.0,21.001811365004205,21.462572831923417,6.900488506804772,21.0,0,-0.462572831923417,22.159376494483503,20.5,21.5
2164.0,20.998991100432566,21.43271956421634,6.899944103049306,21.0,0,-0.4327195642163417,21.13418688714559,20.5,21.5
2165.0,20.99617129103309,21.451651358868453,6.8993982524037545,21.0,0,-0.4516513588684532,21.640969305389568,20.5,21.5
2166.0,20.993351936425363,21.468168892980685,6.898850955283808,21.0,0,-0.4681688929806853,21.633344234103006,20.5,21.5
2167.0,20.990533036229134,21.499323073243943,6.898302212106257,21.0,0,-0.49932307324394287,21.81086487587652,20.5,21.5
2168.0,20.98771459006431,21.484903454792278,6.8977520232889935,21.0,0,-0.4849034547922777,21.340707270275626,20.5,21.5
2169.0,20.984896597550957,21.4775576442165,6.89720038925101,21.0,0,-0.4775576442164997,21.40409953845872,20.5,21.5
2170.0,20.982079058309296,21.481039631534408,6.896647310412399,21.0,0,-0.4810396315344079,21.51585950471349,20.5,21.5
2171.0,20.979261971959716,21.46545814280494,6.896092787194355,21.0,0,-0.46545814280494113,21.309643255510274,20.5,21.5
2172.0,20.976445338122762,21.408350834139377,6.895536820019172,21.0,0,-0.4083508341393767,20.837277747483732,20.5,21.5
2173.0,20.97362915641914,21.335797219315424,6.894979409310242,21.0,0,-0.33579721931542394,20.610261071075897,20.5,21.5
2174.0,20.970813426469718,21.309660927045467,6.894420555492058,21.0,0,-0.3096609270454671,21.0482980043459,20.5,21.5
2175.0,20.96799814789552,21.239475747386813,6.893860258990212,21.0,0,-0.23947574738681254,20.537623950800267,20.5,21.5
2176.0,20.965183320317742,21.218189237219057,6.893298520231393,21.0,0,-0.21818923721905747,21.005324135541507,20.5,21.5
2177.0,20.962368943357724,21.207620462586327,6.892735339643391,21.0,0,-0.20762046258632694,21.10193271625902,20.5,21.5
2178.0,20.95955501663698,21.180252983111366,6.892170717655091,21.0,0,-0.18025298311136595,20.906578188361756,20.5,21.5
2179.0,20.956741539777184,21.161111627177625,6.8916046546964775,21.0,0,-0.1611116271776254,20.96969806784022,20.5,21.5
2180.0,20.953928512400168,21.17753633971753,6.891037151198634,21.0,0,-0.17753633971753047,21.34178346511658,20.5,21.5
2181.0,20.951115934127927,21.172032472251438,6.890468207593736,21.0,0,-0.1720324722514377,21.11699379759051,20.5,21.5
2182.0,20.94830380458262,21.18724326014645,6.889897824315062,21.0,0,-0.18724326014644888,21.33935113909656,20.5,21.5
2183.0,20.945492123386565,21.299760766603423,6.889326001796981,21.0,0,-0.29976076660342343,22.42493583117317,20.5,21.5
2184.0,20.942680890162247,21.26756214375752,6.888752740474962,21.0,0,-0.2675621437575195,20.94557591529848,20.5,21.5
2185.0,20.93987010453231,21.262498007733207,6.888178040785569,21.0,0,-0.26249800773320686,21.21185664749008,20.5,21.5
2186.0,20.93705976611956,21.285915523500773,6.887601903166459,21.0,0,-0.28591552350077265,21.52009068117643,20.5,21.5
2187.0,20.93424987454697,21.23305702592541,6.887024328056388,21.0,0,-0.23305702592541166,20.704472050171802,20.5,21.5
2188.0,20.93144042943767,21.173871795139576,6.886445315895202,21.0,0,-0.17387179513957562,20.582019487281215,20.5,21.5
2189.0,20.928631430414963,21.1934242361305,6.885864867123846,21.0,0,-0.1934242361305003,21.388948646039747,20.5,21.5
2190.0,20.925822877102306,21.210051549783344,6.885282982184357,21.0,0,-0.21005154978334417,21.376324686311783,20.5,21.5
2191.0,20.923014769123323,21.19099278892721,6.884699661519864,21.0,0,-0.19099278892721117,21.00040518036588,20.5,21.5
2192.0,20.920207106101802,21.201825932838762,6.884114905574593,21.0,0,-0.20182593283876216,21.310157371954272,20.5,21.5
2193.0,20.9173998876617,21.251710643521562,6.883528714793861,21.0,0,-0.25171064352156236,21.750557750349564,20.5,21.5
2194.0,20.914593113427124,21.257790335145685,6.882941089624076,21.0,0,-0.2577903351456854,21.318587251386916,20.5,21.5
2195.0,20.911786783022364,21.182248535477065,6.882352030512742,21.0,1,-0.18224853547706488,20.42683053879086,20.5,21.5
2196.0,20.928980896071863,21.185312121873856,6.881761537908451,21.0,1,-0.18531212187385648,21.215947985841773,20.5,21.5
2197.0,20.94617145220023,21.191841620710214,6.881169612260891,21.0,1,-0.19184162071021404,21.25713660907379,20.5,21.5
2198.0,20.963358451832242,21.175314419272933,6.880576254020838,21.0,1,-0.175314419272933,21.010042404900123,20.5,21.5
2199.0,20.98054189539268,21.12192785130012,6.87998146364016,21.0,1,-0.1219278513001214,20.588062171572005,20.5,21.5
2200.0,20.99772178330633,21.22026818236397,6.879385241571817,21.0,0,-0.22026818236397006,22.203671493002457,20.5,21.5
2201.0,20.99489811599798,21.23753296044793,6.878787588269857,21.0,0,-0.23753296044792904,21.41018074128752,20.5,21.5
2202.0,20.992074893892436,21.183313766898806,6.878188504189419,21.0,0,-0.18331376689880585,20.641121831407574,20.5,21.5
2203.0,20.989252116614495,21.127552758500467,6.877587989786731,21.0,0,-0.12755275850046743,20.569942674517083,20.5,21.5
2204.0,20.98642978378913,21.247875276922716,6.8769860455191125,21.0,0,-0.24787527692271638,22.451100461145206,20.5,21.5
2205.0,20.983607895041477,21.264411671179012,6.8763826718449685,21.0,0,-0.2644116711790119,21.429775613741967,20.5,21.5
2206.0,20.980786449996838,21.266782869682267,6.875777869223795,21.0,0,-0.2667828696822667,21.290494854714815,20.5,21.5
2207.0,20.977965448280685,21.420208231418343,6.875171638116177,21.0,0,-0.42020823141834285,22.954461848779104,20.5,21.5
2208.0,20.975144889518653,21.384758294624696,6.874563978983783,21.0,0,-0.3847582946246959,21.030258926688226,20.5,21.5
2209.0,20.972324773336545,21.312612802977398,6.873954892289374,21.0,0,-0.312612802977398,20.59115788650442,20.5,21.5
2210.0,20.969505099360337,21.265858142033057,6.873344378496795,21.0,0,-0.265858142033057,20.798311532589647,20.5,21.5
2211.0,20.966685867216164,21.266996377641973,6.8727324380709796,21.0,0,-0.2669963776419735,21.278378733731138,20.5,21.5
2212.0,20.963867076530335,21.199260605364607,6.872119071477947,21.0,0,-0.1992606053646071,20.521902882590943,20.5,21.5
2213.0,20.961048726929324,21.226852757605172,6.871504279184801,21.0,0,-0.22685275760517243,21.502774280010826,20.5,21.5
2214.0,20.958230818039773,21.210068472311146,6.870888061659734,21.0,0,-0.21006847231114634,21.042225619370885,20.5,21.5
2215.0,20.9554133494885,21.244270322202265,6.870270419372023,21.0,0,-0.24427032220226508,21.586288821113452,20.5,21.5
2216.0,20.952596320902476,21.258826650528903,6.869651352792029,21.0,0,-0.25882665052890275,21.40438993379528,20.5,21.5
2217.0,20.949779731908855,21.266523225906525,6.869030862391197,21.0,0,-0.2665232259065249,21.343488979682746,20.5,21.5
2218.0,20.946963582134952,21.26836392377937,6.86840894864206,21.0,0,-0.26836392377936846,21.286770902507804,20.5,21.5
2219.0,20.944147871208255,21.34142518124271,6.867785612018229,21.0,0,-0.34142518124270893,22.072037755876114,20.5,21.5
2220.0,20.941332598756418,21.363925487441442,6.867160852994403,21.0,0,-0.36392548744144193,21.588928549428772,20.5,21.5
2221.0,20.938517764407266,21.314201369693873,6.866534672046365,21.0,0,-0.3142013696938726,20.81696019221818,20.5,21.5
2222.0,20.935703367788793,21.26442758738828,6.865907069650978,21.0,0,-0.26442758738827976,20.76668976433235,20.5,21.5
2223.0,20.932889408529167,21.271922826471627,6.865278046286188,21.0,0,-0.27192282647162713,21.3468752173051,20.5,21.5
2224.0,20.93007588625672,21.181592275225064,6.864647602431024,21.0,1,-0.18159227522506427,20.278286762759436,20.5,21.5
2225.0,20.947262800599955,21.168049028439203,6.864015738565597,21.0,1,-0.16804902843920289,21.03261656058059,20.5,21.5
2226.0,20.96444615118755,21.12159105247617,6.863382455171098,21.0,1,-0.12159105247616964,20.657011292845837,20.5,21.5
2227.0,20.981625938448346,21.106995335503978,6.8627477527298,21.0,1,-0.10699533550397788,20.96103816578206,20.5,21.5
2228.0,20.998802162811202,21.175544198102216,6.862111631725057,21.0,0,-0.1755441981022159,21.861032824084596,20.5,21.5
2229.0,20.995974824704984,21.2852510356061,6.861474092641302,21.0,0,-0.28525103560610177,22.38231941064496,20.5,21.5
2230.0,20.99314792455857,21.24186866400253,6.860835135964049,21.0,0,-0.24186866400253137,20.808044947966827,20.5,21.5
2231.0,20.990321462000853,21.39258165184566,6.860194762179892,21.0,0,-0.39258165184565996,22.899711530276946,20.5,21.5
2232.0,20.98749543666089,21.384808572693938,6.859552971776503,21.0,0,-0.3848085726939381,21.30707778117672,20.5,21.5
2233.0,20.98466984816791,21.319424373193556,6.8589097652426325,21.0,0,-0.31942437319355577,20.665582378189733,20.5,21.5
2234.0,20.981844696151327,21.28386368280251,6.858265143068112,21.0,0,-0.2838636828025116,20.92825677889207,20.5,21.5
2235.0,20.97901998024071,21.313519548232403,6.857619105743849,21.0,0,-0.3135195482324029,21.610078202531316,20.5,21.5
2236.0,20.976195700065812,21.210714585273163,6.856971653761827,21.0,1,-0.21071458527316267,20.18266495568076,20.5,21.5
2237.0,20.99337185525655,21.269188196848944,6.856322787615111,21.0,0,-0.269188196848944,21.853924312606757,20.5,21.5
2238.0,20.990544445443025,21.404783153617007,6.8556725077978395,21.0,0,-0.40478315361700723,22.76073272129764,20.5,21.5
2239.0,20.987717471055497,21.41689787347236,6.85502081480523,21.0,0,-0.4168978734723616,21.538045072025906,20.5,21.5
2240.0,20.984890931724248,21.414632601127096,6.854367709133575,21.0,0,-0.41463260112709577,21.391979877674437,20.5,21.5
2241.0,20.98206482707973,21.475018312426347,6.853713191280241,21.0,0,-0.4750183124263465,22.078875425418854,20.5,21.5
2242.0,20.97923915675257,21.47119766278798,6.8530572617436745,21.0,0,-0.47119766278797925,21.432991166404307,20.5,21.5
2243.0,20.976413920373567,21.41675103455493,6.852399921023393,21.0,0,-0.416751034554931,20.87228475222445,20.5,21.5
2244.0,20.973589117573695,21.34907907137204,6.85174116961999,21.0,0,-0.34907907137203864,20.672359439543115,20.5,21.5
2245.0,20.970764747984106,21.337068952336836,6.851081008035133,21.0,0,-0.33706895233683554,21.216967761984804,20.5,21.5
2246.0,20.967940811236115,21.311101750151046,6.850419436771564,21.0,0,-0.311101750151046,21.05142972829315,20.5,21.5
2247.0,20.965117306961222,21.326779570808796,6.8497564563330995,21.0,0,-0.32677957080879594,21.483557777386295,20.5,21.5
2248.0,20.962294234791095,21.268546822892073,6.8490920672246265,21.0,0,-0.2685468228920733,20.686219343724847,20.5,21.5
2249.0,20.95947159435758,21.303032201621367,6.848426269952107,21.0,0,-0.3030322016213667,21.6478859889143,20.5,21.5
2250.0,20.9566493852927,21.370508336920047,6.847759065022574,21.0,0,-0.3705083369200466,22.045269689906846,20.5,21.5
2251.0,20.953827607228646,21.348748157049346,6.847090452944133,21.0,0,-0.3487481570493465,21.131146358342345,20.5,21.5
2252.0,20.95100625979779,21.283918993421295,6.846420434225962,21.0,0,-0.28391899342129534,20.635627357140784,20.5,21.5
2253.0,20.948185342632677,21.30420383683846,6.845749009378308,21.0,0,-0.304203836838461,21.507052271010117,20.5,21.5
2254.0,20.945364855366027,21.31957952444056,6.8450761789124925,21.0,0,-0.3195795244405595,21.473336400461545,20.5,21.5
2255.0,20.942544797630735,21.195101297976283,6.844401943340904,21.0,1,-0.19510129797628295,19.950319033333518,20.5,21.5
2256.0,20.959725169059876,21.248726058315004,6.843726303177001,21.0,0,-0.24872605831500394,21.784973661702214,20.5,21.5
2257.0,20.9569019692867,21.282619263089316,6.843049258935315,21.0,0,-0.28261926308931606,21.621551310832437,20.5,21.5
2258.0,20.95407919874463,21.2374299811704,6.842370811131443,21.0,0,-0.2374299811704006,20.785537161981246,20.5,21.5
2259.0,20.951256857067108,21.22337986027582,6.841690960282053,21.0,0,-0.2233798602758199,21.082878651330013,20.5,21.5
2260.0,20.94843494388775,21.253488213615974,6.841009706904881,21.0,0,-0.25348821361597373,21.554571747017512,20.5,21.5
2261.0,20.945613458840356,21.284331769375918,6.840327051518731,21.0,0,-0.28433176937591753,21.592767326975356,20.5,21.5
2262.0,20.94279240155889,21.22944758793642,6.839642994643476,21.0,0,-0.22944758793641995,20.680605773541444,20.5,21.5
2263.0,20.939971771677506,21.19766836470813,6.838957536800052,21.0,0,-0.19766836470812876,20.879876132425217,20.5,21.5
2264.0,20.93715156883053,21.10211729996555,6.838270678510469,21.0,1,-0.10211729996554908,20.146606652539752,20.5,21.5
2265.0,20.954331792652464,21.09717123599121,6.837582420297797,21.0,1,-0.09717123599120825,21.0477105962478,20.5,21.5
2266.0,20.971508442777992,21.003430603313838,6.836892762686174,21.0,1,-0.003430603313837821,20.066024276540134,20.5,21.5
2267.0,20.988681519641975,21.008533568441724,6.836201706200806,21.0,1,-0.008533568441723816,21.059563219720584,20.5,21.5
2268.0,21.005851023679288,21.05344729172527,6.835509251367963,21.0,0,-0.05344729172526996,21.50258452456073,20.5,21.5
2269.0,21.003016955324824,21.214935569272658,6.8348153987149765,21.0,0,-0.214935569272658,22.82981834474654,20.5,21.5
2270.0,21.0001833150135,21.265147540985243,6.834120148770248,21.0,0,-0.26514754098524307,21.767267258111094,20.5,21.5
2271.0,20.997350102380253,21.30328930599944,6.833423502063241,21.0,0,-0.3032893059994386,21.684706956141394,20.5,21.5
2272.0,20.99451731706019,21.39587691508475,6.832725459124479,21.0,0,-0.39587691508474876,22.32175300593785,20.5,21.5
2273.0,20.9916849586886,21.434963555803968,6.832026020485555,21.0,0,-0.43496355580396795,21.82582996299616,20.5,21.5
2274.0,20.988853026900962,21.31324601341878,6.8313251866791225,21.0,1,-0.3132460134187802,20.096070589566903,20.5,21.5
2275.0,21.00602152133292,21.236136638099268,6.830622958238894,21.0,1,-0.23613663809926777,20.465042884904143,20.5,21.5
2276.0,21.0231864416203,21.201440360452647,6.82991933569965,21.0,1,-0.20144036045264713,20.85447758398644,20.5,21.5
2277.0,21.040347788199117,21.224285680708753,6.829214319597227,21.0,1,-0.22428568070875343,21.452738883269816,20.5,21.5
2278.0,21.057505561505398,21.169544187026553,6.828507910468527,21.0,1,-0.1695441870265526,20.622129250204544,20.5,21.5
2279.0,21.07465976197519,21.223207313719335,6.827800108851512,21.0,0,-0.22320731371933533,21.759838580647163,20.5,21.5
2280.0,21.071810390044565,21.30391370915034,6.8270909152852015,21.0,0,-0.3039137091503399,22.110977663460385,20.5,21.5
2281.0,21.06896144614961,21.386334804695775,6.8263803303096795,21.0,0,-0.38633480469577464,22.210545760150122,20.5,21.5
2282.0,21.066112929926444,21.381138410680677,6.825668354466085,21.0,0,-0.381138410680677,21.3291744705297,20.5,21.5
2283.0,21.063264841011353,21.38612386363338,6.824954988296621,21.0,0,-0.38612386363337947,21.435978393160404,20.5,21.5
2284.0,21.06041717904081,21.453855353247754,6.824240232344546,21.0,0,-0.4538553532477536,22.131170249391495,20.5,21.5
2285.0,21.057569943651472,21.438216271785667,6.823524087154177,21.0,0,-0.4382162717856666,21.281825457164796,20.5,21.5
2286.0,21.054723134480174,21.337959340703335,6.82280655327089,21.0,1,-0.33795934070333544,20.335390029880024,20.5,21.5
2287.0,21.07187675116393,21.363366231102034,6.82208763124112,21.0,0,-0.3633662311020345,21.617435135089025,20.5,21.5
2288.0,21.069026793339948,21.430243060523075,6.821367321612354,21.0,0,-0.43024306052307537,22.099011354733484,20.5,21.5
2289.0,21.066177261445603,21.424614859686788,6.820645624933142,21.0,0,-0.4246148596867876,21.36833285132391,20.5,21.5
2290.0,21.0633281551183,21.41174561533781,6.819922541753087,21.0,0,-0.41174561533781073,21.283053171848042,20.5,21.5
2291.0,21.060479473995628,21.43936870119257,6.8191980726228465,21.0,0,-0.43936870119257065,21.71559955974017,20.5,21.5
2292.0,21.057631217715354,21.33410601613663,6.818472218094137,21.0,1,-0.33410601613663005,20.281479165577224,20.5,21.5
2293.0,21.07478338591543,21.266643093131343,6.817744978719729,21.0,1,-0.2666430931313428,20.59201386307847,20.5,21.5
2294.0,21.09193197823399,21.245255485773125,6.817016355053443,21.0,1,-0.24525548577312506,21.031379412190947,20.5,21.5
2295.0,21.109076995109355,21.269929892287813,6.816286347650163,21.0,0,-0.26992989228781283,21.51667395743469,20.5,21.5
2296.0,21.106218436979862,21.263845303315048,6.815554957065817,21.0,0,-0.26384530331504763,21.202999413587396,20.5,21.5
2297.0,21.10336030428388,21.341935897734462,6.814822183857394,21.0,0,-0.3419358977344622,22.122841841928608,20.5,21.5
2298.0,21.100502596659794,21.4365920018754,6.81408802858293,21.0,0,-0.43659200187540037,22.383153043284782,20.5,21.5
2299.0,21.097645313746177,21.440664766757955,6.813352491801518,21.0,0,-0.44066476675795485,21.4813924155835,20.5,21.5
2300.0,21.09478845518179,21.504552577929246,6.8126155740733,21.0,0,-0.5045525779292461,22.14343068964216,20.5,21.5
2301.0,21.091932020605565,21.542488636308317,6.811877275959472,21.0,0,-0.5424886363083168,21.921849220099023,20.5,21.5
2302.0,21.089076009656637,21.4240976519269,6.811137598022279,21.0,1,-0.42409765192689974,20.24018780811273,20.5,21.5
2303.0,21.10622042197431,21.314498032895575,6.810396540825019,21.0,1,-0.31449803289557465,20.218501842582324,20.5,21.5
2304.0,21.12336125719808,21.357946481910506,6.809654104932039,21.0,0,-0.35794648191050626,21.792430972059822,20.5,21.5
2305.0,21.12049851576763,21.335839235094646,6.808910290908736,21.0,0,-0.33583923509464597,21.114766766936043,20.5,21.5
2306.0,21.117636198122657,21.337859011383493,6.808165099321557,21.0,0,-0.33785901138349317,21.358056774271965,20.5,21.5
2307.0,21.114774303902898,21.474260065484295,6.807418530737998,21.0,0,-0.47426006548429456,22.83827060649231,20.5,21.5
2308.0,21.111912832748263,21.46787456757601,6.806670585726602,21.0,0,-0.4678745675760112,21.404019588493178,20.5,21.5
2309.0,21.10905178429886,21.40010214817178,6.805921264856963,21.0,0,-0.40010214817177925,20.72237795412946,20.5,21.5
2310.0,21.10619115819497,21.382393959370525,6.8051705686997215,21.0,0,-0.3823939593705248,21.20531207135798,20.5,21.5
2311.0,21.103330954077073,21.296847514251283,6.804418497826565,21.0,1,-0.296847514251283,20.441383063058865,20.5,21.5
2312.0,21.120471171585823,21.243981621603716,6.803665052810228,21.0,1,-0.24398162160371584,20.715322695128044,20.5,21.5
2313.0,21.137607810362066,21.32705492197748,6.802910234224491,21.0,0,-0.3270549219774814,22.157787925715137,20.5,21.5
2314.0,21.134740870846837,21.297805208465622,6.802154042644183,21.0,0,-0.297805208465622,21.005308073347027,20.5,21.5
2315.0,21.131874353481198,21.247452486830667,6.8013964786451755,21.0,0,-0.24745248683066734,20.74392527048112,20.5,21.5
2316.0,21.129008257906232,21.32273025334546,6.800637542804387,21.0,0,-0.32273025334545835,22.07550791849337,20.5,21.5
2317.0,21.12614258376321,21.378282456491956,6.79987723569978,21.0,0,-0.3782824564919558,21.93380448795693,20.5,21.5
2318.0,21.1232773306936,21.359148462407887,6.799115557910361,21.0,0,-0.35914846240788734,21.167808521567203,20.5,21.5
2319.0,21.120412498339043,21.314654001528993,6.798352510016181,21.0,0,-0.3146540015289929,20.86970939274005,20.5,21.5
2320.0,21.11754808634138,21.437261324243977,6.7975880925983345,21.0,0,-0.4372613242439769,22.663334551393817,20.5,21.5
2321.0,21.114684094342632,21.4588802251422,6.7968223062389574,21.0,0,-0.45888022514219884,21.675069234124418,20.5,21.5
2322.0,21.11182052198501,21.374456566865604,6.796055151521231,21.0,0,-0.3744565668656037,20.530219984099652,20.5,21.5
2323.0,21.108957368910918,21.380421115701854,6.795286629029377,21.0,0,-0.38042111570185355,21.440066604064352,20.5,21.5
2324.0,21.106094634762943,21.499911524603952,6.794516739348657,21.0,0,-0.4999115246039523,22.69481561362494,20.5,21.5
2325.0,21.10323231918386,21.444927517717513,6.7937454830653765,21.0,0,-0.44492751771751315,20.895087448853122,20.5,21.5
2326.0,21.100370421816635,21.425783716869756,6.792972860766881,21.0,0,-0.4257837168697556,21.23434570839218,20.5,21.5
2327.0,21.097508942304426,21.43753769460069,6.7921988730415555,21.0,0,-0.4375376946006888,21.55507747191002,20.5,21.5
2328.0,21.094647880290573,21.501286589632926,6.791423520478826,21.0,0,-0.5012865896329259,22.138775539955297,20.5,21.5
2329.0,21.09178723541861,21.51774937059796,6.790646803669156,21.0,0,-0.5177493705979614,21.682377180248317,20.5,21.5
2330.0,21.088927007332263,21.450213659728387,6.78986872320405,21.0,0,-0.4502136597283872,20.774856551032645,20.5,21.5
2331.0,21.086067195675437,21.48050655875232,6.78908927967605,21.0,0,-0.48050655875232096,21.78343554899166,20.5,21.5
2332.0,21.083207800092236,21.483429013370372,6.788308473678736,21.0,0,-0.4834290133703725,21.512653559550888,20.5,21.5
2333.0,21.080348820226952,21.41717687394463,6.787526305806726,21.0,0,-0.41717687394463,20.754655479687205,20.5,21.5
2334.0,21.07749025572407,21.299404248463894,6.786742776655675,21.0,1,-0.2994042484638939,20.121677993656533,20.5,21.5
2335.0,21.094632106228254,21.324652237257464,6.785957886822274,21.0,0,-0.32465223725746384,21.577132125193163,20.5,21.5
2336.0,21.09177037138437,21.30397371473274,6.785171636904251,21.0,0,-0.3039737147327415,21.097188489485518,20.5,21.5
2337.0,21.088909051637476,21.339570057441733,6.784384027500369,21.0,0,-0.3395700574417333,21.69553348453165,20.5,21.5
2338.0,21.08604814663265,21.368096093885065,6.783595059210429,21.0,0,-0.3680960938850646,21.653356458318378,20.5,21.5
2339.0,21.083187656015166,21.351569209395727,6.782804732635261,21.0,0,-0.351569209395727,21.18630036450235,20.5,21.5
2340.0,21.08032757943049,21.398972617960414,6.782013048376736,21.0,0,-0.39897261796041406,21.873006703607285,20.5,21.5
2341.0,21.07746791652428,21.34444629243316,6.781220007037755,21.0,0,-0.3444462924331617,20.79918303716064,20.5,21.5
2342.0,21.074608666942385,21.353025458446893,6.780425609222253,21.0,0,-0.3530254584468935,21.43881711858421,20.5,21.5
2343.0,21.07174983033084,21.339670975048605,6.7796298555352,21.0,0,-0.33967097504860533,21.206126141065724,20.5,21.5
2344.0,21.068891406335883,21.37246559785399,6.778832746582595,21.0,0,-0.3724655978539886,21.70041182590782,20.5,21.5
2345.0,21.06603339460393,21.426022590209406,6.778034282971473,21.0,0,-0.42602259020940636,21.961592513763584,20.5,21.5
2346.0,21.063175794781603,21.388819448411645,6.777234465309897,21.0,0,-0.3888194484116454,21.016788030434036,20.5,21.5
2347.0,21.060318606515708,21.32616557335364,6.776433294206965,21.0,0,-0.3261655733536415,20.699626822773602,20.5,21.5
2348.0,21.057461829453246,21.319927119864786,6.7756307702728025,21.0,0,-0.3199271198647864,21.257542584976235,20.5,21.5
2349.0,21.05460546324141,21.350910630573694,6.774826894118567,21.0,0,-0.35091063057369354,21.660745737662765,20.5,21.5
2350.0,21.051749507527585,21.248078907261455,6.774021666356443,21.0,1,-0.24807890726145487,20.219761674139068,20.5,21.5
2351.0,21.06889396195935,21.323442071471742,6.77321508759965,21.0,0,-0.3234420714717423,22.077073713574617,20.5,21.5
2352.0,21.066034826184477,21.408732118279513,6.772407158462429,21.0,0,-0.40873211827951295,22.26163258635722,20.5,21.5
2353.0,21.06317610065093,21.417833507486876,6.771597879560057,21.0,0,-0.41783350748687553,21.5088473995605,20.5,21.5
2354.0,21.060317785006713,21.470891263752897,6.770787251508832,21.0,0,-0.4708912637528968,22.00146882641311,20.5,21.5
2355.0,21.057459878900012,21.456694700558096,6.769975274926084,21.0,0,-0.4566947005580957,21.314729068610085,20.5,21.5
2356.0,21.05460238197922,21.413097525922744,6.769161950430168,21.0,0,-0.41309752592274407,20.977125779569228,20.5,21.5
2357.0,21.05174529389291,21.331753303608515,6.768347278640467,21.0,0,-0.3317533036085152,20.518311080466226,20.5,21.5
2358.0,21.04888861428986,21.293149830930634,6.767531260177387,21.0,0,-0.2931498309306342,20.907115104151824,20.5,21.5
2359.0,21.04603234281904,21.23498243960803,6.766713895662363,21.0,0,-0.23498243960802867,20.653308526381974,20.5,21.5
2360.0,21.04317647912961,21.276102416231254,6.765895185717854,21.0,0,-0.27610241623125376,21.687302182463505,20.5,21.5
2361.0,21.040321022870927,21.336769539036062,6.765075130967342,21.0,0,-0.3367695390360623,21.943440767084148,20.5,21.5
2362.0,21.037465973692548,21.358694078598656,6.7642537320353355,21.0,0,-0.3586940785986563,21.577939474224596,20.5,21.5
2363.0,21.034611331244218,21.300092944007524,6.7634309895473645,21.0,0,-0.30009294400752395,20.7140815980962,20.5,21.5
2364.0,21.031757095175877,21.305860523368985,6.762606904129985,21.0,0,-0.3058605233689846,21.36353631698359,20.5,21.5
2365.0,21.028903265137668,21.24999178294843,6.761781476410771,21.0,0,-0.24999178294843105,20.691304378742895,20.5,21.5
2366.0,21.026049840779923,21.218838898820046,6.760954707018324,21.0,0,-0.2188388988200458,20.907310057536193,20.5,21.5
2367.0,21.02319682175317,21.200404178396177,6.760126596582264,21.0,0,-0.20040417839617675,21.016056974157486,20.5,21.5
2368.0,21.02034420770814,21.232424170613207,6.759297145733233,21.0,0,-0.23242417061320708,21.55262409278351,20.5,21.5
2369.0,21.017491998295743,21.263807628584296,6.758466355102895,21.0,0,-0.26380762858429563,21.57764220829518,20.5,21.5
2370.0,21.014640193167104,21.281955550404632,6.7576342253239305,21.0,0,-0.28195555040463205,21.463434768607996,20.5,21.5
2371.0,21.011788791973537,21.23420389775142,6.756800757030046,21.0,0,-0.2342038977514207,20.756687371219307,20.5,21.5
2372.0,21.00893779436655,21.262184557575466,6.755965950855961,21.0,0,-0.2621845575754662,21.54199115581592,20.5,21.5
2373.0,21.006087199997847,21.281344282497646,6.755129807437418,21.0,0,-0.28134428249764554,21.47294153171944,20.5,21.5
2374.0,21.003237008519335,21.181429164347826,6.754292327411178,21.0,1,-0.18142916434782563,20.182277982849627,20.5,21.5
2375.0,21.020387219583114,21.138565999549527,6.753453511415016,21.0,1,-0.13856599954952742,20.709934351566545,20.5,21.5
2376.0,21.03753383284148,21.125230698712638,6.752613360087727,21.0,1,-0.12523069871263814,20.991877690343745,20.5,21.5
2377.0,21.05467684874693,21.125156964729364,6.751771874069124,21.0,1,-0.12515696472936355,21.124419624896618,20.5,21.5
2378.0,21.071816267751995,21.221020503574227,6.750929054000036,21.0,0,-0.22102050357422698,22.17965589202286,20.5,21.5
2379.0,21.068952090309246,21.3041675497688,6.750084900522305,21.0,0,-0.304167549768799,22.13563801171452,20.5,21.5
2380.0,21.066088316871287,21.355027229073066,6.749239414278792,21.0,0,-0.35502722907306605,21.863624022115737,20.5,21.5
2381.0,21.06322494709077,21.443524901049276,6.748392595913371,21.0,0,-0.4435249010492761,22.328501620811377,20.5,21.5
2382.0,21.060361980620534,21.46423006138778,6.747544446070931,21.0,0,-0.4642300613877808,21.671281664772827,20.5,21.5
2383.0,21.057499417113625,21.37955078910013,6.746694965397375,21.0,0,-0.3795507891001293,20.532758066223614,20.5,21.5
2384.0,21.05463725622328,21.354537605682683,6.74584415453962,21.0,0,-0.3545376056826832,21.104405771508223,20.5,21.5
2385.0,21.051775497602943,21.371379585192905,6.744992014145594,21.0,0,-0.3713795851929049,21.539799380295122,20.5,21.5
2386.0,21.048914140906252,21.34381151838027,6.744138544864241,21.0,0,-0.3438115183802708,21.06813085025393,20.5,21.5
2387.0,21.046053185787045,21.30731022218304,6.743283747345514,21.0,0,-0.30731022218304105,20.942297260210744,20.5,21.5
2388.0,21.043192631899355,21.34935385632253,6.742427622240379,21.0,0,-0.34935385632253,21.76979019771742,20.5,21.5
2389.0,21.040332478897422,21.423685723849275,6.741570170200812,21.0,0,-0.4236857238492746,22.16700439911672,20.5,21.5
2390.0,21.037472726435684,21.37157111308282,6.740711391879799,21.0,0,-0.371571113082819,20.850425005418263,20.5,21.5
2391.0,21.034613374168774,21.338666737962516,6.739851287931339,21.0,0,-0.3386667379625159,21.009622986759485,20.5,21.5
2392.0,21.031754421751526,21.368771439439,6.738989859010438,21.0,0,-0.36877143943900137,21.669818454203856,20.5,21.5
2393.0,21.028895868838976,21.34880834278276,6.738127105773111,21.0,0,-0.3488083427827604,21.14917737622035,20.5,21.5
2394.0,21.026037715086364,21.340600040615755,6.737263028876383,21.0,0,-0.34060004061575455,21.258517018945696,20.5,21.5
2395.0,21.023179960149122,21.4283276689359,6.736397628978285,21.0,0,-0.4283276689358999,22.305603952137353,20.5,21.5
2396.0,21.02032260368289,21.480714232654442,6.735530906737857,21.0,0,-0.48071423265444224,22.004579869839866,20.5,21.5
2397.0,21.0174656453435,21.450348022683805,6.734662862815146,21.0,0,-0.450348022683805,21.146685922977433,20.5,21.5
2398.0,21.014609084786994,21.418336979287904,6.733793497871206,21.0,0,-0.41833697928790414,21.098226545328895,20.5,21.5
2399.0,21.01175292166961,21.385373483753433,6.732922812568095,21.0,0,-0.3853734837534333,21.055738528408725,20.5,21.5
2400.0,21.00889715564779,21.272322896296007,6.732050807568878,21.0,1,-0.27232289629600714,20.141817021721746,20.5,21.5
2401.0,21.026041786378176,21.228334948861665,6.731177483537624,21.0,1,-0.22833494886166505,20.788455474518244,20.5,21.5
2402.0,21.043182813517607,21.26204092622056,6.730302841139409,21.0,0,-0.2620409262205605,21.599100699809515,20.5,21.5
2403.0,21.04032023752313,21.303543905399945,6.72942688104031,21.0,0,-0.3035439053999447,21.718573697193786,20.5,21.5
2404.0,21.037458058851833,21.32237818500139,6.7285496039074095,21.0,0,-0.3223781850013907,21.51072098101585,20.5,21.5
2405.0,21.034596277160844,21.452660236291393,6.727671010408791,21.0,0,-0.4526602362913934,22.75548074919142,20.5,21.5
2406.0,21.031734892107494,21.43133575654664,6.726791101213544,21.0,0,-0.43133575654664114,21.21809095909912,20.5,21.5
2407.0,21.028873903349314,21.40873320350098,6.7259098769917545,21.0,0,-0.4087332035009794,21.182707673044362,20.5,21.5
2408.0,21.026013310544045,21.42651024500842,6.725027338414515,21.0,0,-0.4265102450084193,21.604280660082818,20.5,21.5
2409.0,21.02315311334962,21.37770777390026,6.724143486153917,21.0,0,-0.37770777390025856,20.88968306281865,20.5,21.5
2410.0,21.02029331142418,21.324291430112563,6.723258320883052,21.0,0,-0.324291430112563,20.790127992235607,20.5,21.5
2411.0,21.01743390442607,21.37522695555152,6.722371843276012,21.0,0,-0.3752269555515184,21.884582209941073,20.5,21.5
2412.0,21.01457489201384,21.348205867927245,6.721484054007887,21.0,0,-0.34820586792724484,21.07799499168451,20.5,21.5
2413.0,21.01171627384624,21.310526506821482,6.72059495375477,21.0,0,-0.310526506821482,20.933732895763853,20.5,21.5
2414.0,21.008858049582223,21.320220354891003,6.719704543193747,21.0,0,-0.32022035489100276,21.41715883558621,20.5,21.5
2415.0,21.006000218880946,21.330111488727916,6.718812823002906,21.0,0,-0.3301114887279155,21.429022827097043,20.5,21.5
2416.0,21.00314278140177,21.299829837893896,6.717919793861329,21.0,0,-0.2998298378938955,20.997013329553695,20.5,21.5
2417.0,21.000285736804262,21.31940071428385,6.7170254564490985,21.0,0,-0.31940071428385153,21.515109478183412,20.5,21.5
2418.0,20.99742908474819,21.322171038849547,6.7161298114472885,21.0,0,-0.3221710388495467,21.349874284506498,20.5,21.5
2419.0,20.99457282489353,21.23921506654696,6.715232859537975,21.0,1,-0.23921506654696145,20.40965534352111,20.5,21.5
2420.0,21.01171695690046,21.13682434909986,6.714334601404225,21.0,1,-0.13682434909986085,20.112917174628855,20.5,21.5
2421.0,21.028857480429362,21.124981178837775,6.7134350377300995,21.0,1,-0.12498117883777482,21.006549476216914,20.5,21.5
2422.0,21.045994395940824,21.118901073852516,6.712534169200657,21.0,1,-0.11890107385251625,21.05810002399993,20.5,21.5
2423.0,21.063127703895475,21.069685760524163,6.711631996501946,21.0,1,-0.06968576052416253,20.577532627240625,20.5,21.5
2424.0,21.080257404753997,21.075525574360476,6.710728520321013,21.0,1,-0.07552557436047636,21.133923712723615,20.5,21.5
2425.0,21.09738349897711,21.265273845755242,6.709823741345893,21.0,0,-0.2652738457552424,23.162756559702903,20.5,21.5
2426.0,21.094505987025585,21.303287192082376,6.708917660265614,21.0,0,-0.30328719208237587,21.68342065535371,20.5,21.5
2427.0,21.091628869360232,21.330339959537334,6.708010277770199,21.0,0,-0.3303399595373335,21.60086763408691,20.5,21.5
2428.0,21.088752145641912,21.321036467389366,6.707101594550655,21.0,0,-0.32103646738936575,21.228001545909688,20.5,21.5
2429.0,21.085875815531693,21.40632696120263,6.706191611298986,21.0,0,-0.40632696120263034,22.259231899335276,20.5,21.5
2430.0,21.082999878690845,21.39227213173624,6.705280328708184,21.0,0,-0.39227213173624165,21.251723837072355,20.5,21.5
2431.0,21.080124334780848,21.36313199335493,6.704367747472231,21.0,0,-0.36313199335492996,21.071730609541813,20.5,21.5
2432.0,21.077249183463387,21.290129694440715,6.703453868286095,21.0,0,-0.290129694440715,20.560106705298566,20.5,21.5
2433.0,21.07437442440035,21.28740397379553,6.702538691845737,21.0,0,-0.28740397379553073,21.260146767343688,20.5,21.5
2434.0,21.07150005725384,21.259934344371306,6.701622218848103,21.0,0,-0.259934344371306,20.98523805012906,20.5,21.5
2435.0,21.06862608168616,21.146584183557053,6.700704449991126,21.0,1,-0.14658418355705294,20.013082575414522,20.5,21.5
2436.0,21.08575249735982,21.225498048277146,6.699785385973728,21.0,0,-0.2254980482771458,22.014636695478075,20.5,21.5
2437.0,21.08287530393754,21.284103702856605,6.698865027495816,21.0,0,-0.2841037028566049,21.870160248651196,20.5,21.5
2438.0,21.079998501882255,21.30029970704593,6.6979433752582835,21.0,0,-0.3002997070459301,21.462259748939182,20.5,21.5
2439.0,21.07712209085693,21.295833164086858,6.697020429963008,21.0,0,-0.2958331640868579,21.251167734496136,20.5,21.5
2440.0,21.07424607052475,21.335656103405448,6.696096192312853,21.0,0,-0.33565610340544794,21.73388549659135,20.5,21.5
2441.0,21.07137044054911,21.263912610100512,6.695170663011664,21.0,0,-0.2639126101005118,20.54647767705115,20.5,21.5
2442.0,21.068495200593603,21.202105606525443,6.6942438427642745,21.0,0,-0.20210560652544274,20.584035570774752,20.5,21.5
2443.0,21.065620350322035,21.294623203171188,6.6933157322764965,21.0,0,-0.29462320317118795,22.21979916962864,20.5,21.5
2444.0,21.062745889398425,21.329181691895702,6.692386332255128,21.0,0,-0.3291816918957018,21.67476657914084,20.5,21.5
2445.0,21.059871817486997,21.35753931666784,6.691455643407947,21.0,0,-0.35753931666783956,21.641115564389217,20.5,21.5
2446.0,21.05699813425218,21.40243079753356,6.690523666443712,21.0,0,-0.4024307975335617,21.851345606190783,20.5,21.5
2447.0,21.054124839358618,21.49041099322005,6.689590402072167,21.0,0,-0.4904109932200491,22.370212950084923,20.5,21.5
2448.0,21.05125193247116,21.45531898525251,6.688655851004031,21.0,0,-0.4553189852525108,21.104398905577128,20.5,21.5
2449.0,21.048379413254867,21.482123611542946,6.687720013951005,21.0,0,-0.4821236115429457,21.750169874447295,20.5,21.5
2450.0,21.045507281375006,21.45980892742741,6.686782891625771,21.0,0,-0.4598089274274102,21.236662086272055,20.5,21.5
2451.0,21.042635536497055,21.474917767530084,6.685844484741988,21.0,0,-0.4749177675300835,21.626006168556817,20.5,21.5
2452.0,21.039764178286703,21.48994880627707,6.684904794014295,21.0,0,-0.48994880627707005,21.640259193746935,20.5,21.5
2453.0,21.036893206409847,21.52318941343859,6.683963820158305,21.0,0,-0.5231894134385904,21.855595485053794,20.5,21.5
2454.0,21.034022620532596,21.431057205068146,6.6830215638906125,21.0,0,-0.4310572050681465,20.509735121363708,20.5,21.5
2455.0,21.031152420321266,21.375520131891538,6.682078025928785,21.0,0,-0.37552013189153755,20.820149400125448,20.5,21.5
2456.0,21.02828260544239,21.377982512127247,6.681133206991369,21.0,0,-0.37798251212724665,21.402606314484338,20.5,21.5
2457.0,21.025413175562697,21.370787345341334,6.6801871077978845,21.0,0,-0.3707873453413342,21.29883567748221,20.5,21.5
2458.0,21.022544130349143,21.360850830875982,6.679239729068827,21.0,0,-0.36085083087598235,21.261485686222464,20.5,21.5
2459.0,21.019675469468886,21.451107968261404,6.678291071525666,21.0,0,-0.45110796826140387,22.35367934211562,20.5,21.5
2460.0,21.016807192589297,21.41589917967533,6.677341135890849,21.0,0,-0.4158991796753284,21.063811293814574,20.5,21.5
2461.0,21.01393929937796,21.356476889951676,6.676389922887788,21.0,0,-0.3564768899516757,20.76225399271515,20.5,21.5
2462.0,21.01107178950266,21.2476487610238,6.6754374332408775,21.0,1,-0.2476487610238003,20.159367471745046,20.5,21.5
2463.0,21.02820466263141,21.237465899367045,6.674483667675478,21.0,1,-0.2374658993670451,21.135637282799493,20.5,21.5
2464.0,21.04533391843242,21.18508046004629,6.673528626917923,21.0,1,-0.18508046004629009,20.66122606683874,20.5,21.5
2465.0,21.062459557374115,21.360765105240723,6.672572311695519,21.0,0,-0.36076510524072347,23.117611557185057,20.5,21.5
2466.0,21.05958157992498,21.387723430889622,6.671614722736541,21.0,0,-0.387723430889622,21.657306687378608,20.5,21.5
2467.0,21.056703986553543,21.448977843729853,6.670655860770234,21.0,0,-0.4489778437298533,22.061521972132166,20.5,21.5
2468.0,21.053826776928386,21.403847900627433,6.669695726526814,21.0,0,-0.4038479006274329,20.95254846960323,20.5,21.5
2469.0,21.050949950718305,21.448127558810565,6.668734320737463,21.0,0,-0.4481275588105653,21.89092414064189,20.5,21.5
2470.0,21.04807350759231,21.304119068190538,6.667771644134336,21.0,1,-0.3041190681905377,19.86403416199026,20.5,21.5
2471.0,21.065197447219617,21.354690780725328,6.666807697450553,21.0,0,-0.35469078072532767,21.860407906073227,20.5,21.5
2472.0,21.062317769269665,21.323808466965723,6.665842481420199,21.0,0,-0.32380846696572263,21.014985329369672,20.5,21.5
2473.0,21.059438474212094,21.356190943087267,6.6648759967783295,21.0,0,-0.35619094308726673,21.680015704302708,20.5,21.5
2474.0,21.056559561716607,21.3511127285011,6.663908244260965,21.0,0,-0.3511127285011,21.300330582639432,20.5,21.5
2475.0,21.053681031453117,21.44670293436224,6.66293922460509,21.0,0,-0.4467029343622393,22.402604992973632,20.5,21.5
2476.0,21.050802883091748,21.428565989904275,6.6619689385486565,21.0,0,-0.42856598990427486,21.24719654532463,20.5,21.5
2477.0,21.04792511630284,21.49005656047165,6.660997386830578,21.0,0,-0.49005656047165047,22.104962266145407,20.5,21.5
2478.0,21.045047730756945,21.576469728254505,6.6600245701907355,21.0,0,-0.576469728254505,22.44060140608305,20.5,21.5
2479.0,21.04217072612483,21.585721893791693,6.659050489369968,21.0,0,-0.5857218937916926,21.678243549163568,20.5,21.5
2480.0,21.03929410207748,21.551597164883926,6.658075145110083,21.0,0,-0.5515971648839262,21.210349875806262,20.5,21.5
2481.0,21.036417858286086,21.507631875695164,6.657098538153847,21.0,0,-0.5076318756951643,21.067978983807546,20.5,21.5
2482.0,21.03354199442206,21.508288134069247,6.656120669244989,21.0,0,-0.5082881340692467,21.51485071781007,20.5,21.5
2483.0,21.030666510157022,21.431613825857326,6.655141539128198,21.0,0,-0.4316138258573261,20.66487074373812,20.5,21.5
2484.0,21.027791405162816,21.33142187241737,6.654161148549123,21.0,1,-0.3314218724173692,20.3295023380178,20.5,21.5
2485.0,21.044916679111495,21.30880671658079,6.653179498254377,21.0,1,-0.30880671658078995,21.082655158214997,20.5,21.5
2486.0,21.062038331675325,21.32026940489866,6.6521965889915275,21.0,1,-0.32026940489866007,21.43489628807736,20.5,21.5
2487.0,21.07915636332679,21.282133422005266,6.651212421509103,21.0,1,-0.28213342200526625,20.900773593071328,20.5,21.5
2488.0,21.096270774538425,21.221196222060613,6.65022699655659,21.0,1,-0.2211962220606125,20.611824222614075,20.5,21.5
2489.0,21.113381565782827,21.308282951893986,6.649240314884433,21.0,0,-0.308282951893986,22.17915025022772,20.5,21.5
2490.0,21.11048873753265,21.333950197145708,6.648252377244032,21.0,0,-0.3339501971457075,21.590622649662922,20.5,21.5
2491.0,21.10759629026059,21.36305902280292,6.647263184387744,21.0,0,-0.36305902280291846,21.654147279375028,20.5,21.5
2492.0,21.104704223639416,21.372106551161313,6.646272737068884,21.0,0,-0.37210655116131264,21.462581834745254,20.5,21.5
2493.0,21.101812537342102,21.454020038857063,6.64528103604172,21.0,0,-0.4540200388570632,22.27315491581457,20.5,21.5
2494.0,21.098921231041842,21.4828312996445,6.644288082061475,21.0,0,-0.48283129964449856,21.770943907518852,20.5,21.5
2495.0,21.096030304412047,21.46859288492869,6.643293875884328,21.0,0,-0.46859288492868956,21.3262087377706,20.5,21.5
2496.0,21.09313975712634,21.454363473345566,6.6422984182674085,21.0,0,-0.45436347334556615,21.312069357514332,20.5,21.5
2497.0,21.09024958885857,21.43157642781995,6.641301709968801,21.0,0,-0.43157642781995165,21.203705972563807,20.5,21.5
2498.0,21.08735979928279,21.375691500677142,6.640303751747544,21.0,0,-0.3756915006771422,20.816842229249048,20.5,21.5
2499.0,21.08447038807328,21.31269706825514,6.639304544363625,21.0,0,-0.3126970682551402,20.68275274403512,20.5,21.5
2500.0,21.08158135490454,21.333886399693057,6.638304088577984,21.0,0,-0.333886399693057,21.545779714072225,20.5,21.5
2501.0,21.078692699451274,21.338085534104586,6.637302385152511,21.0,0,-0.33808553410458586,21.380076878219874,20.5,21.5
2502.0,21.075804421388415,21.45732570334045,6.636299434850047,21.0,0,-0.45732570334045164,22.64972739569911,20.5,21.5
2503.0,21.072916520391107,21.467477870819,6.635295238434383,21.0,0,-0.4674778708189997,21.56899954560448,20.5,21.5
2504.0,21.070028996134717,21.432609012141377,6.634289796670258,21.0,0,-0.43260901214137704,21.08392042536515,20.5,21.5
2505.0,21.067141848294824,21.434539163176133,6.633283110323358,21.0,0,-0.43453916317613306,21.453840673523693,20.5,21.5
2506.0,21.06425507654723,21.472753454346805,6.63227518016032,21.0,0,-0.4727534543468046,21.85489636605352,20.5,21.5
2507.0,21.061368680567952,21.395410317457753,6.631266006948728,21.0,0,-0.39541031745775257,20.621978948567232,20.5,21.5
2508.0,21.058482660033228,21.383126333370246,6.630255591457108,21.0,0,-0.38312633337024593,21.26028649249518,20.5,21.5
2509.0,21.05559701461951,21.437052201520796,6.629243934454938,21.0,0,-0.43705220152079605,21.976310883026297,20.5,21.5
2510.0,21.052711744003478,21.394718172591613,6.628231036712639,21.0,0,-0.3947181725916131,20.971377883299784,20.5,21.5
2511.0,21.04982684786202,21.38562641989392,6.627216899001574,21.0,0,-0.38562641989392077,21.294708892916997,20.5,21.5
2512.0,21.046942325872248,21.424918770649306,6.626201522094055,21.0,0,-0.42491877064930605,21.81784227820316,20.5,21.5
2513.0,21.04405817771149,21.429209235745727,6.6251849067633355,21.0,0,-0.4292092357457271,21.472113886709938,20.5,21.5
2514.0,21.0411744030573,21.516738166903913,6.624167053783612,21.0,0,-0.516738166903913,22.392027478485772,20.5,21.5
2515.0,21.038291001587446,21.534897214311936,6.623147963930025,21.0,0,-0.5348972143119362,21.716487688392167,20.5,21.5
2516.0,21.035407972979915,21.505327767950053,6.622127637978653,21.0,0,-0.5053277679500532,21.209633304331224,20.5,21.5
2517.0,21.032525316912913,21.41858365306428,6.621106076706521,21.0,0,-0.4185836530642817,20.551142504206567,20.5,21.5
2518.0,21.029643033064872,21.4419643633803,6.620083280891592,21.0,0,-0.44196436338030054,21.67577146654049,20.5,21.5
2519.0,21.026761121114436,21.38233734312422,6.619059251312769,21.0,0,-0.3823373431242203,20.786067140563418,20.5,21.5
2520.0,21.023879580740477,21.396908173037374,6.618033988749895,21.0,0,-0.39690817303737447,21.542616472168916,20.5,21.5
2521.0,21.020998411622077,21.40922832121105,6.617007493983753,21.0,0,-0.40922832121104946,21.5324298029478,20.5,21.5
2522.0,21.018117613438548,21.396532899116444,6.615979767796061,21.0,0,-0.39653289911644407,21.26957867817039,20.5,21.5
2523.0,21.01523718586942,21.373682160220135,6.61495081096948,21.0,0,-0.37368216022013456,21.14517477125704,20.5,21.5
2524.0,21.01235712859444,21.339800020651676,6.613920624287604,21.0,0,-0.33980002065167625,21.000978624967093,20.5,21.5
2525.0,21.00947744129358,21.2248225723719,6.612889208534965,21.0,1,-0.22482257237189884,20.075048089574125,20.5,21.5
2526.0,21.026598123647027,21.09492588541328,6.611856564497032,21.0,1,-0.09492588541327862,19.795959015827076,20.5,21.5
2527.0,21.043715175335198,21.12955938518252,6.610822692960206,21.0,1,-0.12955938518252097,21.475894382874944,20.5,21.5
2528.0,21.06082859683872,21.044998251081044,6.609787594711828,21.0,1,-0.044998251081043605,20.19938691006627,20.5,21.5
2529.0,21.077938388638294,21.07065843379127,6.60875127054017,21.0,1,-0.07065843379126946,21.327260260893528,20.5,21.5
2530.0,21.095044551214674,21.15076454527043,6.607713721234434,21.0,0,-0.15076454527043026,21.95182566006204,20.5,21.5
2531.0,21.092147085048676,21.248392093120305,6.606674947584764,21.0,0,-0.2483920931203052,22.224667571619054,20.5,21.5
2532.0,21.089249990621184,21.287900082072284,6.605634950382229,21.0,0,-0.2879000820722837,21.68297997159207,20.5,21.5
2533.0,21.086353267613138,21.330667978216468,6.6045937304188325,21.0,0,-0.3306679782164679,21.75834693965831,20.5,21.5
2534.0,21.0834569157057,21.3188210220951,6.603551288487509,21.0,0,-0.31882102209510066,21.20035146088143,20.5,21.5
2535.0,21.080560934580255,21.335942578500664,6.602507625382121,21.0,0,-0.33594257850066356,21.507158142556293,20.5,21.5
2536.0,21.077665323918417,21.287863746400312,6.601462741897468,21.0,0,-0.287863746400312,20.807075425396796,20.5,21.5
2537.0,21.07477008340201,21.267931444960375,6.6004166388292695,21.0,0,-0.26793144496037513,21.068608430561007,20.5,21.5
2538.0,21.071875212713095,21.394321622345526,6.599369316974181,21.0,0,-0.3943216223455259,22.658223396197034,20.5,21.5
2539.0,21.068980711533946,21.404594745353457,6.598320777129784,21.0,0,-0.40459474535345663,21.507325975432764,20.5,21.5
2540.0,21.066086579547065,21.383287735663373,6.5972710200945865,21.0,0,-0.38328773566337304,21.170217638762537,20.5,21.5
2541.0,21.063192816435173,21.40864382688499,6.596220046668023,21.0,0,-0.40864382688499035,21.662204739101163,20.5,21.5
2542.0,21.06029942188122,21.4673554628141,6.595167857650457,21.0,0,-0.46735546281410123,22.05447182210521,20.5,21.5
2543.0,21.05740639556837,21.389285664819102,6.594114453843176,21.0,0,-0.3892856648191021,20.60858768486911,20.5,21.5
2544.0,21.054513737180027,21.392529185675393,6.5930598360483925,21.0,0,-0.39252918567539297,21.4249643942383,20.5,21.5
2545.0,21.0516214463998,21.41254367767217,6.592004005069244,21.0,0,-0.4125436776721685,21.612688597639924,20.5,21.5
2546.0,21.048729522911533,21.419062344678018,6.5909469617097916,21.0,0,-0.41906234467801795,21.484249014736513,20.5,21.5
2547.0,21.045837966399294,21.36046657797023,6.589888706775021,21.0,0,-0.36046657797022874,20.774508910892337,20.5,21.5
2548.0,21.042946776547367,21.3826828674093,6.588829241070837,21.0,0,-0.3826828674093008,21.60484576180002,20.5,21.5
2549.0,21.040055953040273,21.376704608682353,6.587768565404069,21.0,0,-0.37670460868235267,21.31692202141287,20.5,21.5
2550.0,21.037165495562746,21.376814600783355,6.58670668058247,21.0,0,-0.37681460078335505,21.37791452179338,20.5,21.5
2551.0,21.03427540379975,21.343951617489946,6.58564358741471,21.0,0,-0.34395161748994596,21.015321784555855,20.5,21.5
2552.0,21.03138567743647,21.340261819189656,6.584579286710381,21.0,0,-0.3402618191896565,21.30336383618676,20.5,21.5
2553.0,21.028496316158325,21.332573641323062,6.583513779279995,21.0,0,-0.3325736413230622,21.25569186265712,20.5,21.5
2554.0,21.02560731965095,21.199326221253237,6.58244706593498,21.0,1,-0.19932622125323718,19.866852020554987,20.5,21.5
2555.0,21.042718687600207,21.20592210269242,6.581379147487687,21.0,1,-0.20592210269241917,21.27188091708424,20.5,21.5
2556.0,21.059826419692186,21.316216880039605,6.580310024751381,21.0,0,-0.3162168800396046,22.41916465351146,20.5,21.5
2557.0,21.056930516413196,21.319387385752574,6.5792396985402455,21.0,0,-0.31938738575257375,21.351092442882265,20.5,21.5
2558.0,21.05403497824962,21.27248806131265,6.5781681696693814,21.0,0,-0.27248806131265013,20.803494816913414,20.5,21.5
2559.0,21.051139804887907,21.397836903323924,6.577095438954804,21.0,0,-0.39783690332392396,22.651325323436662,20.5,21.5
2560.0,21.04824499601472,21.33541384653485,6.576021507213444,21.0,0,-0.3354138465348484,20.711183278644093,20.5,21.5
2561.0,21.04535055131696,21.251034505966796,6.574946375263147,21.0,1,-0.2510345059667962,20.407241100286274,20.5,21.5
2562.0,21.06245647048175,21.178171727812316,6.573870043922675,21.0,1,-0.17817172781231605,20.449543946267514,20.5,21.5
2563.0,21.079558753196437,21.181005828461515,6.572792514011699,21.0,1,-0.18100582846151525,21.209346834953507,20.5,21.5
2564.0,21.0966573999486,21.200796653168222,6.571713786350804,21.0,1,-0.20079665316822215,21.39870490023529,20.5,21.5
2565.0,21.11375241122588,21.26606330506986,6.570633861761491,21.0,0,-0.26606330506986,21.91872982408624,20.5,21.5
2566.0,21.11084378751599,21.383090179278355,6.569552741066166,21.0,0,-0.383090179278355,22.553358921363305,20.5,21.5
2567.0,21.1079355293067,21.54022244705649,6.568470425088153,21.0,0,-0.5402224470564896,23.111545124837836,20.5,21.5
2568.0,21.105027636285858,21.572469043234786,6.56738691465168,21.0,0,-0.5724690432347863,21.894935005017754,20.5,21.5
2569.0,21.10212010814153,21.51126192752195,6.566302210581888,21.0,0,-0.5112619275219501,20.899190770393588,20.5,21.5
2570.0,21.09921294456202,21.52925957362715,6.565216313704828,21.0,0,-0.5292595736271508,21.709236034679158,20.5,21.5
2571.0,21.096306145235847,21.529191436579993,6.564129224847456,21.0,0,-0.5291914365799926,21.52851006610841,20.5,21.5
2572.0,21.09339970985177,21.413273900741224,6.5630409448376374,21.0,1,-0.41327390074122405,20.25409854235354,20.5,21.5
2573.0,21.110493638098767,21.44121449699902,6.561951474504146,21.0,0,-0.44121449699902016,21.72062045957698,20.5,21.5
2574.0,21.10758392966605,21.522760220652472,6.560860814676659,21.0,0,-0.5227602206524722,22.338217457186992,20.5,21.5
2575.0,21.10467458504305,21.544807940534486,6.559768966185763,21.0,0,-0.5448079405344863,21.765285139354628,20.5,21.5
2576.0,21.10176560391928,21.474606396080176,6.5586759298629485,21.0,0,-0.4746063960801763,20.772590951537076,20.5,21.5
2577.0,21.09885698598447,21.55347114577869,6.557581706540608,21.0,0,-0.5534711457786905,22.342118642763833,20.5,21.5
2578.0,21.09594873092858,21.50796257419879,6.556486297052042,21.0,0,-0.507962574198789,21.052876858399774,20.5,21.5
2579.0,21.093040838441805,21.45813714394883,6.555389702231452,21.0,0,-0.45813714394882865,20.959882841449225,20.5,21.5
2580.0,21.090133308214565,21.455165398982913,6.554291922913942,21.0,0,-0.4551653989829134,21.42544794932376,20.5,21.5
2581.0,21.087226139937506,21.46867459863484,6.55319295993552,21.0,0,-0.4686745986348413,21.60376659515412,20.5,21.5
2582.0,21.084319333301504,21.48431373124379,6.552092814133092,21.0,0,-0.48431373124379107,21.64070505733329,20.5,21.5
2583.0,21.081412887997672,21.56480629297555,6.5509914863444685,21.0,0,-0.5648062929755504,22.369731910293144,20.5,21.5
2584.0,21.078506803717342,21.516056629931633,6.54988897740836,21.0,0,-0.5160566299316329,21.028559999492458,20.5,21.5
2585.0,21.07560108015208,21.461321355658967,6.548785288164371,21.0,0,-0.46132135565896704,20.913968612932308,20.5,21.5
2586.0,21.07269571699368,21.453817607391233,6.5476804194530125,21.0,0,-0.4538176073912332,21.378780124713895,20.5,21.5
2587.0,21.069790713934175,21.42958978089456,6.546574372115688,21.0,0,-0.4295897808945597,21.187311515927824,20.5,21.5
2588.0,21.066886070665813,21.426660583192337,6.545467146994702,21.0,0,-0.42666058319233713,21.39736860617011,20.5,21.5
2589.0,21.06398178688108,21.44545059268944,6.544358744933254,21.0,0,-0.4454505926894399,21.633350687660467,20.5,21.5
2590.0,21.06107786227269,21.4650327382827,6.543249166775441,21.0,0,-0.46503273828270153,21.660854194215318,20.5,21.5
2591.0,21.05817429653359,21.423165013852675,6.542138413366253,21.0,0,-0.4231650138526746,21.004487769552405,20.5,21.5
2592.0,21.055271089356957,21.381559916959333,6.541026485551578,21.0,0,-0.38155991695933267,20.965508948025914,20.5,21.5
2593.0,21.052368240436195,21.318139855477206,6.539913384178199,21.0,0,-0.3181398554772059,20.68393924065594,20.5,21.5
2594.0,21.049465749464943,21.383223465639894,6.53879911009379,21.0,0,-0.38322346563989385,22.034059567266773,20.5,21.5
2595.0,21.046563616137067,21.33904624752865,6.537683664146919,21.0,0,-0.33904624752864976,20.89727406641621,20.5,21.5
2596.0,21.04366184014667,21.3446097730983,6.536567047187047,21.0,0,-0.34460977309829843,21.400245028794785,20.5,21.5
2597.0,21.040760421188075,21.399712512734464,6.535449260064525,21.0,0,-0.39971251273446384,21.950739909096118,20.5,21.5
2598.0,21.03785935895585,21.445422610742618,6.5343303036305995,21.0,0,-0.445422610742618,21.90252359082416,20.5,21.5
2599.0,21.034958653144784,21.35253267020539,6.533210178737401,21.0,1,-0.3525326702053917,20.42363326483313,20.5,21.5
2600.0,21.052058303449904,21.415443550212007,6.532088886237956,21.0,0,-0.4154435502120073,22.044552350278163,20.5,21.5
2601.0,21.04915430956646,21.456232605267985,6.5309664269861765,21.0,0,-0.45623260526798504,21.864123155827762,20.5,21.5
2602.0,21.046250671989945,21.35328189515733,6.529842801836864,21.0,1,-0.35328189515733044,20.323774794050784,20.5,21.5
2603.0,21.063347390415913,21.280058105891552,6.528718011645708,21.0,1,-0.2800581058915519,20.547820213233766,20.5,21.5
2604.0,21.08044046454016,21.346629617881444,6.527592057269285,21.0,0,-0.34662961788144386,22.012344737780364,20.5,21.5
2605.0,21.077529894858706,21.359923653471736,6.526464939565058,21.0,0,-0.3599236534717356,21.492864009374653,20.5,21.5
2606.0,21.07461968186765,21.33083662103226,6.525336659391377,21.0,0,-0.33083662103226175,21.039966296637523,20.5,21.5
2607.0,21.071709825263152,21.439364774467872,6.524207217607476,21.0,0,-0.43936477446787237,22.52464630882398,20.5,21.5
2608.0,21.06880032474162,21.43915082846663,6.5230766150734745,21.0,0,-0.4391508284666301,21.437011368454208,20.5,21.5
2609.0,21.065891179999685,21.404295710144336,6.521944852650374,21.0,0,-0.40429571014433563,21.05574452692139,20.5,21.5
2610.0,21.062982390734216,21.33567714915241,6.520811931200062,21.0,0,-0.33567714915241,20.649491539233154,20.5,21.5
2611.0,21.06007395664231,21.275082901790555,6.519677851585308,21.0,0,-0.2750829017905545,20.669140428172,20.5,21.5
2612.0,21.057165877421298,21.11263100656992,6.518542614669761,21.0,1,-0.11263100656992009,19.488112054363576,20.5,21.5
2613.0,21.07425815276875,21.212665417181366,6.517406221317957,21.0,0,-0.21266541718136622,22.213009523295828,20.5,21.5
2614.0,21.07134678238246,21.225691046209857,6.516268672395305,21.0,0,-0.2256910462098567,21.35594733649476,20.5,21.5
2615.0,21.068435766760462,21.28554088978566,6.515129968768099,21.0,0,-0.2855408897856613,21.884039325543707,20.5,21.5
2616.0,21.065525105600862,21.381730428933217,6.513990111303513,21.0,0,-0.38173042893321707,22.343625820408775,20.5,21.5
2617.0,21.062614798602002,21.500956510341794,6.512849100869596,21.0,0,-0.5009565103417941,22.693217324427565,20.5,21.5
2618.0,21.059704845462456,21.40065536510366,6.51170693833528,21.0,1,-0.40065536510365973,20.397643912722316,20.5,21.5
2619.0,21.07679524588103,21.378440691964226,6.510563624570367,21.0,1,-0.3784406919642258,21.156293960569887,20.5,21.5
2620.0,21.093881999556768,21.282245676979073,6.509419160445544,21.0,1,-0.2822456769790733,20.32029552712755,20.5,21.5
2621.0,21.110965106988946,21.222763154976708,6.508273546832369,21.0,1,-0.2227631549767075,20.62793793495305,20.5,21.5
2622.0,21.128044568676916,21.20130230735463,6.507126784603276,21.0,1,-0.20130230735463073,20.986693831133863,20.5,21.5
2623.0,21.1451203851201,21.32554314485547,6.505978874631575,21.0,0,-0.32554314485546954,22.567951519863858,20.5,21.5
2624.0,21.142192556818003,21.365227461758362,6.50482981779145,21.0,0,-0.3652274617583622,21.76207063078729,20.5,21.5
2625.0,21.139265084270196,21.42154335062747,6.503679614957955,21.0,0,-0.42154335062746995,21.984702239318548,20.5,21.5
2626.0,21.136337967176335,21.41979609392744,6.502528267007023,21.0,0,-0.41979609392744166,21.40232352692716,20.5,21.5
2627.0,21.1334112052363,21.47674067876347,6.501375774815453,21.0,0,-0.4767406787634698,22.04618652712375,20.5,21.5
2628.0,21.130484798150217,21.364012708635016,6.500222139260918,21.0,1,-0.3640127086350162,20.23673300735048,20.5,21.5
2629.0,21.14755874561844,21.275384652669757,6.499067361221965,21.0,1,-0.2753846526697572,20.389104093017167,20.5,21.5
2630.0,21.16462904734156,21.352910744597988,6.497911441578005,21.0,0,-0.3529107445979882,22.1281716638803,20.5,21.5
2631.0,21.161695703820406,21.463878818432484,6.49675438120932,21.0,0,-0.4638788184324838,22.57355955677744,20.5,21.5
2632.0,21.158762715555884,21.421537051284968,6.4955961809970635,21.0,0,-0.4215370512849681,20.99811937980981,20.5,21.5
2633.0,21.155830082248972,21.462972174416855,6.494436841823256,21.0,0,-0.4629721744168549,21.877323405735723,20.5,21.5
2634.0,21.152897803600887,21.57959697544412,6.493276364570782,21.0,0,-0.5795969754441188,22.745844985716758,20.5,21.5
2635.0,21.14996587931308,21.548584415339587,6.492114750123399,21.0,0,-0.5485844153395867,21.238458814294265,20.5,21.5
2636.0,21.147034309087243,21.480085498685746,6.490951999365724,21.0,0,-0.4800854986857459,20.795096332147338,20.5,21.5
2637.0,21.144103092625297,21.524505943401206,6.489788113183245,21.0,0,-0.5245059434012056,21.968710390555803,20.5,21.5
2638.0,21.141172229629408,21.542492035078084,6.4886230924623085,21.0,0,-0.5424920350780837,21.722352951846865,20.5,21.5
2639.0,21.138241719801975,21.509174201727056,6.48745693809013,21.0,0,-0.5091742017270562,21.17599586821678,20.5,21.5
2640.0,21.135311562845633,21.443356025267317,6.486289650954789,21.0,0,-0.44335602526731677,20.785174260669923,20.5,21.5
2641.0,21.132381758463254,21.415137776817005,6.4851212319452225,21.0,0,-0.41513777681700503,21.132955292313888,20.5,21.5
2642.0,21.12945230635795,21.40526555841658,6.483951681951233,21.0,0,-0.4052655584165805,21.306543374412335,20.5,21.5
2643.0,21.12652320623307,21.39489083364679,6.482781001863485,21.0,0,-0.3948908336467909,21.291143585948895,20.5,21.5
2644.0,21.123594457792198,21.42561815591415,6.4816091925735,21.0,0,-0.425618155914151,21.73289137858775,20.5,21.5
2645.0,21.120666060739154,21.47484540959974,6.480436254973664,21.0,0,-0.474845409599741,21.96711794645564,20.5,21.5
2646.0,21.117738014778002,21.564538696226382,6.47926218995722,21.0,0,-0.5645386962263821,22.461471562492793,20.5,21.5
2647.0,21.11481031961304,21.5840067729647,6.478086998418268,21.0,0,-0.5840067729646989,21.778687540347867,20.5,21.5
2648.0,21.1118829749488,21.577992694436624,6.476910681251768,21.0,0,-0.5779926944366238,21.517851909155873,20.5,21.5
2649.0,21.10895598049006,21.520579318272993,6.475733239353537,21.0,0,-0.5205793182729934,20.94644555663669,20.5,21.5
2650.0,21.10602933594183,21.510084740370253,6.474554673620248,21.0,0,-0.5100847403702531,21.40513896134285,20.5,21.5
2651.0,21.103103041009366,21.454763534726755,6.473374984949431,21.0,0,-0.4547635347267551,20.901551478291776,20.5,21.5
2652.0,21.100177095398152,21.422559575713784,6.472194174239469,21.0,0,-0.4225595757137839,21.10051998558407,20.5,21.5
2653.0,21.09725149881392,21.405717945647112,6.471012242389601,21.0,0,-0.40571794564711183,21.23730164498039,20.5,21.5
2654.0,21.094326250962638,21.462535823032802,6.4698291902999205,21.0,0,-0.46253582303280183,22.030714596889702,20.5,21.5
2655.0,21.091401351550505,21.41874814506957,6.468645018871371,21.0,0,-0.41874814506957136,20.980871365437267,20.5,21.5
2656.0,21.08847680028397,21.418583950269145,6.4674597290057525,21.0,0,-0.4185839502691451,21.416942002264882,20.5,21.5
2657.0,21.085552596869714,21.417197101054256,6.4662733216057156,21.0,0,-0.41719710105425634,21.40332860890537,20.5,21.5
2658.0,21.082628741014663,21.397897327152066,6.4650857975747575,21.0,0,-0.3978973271520658,21.20489958813016,20.5,21.5
2659.0,21.079705232425976,21.411573901618386,6.463897157817232,21.0,0,-0.4115739016183859,21.548339646281587,20.5,21.5
2660.0,21.076782070811053,21.37763706513804,6.462707403238341,21.0,0,-0.37763706513803896,21.03826870033457,20.5,21.5
2661.0,21.073859255877537,21.276833058299893,6.461516534744132,21.0,1,-0.2768330582998928,20.26879298991843,20.5,21.5
2662.0,21.09093678733331,21.188472545317648,6.460324553241505,21.0,1,-0.1884725453176479,20.3048674154952,20.5,21.5
2663.0,21.10801066488649,21.214409033784552,6.459131459638204,21.0,1,-0.2144090337845519,21.473773918453592,20.5,21.5
2664.0,21.12508088904544,21.197271102758993,6.4579372548428235,21.0,1,-0.19727110275899307,21.025891792503405,20.5,21.5
2665.0,21.142147460318597,21.18971651067639,6.4567419397648,21.0,1,-0.18971651067639073,21.114170589850367,20.5,21.5
2666.0,21.159210379214485,21.319931980949253,6.455545515314421,21.0,0,-0.3199319809492529,22.622086683677875,20.5,21.5
2667.0,21.156269646241704,21.404657870387496,6.454347982402814,21.0,0,-0.4046578703874957,22.251916764769923,20.5,21.5
2668.0,21.153329261908937,21.41332989472875,6.453149341941952,21.0,0,-0.4133298947287507,21.5000501381413,20.5,21.5
2669.0,21.150389225924943,21.482483852448517,6.451949594844653,21.0,0,-0.4824838524485173,22.174023429646184,20.5,21.5
2670.0,21.147449537998728,21.555783977640647,6.450748742024576,21.0,0,-0.5557839776406475,22.28878522956195,20.5,21.5
2671.0,21.144510197839534,21.562458875532634,6.4495467843962215,21.0,0,-0.5624588755326343,21.629207854452503,20.5,21.5
2672.0,21.141571205156843,21.51538502922733,6.4483437228749345,21.0,0,-0.5153850292273283,21.04464656617427,20.5,21.5
2673.0,21.138632559660387,21.499301441764377,6.447139558376899,21.0,0,-0.4993014417643771,21.338465567134865,20.5,21.5
2674.0,21.13569426106013,21.423510789213935,6.445934291819137,21.0,0,-0.42351078921393537,20.66560426370952,20.5,21.5
2675.0,21.132756309066284,21.407154440361357,6.444727924119511,21.0,0,-0.4071544403613565,21.243590951835568,20.5,21.5
2676.0,21.129818703389294,21.4354506532787,6.443520456196724,21.0,0,-0.4354506532786999,21.718412782452134,20.5,21.5
2677.0,21.126881443739855,21.490145218554282,6.442311888970316,21.0,0,-0.4901452185542823,22.037090871310106,20.5,21.5
2678.0,21.1239445298289,21.49885376127493,6.4411022233606605,21.0,0,-0.49885376127492975,21.585939188481404,20.5,21.5
2679.0,21.121007961367606,21.544968554445113,6.439891460288974,21.0,0,-0.5449685544451128,22.006116486146944,20.5,21.5
2680.0,21.11807173806739,21.60393452352756,6.438679600677303,21.0,0,-0.6039345235275597,22.19359421435203,20.5,21.5
2681.0,21.11513585963991,21.548137056798325,6.437466645448531,21.0,0,-0.5481370567983248,20.990162389505976,20.5,21.5
2682.0,21.112200325797073,21.543067103087477,6.436252595526378,21.0,0,-0.543067103087477,21.492367565979,20.5,21.5
2683.0,21.109265136251018,21.579596275800455,6.435037451835394,21.0,0,-0.5795962758004549,21.944888002930234,20.5,21.5
2684.0,21.106330290714133,21.521820777602443,6.4338212153009655,21.0,0,-0.5218207776024428,20.944065795622322,20.5,21.5
2685.0,21.10339578889905,21.476310397060693,6.432603886849309,21.0,0,-0.47631039706069345,21.0212065916432,20.5,21.5
2686.0,21.10046163051864,21.41937715854808,6.4313854674074715,21.0,0,-0.41937715854808033,20.85004477342195,20.5,21.5
2687.0,21.097527815286018,21.460904056622788,6.430165957903335,21.0,0,-0.46090405662278755,21.87617303736986,20.5,21.5
2688.0,21.09459434291454,21.43885033623542,6.428945359265606,21.0,0,-0.4388503362354186,21.21831313236173,20.5,21.5
2689.0,21.09166121311781,21.43925636923951,6.427723672423827,21.0,0,-0.4392563692395086,21.44331669928041,20.5,21.5
2690.0,21.08872842560967,21.39617003494833,6.426500898308364,21.0,0,-0.39617003494833014,20.965306692036545,20.5,21.5
2691.0,21.08579598010421,21.471025357343517,6.425277037850411,21.0,0,-0.47102535734351747,22.21957858129539,20.5,21.5
2692.0,21.08286387631576,21.41758014139432,6.424052091981993,21.0,0,-0.4175801413943212,20.88312798190236,20.5,21.5
2693.0,21.079932113958893,21.402311518497925,6.422826061635959,21.0,0,-0.4023115184979247,21.24962528953396,20.5,21.5
2694.0,21.077000692748427,21.397728537501575,6.421598947745984,21.0,0,-0.39772853750157466,21.351898727538074,20.5,21.5
2695.0,21.074069612399427,21.42481122101338,6.420370751246571,21.0,0,-0.4248112210133783,21.695638056131415,20.5,21.5
2696.0,21.071138872627195,21.37141543201583,6.419141473073042,21.0,0,-0.37141543201583005,20.837457542040347,20.5,21.5
2697.0,21.068208473147283,21.394981125938163,6.417911114161547,21.0,0,-0.3949811259381626,21.630638065161488,20.5,21.5
2698.0,21.065278413675486,21.377151899020397,6.416679675449058,21.0,0,-0.37715189902039725,21.198859629842744,20.5,21.5
2699.0,21.06234869392784,21.409450725161353,6.415447157873368,21.0,0,-0.40945072516135284,21.73243898657091,20.5,21.5
2700.0,21.05941931362063,21.4298525744787,6.414213562373095,21.0,0,-0.4298525744787014,21.633871067652187,20.5,21.5
2701.0,21.05649027247038,21.42635271451676,6.412978889887674,21.0,0,-0.42635271451676005,21.391354114897347,20.5,21.5
2702.0,21.053561570193864,21.37089474772223,6.411743141357363,21.0,0,-0.37089474772222886,20.816315079776917,20.5,21.5
2703.0,21.050633206508095,21.441244952991827,6.410506317723236,21.0,0,-0.441244952991827,22.144747005687808,20.5,21.5
2704.0,21.04770518113034,21.310272379379,6.409268419927189,21.0,1,-0.31027237937900054,20.000546643250736,20.5,21.5
2705.0,21.0647774937781,21.284517158518305,6.408029448911936,21.0,1,-0.2845171585183053,21.026964949911353,20.5,21.5
2706.0,21.081846144169127,21.34423825583782,6.406789405621009,21.0,0,-0.3442382558378192,21.94144922903296,20.5,21.5
2707.0,21.078911132821418,21.388430351773415,6.40554829099875,21.0,0,-0.38843035177341534,21.830351311129377,20.5,21.5
2708.0,21.075976460253052,21.287849874124745,6.404306105990325,21.0,1,-0.2878498741247455,20.282045097638047,20.5,21.5
2709.0,21.0930421261822,21.39383902756997,6.403062851541712,21.0,0,-0.393839027569971,22.453730562022226,20.5,21.5
2710.0,21.090104130327273,21.415656446738648,6.401818528599701,21.0,0,-0.4156564467386481,21.63383063842542,20.5,21.5
2711.0,21.087166473206928,21.351968720499645,6.400573138111902,21.0,0,-0.3519687204996451,20.715091458109615,20.5,21.5
2712.0,21.08422915453991,21.343076570676534,6.399326681026731,21.0,0,-0.3430765706765335,21.254155072445418,20.5,21.5
2713.0,21.081292174045206,21.33328146789996,6.39807915829342,21.0,0,-0.3332814678999583,21.235330440134206,20.5,21.5
2714.0,21.078355531442057,21.401208821134887,6.3968305708620115,21.0,0,-0.40120882113488676,22.08048235348417,20.5,21.5
2715.0,21.07541922644994,21.33770252615757,6.39558091968336,21.0,0,-0.337702526157571,20.702639576384414,20.5,21.5
2716.0,21.072483258788587,21.380729609156656,6.394330205709129,21.0,0,-0.3807296091566563,21.81100043914751,20.5,21.5
2717.0,21.069547628177972,21.31731957195516,6.3930784298917915,21.0,0,-0.31731957195516003,20.683219199940197,20.5,21.5
2718.0,21.066612334338316,21.364484834122937,6.391825593184629,21.0,0,-0.364484834122937,21.836137455800706,20.5,21.5
2719.0,21.063677376990086,21.223346305440675,6.390571696541731,21.0,1,-0.2233463054406748,19.811961018618053,20.5,21.5
2720.0,21.080742755853997,21.244728329516853,6.3893167409179945,21.0,1,-0.2447283295168532,21.458548570278637,20.5,21.5
2721.0,21.09780447065101,21.217898058644078,6.3880607272691226,21.0,1,-0.21789805864407796,20.949595349916326,20.5,21.5
2722.0,21.11486252190233,21.190433549456902,6.386803656551626,21.0,1,-0.19043354945690183,20.91578845758514,20.5,21.5
2723.0,21.131916910129263,21.191913624188718,6.385545529722817,21.0,1,-0.19191362418871805,21.20671437150688,20.5,21.5
2724.0,21.148967635853182,21.202092665639476,6.384286347740813,21.0,1,-0.20209266563947637,21.30388308014706,20.5,21.5
2725.0,21.16601469959556,21.26754786176749,6.383026111564539,21.0,0,-0.2675478617674898,21.922099823047624,20.5,21.5
2726.0,21.163058101877954,21.31766479788951,6.381764822153717,21.0,0,-0.31766479788950974,21.81883415910971,20.5,21.5
2727.0,21.16010184322201,21.4534346957204,6.3805024804688735,21.0,0,-0.45343469572040007,22.811133674029303,20.5,21.5
2728.0,21.157145923349457,21.452045761661804,6.3792390874713405,21.0,0,-0.4520457616618039,21.438156421075842,20.5,21.5
2729.0,21.154190341982282,21.51269197384955,6.377974644123242,21.0,0,-0.5126919738495488,22.119154095726998,20.5,21.5
2730.0,21.15123509884271,21.46293463449478,6.376709151387508,21.0,0,-0.4629346344947791,20.965361240947082,20.5,21.5
2731.0,21.14828019365322,21.444151669669232,6.375442610227868,21.0,0,-0.4441516696692318,21.25632202141376,20.5,21.5
2732.0,21.145325626136536,21.360965488464977,6.3741750216088455,21.0,0,-0.3609654884649771,20.52910367642243,20.5,21.5
2733.0,21.14237139601563,21.36289600301474,6.372906386495767,21.0,0,-0.3628960030147397,21.382201148512365,20.5,21.5
2734.0,21.139417503013725,21.312653569561817,6.371636705854753,21.0,0,-0.31265356956181733,20.810229235032594,20.5,21.5
2735.0,21.136463946854292,21.3578005410915,6.370365980652719,21.0,0,-0.3578005410914997,21.809270256388324,20.5,21.5
2736.0,21.13351072726105,21.371161099257847,6.3690942118573775,21.0,0,-0.3711610992578471,21.50476668092132,20.5,21.5
2737.0,21.13055784395797,21.376894890264634,6.367821400437236,21.0,0,-0.37689489026463363,21.4342328003325,20.5,21.5
2738.0,21.127605296669266,21.40761749262664,6.3665475473615984,21.0,0,-0.40761749262663827,21.714843516246685,20.5,21.5
2739.0,21.124653085119405,21.411609337072097,6.365272653600557,21.0,0,-0.4116093370720968,21.451527781526682,20.5,21.5
2740.0,21.1217012090331,21.418632878951957,6.363996720124997,21.0,0,-0.4186328789519571,21.48886829775056,20.5,21.5
2741.0,21.11874966813532,21.418239156182274,6.362719747906601,21.0,0,-0.41823915618227403,21.414301928485443,20.5,21.5
2742.0,21.11579846215127,21.502091276495776,6.361441737917836,21.0,0,-0.5020912764957757,22.340612479630792,20.5,21.5
2743.0,21.112847590806425,21.4676461474537,6.360162691131963,21.0,0,-0.46764614745369926,21.123194857032935,20.5,21.5
2744.0,21.10989705382649,21.379701244604583,6.358882608523032,21.0,0,-0.37970124460458266,20.500252216113417,20.5,21.5
2745.0,21.10694685093743,21.312707674614796,6.357601491065884,21.0,0,-0.31270767461479565,20.642771974716926,20.5,21.5
2746.0,21.103996981865457,21.267898165205978,6.3563193397361415,21.0,0,-0.26789816520597753,20.819803071117796,20.5,21.5
2747.0,21.10104744633703,21.18618985649572,6.35503615551022,21.0,1,-0.1861898564957194,20.369106769393138,20.5,21.5
2748.0,21.118098244078865,21.116349336715807,6.3537519393653215,21.0,1,-0.11634933671580683,20.41794413891668,20.5,21.5
2749.0,21.135145374817924,21.272083326168758,6.352466692279431,21.0,0,-0.2720833261687581,22.82942322069827,20.5,21.5
2750.0,21.132188839081415,21.300994389365933,6.351180415231321,21.0,0,-0.3009943893659326,21.590105021337678,20.5,21.5
2751.0,21.129232637396644,21.307800757103106,6.349893109200546,21.0,0,-0.30780075710310584,21.37586443447484,20.5,21.5
2752.0,21.126276769491003,21.278539856175097,6.348604775167447,21.0,0,-0.27853985617509736,20.985930846895013,20.5,21.5
2753.0,21.12332123509214,21.371623070322578,6.347315414113146,21.0,0,-0.3716230703225776,22.30245521179738,20.5,21.5
2754.0,21.120366033927944,21.37803272384601,6.346025027019547,21.0,0,-0.3780327238460117,21.442129259080353,20.5,21.5
2755.0,21.117411165726562,21.433574419999378,6.344733614869336,21.0,0,-0.4335744199993776,21.988991381533037,20.5,21.5
2756.0,21.11445663021639,21.399738797972212,6.343441178645981,21.0,0,-0.399738797972212,21.061382577700556,20.5,21.5
2757.0,21.111502427126076,21.425697526496503,6.342147719333726,21.0,0,-0.42569752649650283,21.68528481173941,20.5,21.5
2758.0,21.10854855618452,21.3770324379338,6.340853237917599,21.0,0,-0.37703243793379926,20.890381552306764,20.5,21.5
2759.0,21.105595017120866,21.354365757970367,6.339557735383401,21.0,0,-0.35436575797036696,21.127698958336044,20.5,21.5
2760.0,21.10264180966452,21.36118918610664,6.3382612127177165,21.0,0,-0.36118918610663897,21.42942346746936,20.5,21.5
2761.0,21.099688933545128,21.36331002554494,6.3369636709079025,21.0,0,-0.36331002554494063,21.384518419927957,20.5,21.5
2762.0,21.0967363884926,21.36919987975608,6.335665110942093,21.0,0,-0.3691998797560814,21.42809842186749,20.5,21.5
2763.0,21.09378417423709,21.378031243282855,6.3343655338091995,21.0,0,-0.3780312432828552,21.466344878550593,20.5,21.5
2764.0,21.090832290509006,21.37029169235339,6.333064940498905,21.0,0,-0.37029169235339054,21.292896183058744,20.5,21.5
2765.0,21.087880737039004,21.267291685184343,6.331763332001668,21.0,1,-0.2672916851843432,20.23729161349387,20.5,21.5
2766.0,21.104929513557998,21.2338113895647,6.330460709308721,21.0,1,-0.23381138956469982,20.899008433368266,20.5,21.5
2767.0,21.121974619797147,21.262498677393108,6.329157073412068,21.0,0,-0.2624986773931077,21.549371555677187,20.5,21.5
2768.0,21.11901605628787,21.3642002870871,6.327852425304483,21.0,0,-0.36420028708710106,22.381216384027034,20.5,21.5
2769.0,21.116057823561672,21.37276237918713,6.326546765979514,21.0,0,-0.3727623791871295,21.458383300187414,20.5,21.5
2770.0,21.113099921350155,21.387465640133733,6.325240096431475,21.0,0,-0.3874656401337333,21.53449824959977,20.5,21.5
2771.0,21.11014234938517,21.475796877928442,6.323932417655453,21.0,0,-0.47579687792844183,22.359109255875527,20.5,21.5
2772.0,21.107185107398827,21.49580518861581,6.3226237306473045,21.0,0,-0.4958051886158117,21.69588829548951,20.5,21.5
2773.0,21.104228195123476,21.40266030483345,6.321314036403647,21.0,1,-0.40266030483345006,20.471211467009834,20.5,21.5
2774.0,21.121271612291732,21.438435644289523,6.320003335921873,21.0,0,-0.4384356442895232,21.796189038850255,20.5,21.5
2775.0,21.118311358636458,21.525210087940522,6.318691630200138,21.0,0,-0.5252100879405219,22.39295452445051,20.5,21.5
2776.0,21.11535143469077,21.496778247100536,6.317378920237361,21.0,0,-0.4967782471005364,21.21245983870068,20.5,21.5
2777.0,21.11239184018788,21.50310067205005,6.316065207033229,21.0,0,-0.5031006720500493,21.566324921545178,20.5,21.5
2778.0,21.10943257486125,21.54682790121718,6.3147504915881925,21.0,0,-0.5468279012171813,21.9841001928885,20.5,21.5
2779.0,21.106473638444594,21.450194228290833,6.313434774903462,21.0,1,-0.4501942282908331,20.48385749902735,20.5,21.5
2780.0,21.123515030671886,21.38226001000839,6.3121180579810146,21.0,1,-0.38226001000839105,20.70291782718397,20.5,21.5
2781.0,21.140552751277347,21.39091876826864,6.310800341823588,21.0,1,-0.3909187682686408,21.47750635087114,20.5,21.5
2782.0,21.157586800795457,21.321766408030392,6.30948162743468,21.0,1,-0.3217664080303919,20.630242805647903,20.5,21.5
2783.0,21.174617179760784,21.356230651036512,6.308161915818548,21.0,0,-0.35623065103651186,21.70087308109771,20.5,21.5
2784.0,21.171643888707994,21.486627294041206,6.306841207980211,21.0,0,-0.48662729404120597,22.790593724088147,20.5,21.5
2785.0,21.16867092817185,21.483271774644617,6.305519504925446,21.0,0,-0.4832717746446171,21.44971658067873,20.5,21.5
2786.0,21.1656982978872,21.516982973796512,6.304196807660784,21.0,0,-0.5169829737965124,21.854094965315465,20.5,21.5
2787.0,21.162725997589156,21.554710317408514,6.302873117193521,21.0,0,-0.5547103174085137,21.931983753528527,20.5,21.5
2788.0,21.159754027013076,21.507706349298964,6.301548434531702,21.0,0,-0.5077063492989637,21.037666668203464,20.5,21.5
2789.0,21.15678238589458,21.46426721750896,6.300222760684132,21.0,0,-0.4642672175089615,21.02987589960894,20.5,21.5
2790.0,21.15381107396954,21.518051559660194,6.298896096660368,21.0,0,-0.5180515596601936,22.055894981172514,20.5,21.5
2791.0,21.15084009097408,21.537388834845107,6.297568443470722,21.0,0,-0.5373888348451068,21.73076158669424,20.5,21.5
2792.0,21.147869436644577,21.54106983346555,6.296239802126262,21.0,0,-0.5410698334655493,21.577879819669974,20.5,21.5
2793.0,21.144899110717674,21.56709157289358,6.294910173638804,21.0,0,-0.567091572893581,21.8273089671739,20.5,21.5
2794.0,21.141929112930256,21.588167656263284,6.29357955902092,21.0,0,-0.588167656263284,21.798928489960314,20.5,21.5
2795.0,21.138959443019473,21.603089121469782,6.292247959285929,21.0,0,-0.6030891214697824,21.752303773534766,20.5,21.5
2796.0,21.135990100722726,21.493473995081967,6.290915375447901,21.0,1,-0.4934739950819669,20.39732273120381,20.5,21.5
2797.0,21.15302108577767,21.44798243494045,6.28958180852166,21.0,1,-0.44798243494044954,20.993066833525276,20.5,21.5
2798.0,21.17004839792222,21.459360937615887,6.288247259522773,21.0,0,-0.45936093761588737,21.573145964370266,20.5,21.5
2799.0,21.16707203769454,21.42639282704905,6.286911729467557,21.0,0,-0.42639282704904957,21.09671172138067,20.5,21.5
2800.0,21.164096005632892,21.4240993011492,6.285575219373079,21.0,0,-0.4240993011492016,21.40116404215072,20.5,21.5
2801.0,21.16112030147564,21.4276097484883,6.284237730257146,21.0,0,-0.427609748488301,21.462714221879295,20.5,21.5
2802.0,21.158144924961398,21.52556755336468,6.282899263138316,21.0,0,-0.5255675533646809,22.50514560212848,20.5,21.5
2803.0,21.155169875829035,21.486197703437067,6.2815598190358894,21.0,0,-0.4861977034370675,21.092499204160934,20.5,21.5
2804.0,21.152195153817676,21.467504871341312,6.280219398969911,21.0,0,-0.4675048713413119,21.280576550383756,20.5,21.5
2805.0,21.149220758666708,21.462481898743484,6.27887800396117,21.0,0,-0.46248189874348355,21.4122521727652,20.5,21.5
2806.0,21.146246690115767,21.48716737897025,6.277535635031196,21.0,0,-0.4871673789702484,21.734022181237897,20.5,21.5
2807.0,21.14327294790475,21.47344024534195,6.276192293202261,21.0,0,-0.4734402453419513,21.33616890905898,20.5,21.5
2808.0,21.14029953177381,21.506918910003364,6.2748479794973795,21.0,0,-0.506918910003364,21.84170555661749,20.5,21.5
2809.0,21.137326441463355,21.555062980607016,6.273502694940304,21.0,0,-0.5550629806070155,22.03650368664353,20.5,21.5
2810.0,21.13435367671405,21.53159444152363,6.272156440555528,21.0,0,-0.5315944415236302,21.296909050689777,20.5,21.5
2811.0,21.13138123726682,21.576022069690016,6.270809217368282,21.0,0,-0.5760220696900156,22.02029835135387,20.5,21.5
2812.0,21.128409122862838,21.578728401124085,6.269461026404536,21.0,0,-0.578728401124085,21.60579171546478,20.5,21.5
2813.0,21.125437333243546,21.533580728348372,6.268111868690994,21.0,0,-0.5335807283483724,21.082104000591247,20.5,21.5
2814.0,21.122465868150634,21.46871227225252,6.266761745255101,21.0,0,-0.468712272252521,20.820027711294006,20.5,21.5
2815.0,21.119494727326057,21.437266599841998,6.265410657125033,21.0,0,-0.43726659984199756,21.122809875736763,20.5,21.5
2816.0,21.116523910512015,21.412030817847796,6.264058605329702,21.0,0,-0.41203081784779627,21.159672997905783,20.5,21.5
2817.0,21.11355341745098,21.36546362427373,6.262705590898756,21.0,0,-0.3654636242737297,20.899791688533064,20.5,21.5
2818.0,21.11058324788567,21.307013513543858,6.261351614862573,21.0,0,-0.30701351354385764,20.722512406245137,20.5,21.5
2819.0,21.107613401559068,21.279400207111557,6.259996678252264,21.0,0,-0.2794002071115571,21.003267142788552,20.5,21.5
2820.0,21.104643878214407,21.300651294349542,6.258640782099675,21.0,0,-0.3006512943495423,21.513162166729394,20.5,21.5
2821.0,21.101674677595184,21.2579608547584,6.257283927437378,21.0,0,-0.2579608547584016,20.831056458846994,20.5,21.5
2822.0,21.098705799445153,21.28241766147489,6.255926115298676,21.0,0,-0.28241766147489145,21.52698572863979,20.5,21.5
2823.0,21.095737243508324,21.399209211742676,6.254567346717604,21.0,0,-0.39920921174267576,22.56712471442052,20.5,21.5
2824.0,21.092769009528965,21.4286164296066,6.2532076227289215,21.0,0,-0.42861642960659907,21.722688608245832,20.5,21.5
2825.0,21.089801097251605,21.450435748408655,6.251846944368118,21.0,0,-0.45043574840865475,21.66862893642921,20.5,21.5
2826.0,21.08683350642103,21.512020225024102,6.25048531267141,21.0,0,-0.5120202250241022,22.127864991178576,20.5,21.5
2827.0,21.08386623678228,21.455683416746407,6.249122728675739,21.0,0,-0.4556834167464068,20.892315333969453,20.5,21.5
2828.0,21.08089928808066,21.376920248579204,6.247759193418773,21.0,0,-0.3769202485792036,20.58928856690717,20.5,21.5
2829.0,21.077932660061727,21.39083375587978,6.246394707938901,21.0,0,-0.390833755879779,21.529968828885533,20.5,21.5
2830.0,21.074966352471304,21.399008048421916,6.2450292732752395,21.0,0,-0.3990080484219156,21.480750973843282,20.5,21.5
2831.0,21.072000365055466,21.42178803424408,6.2436628904676255,21.0,0,-0.42178803424408073,21.649587892465732,20.5,21.5
2832.0,21.06903469756055,21.394572185256163,6.24229556055662,21.0,0,-0.39457218525616256,21.12241369537698,20.5,21.5
2833.0,21.066069349733148,21.494974850488365,6.240927284583505,21.0,0,-0.4949748504883651,22.49900150281039,20.5,21.5
2834.0,21.063104321320118,21.494447725699736,6.23955806359028,21.0,0,-0.49444772569973594,21.489176477813444,20.5,21.5
2835.0,21.06013961206857,21.457321267239013,6.238187898619668,21.0,0,-0.45732126723901345,21.08605668263179,20.5,21.5
2836.0,21.05717522172588,21.397388102203365,6.236816790715109,21.0,0,-0.3973881022033652,20.798056451846882,20.5,21.5
2837.0,21.05421115003968,21.49593183902752,6.23544474092076,21.0,0,-0.49593183902752,22.48136920726907,20.5,21.5
2838.0,21.05124739675786,21.390878659382928,6.2340717502814975,21.0,1,-0.39087865938292765,20.340346862937004,20.5,21.5
2839.0,21.068283961628563,21.440626920561932,6.2326978198429135,21.0,0,-0.4406269205619324,21.93810953235198,20.5,21.5
2840.0,21.065316844400204,21.41528637312222,6.231322950651316,21.0,0,-0.41528637312222116,21.16188089872511,20.5,21.5
2841.0,21.062350045621454,21.430659735323452,6.229947143753729,21.0,0,-0.43065973532345225,21.584393357335763,20.5,21.5
2842.0,21.05938356504108,21.34172898375083,6.228570400197886,21.0,1,-0.34172898375082994,20.452421468024607,20.5,21.5
2843.0,21.07641740240811,21.337327644225315,6.227192721032241,21.0,1,-0.337327644225315,21.293314248970166,20.5,21.5
2844.0,21.093447557471837,21.317123600759494,6.225814107305954,21.0,1,-0.3171236007594942,21.115083166101286,20.5,21.5
2845.0,21.110474030781806,21.37701763498805,6.224434560068899,21.0,0,-0.3770176349880501,21.97595797727361,20.5,21.5
2846.0,21.10749682288766,21.390941146923392,6.2230540803716625,21.0,0,-0.3909411469233923,21.530176266276815,20.5,21.5
2847.0,21.10451993433916,21.491748329378172,6.22167266926554,21.0,0,-0.49174832937817214,22.49982015392597,20.5,21.5
2848.0,21.101543364886144,21.50537152662914,6.220290327802536,21.0,0,-0.5053715266291405,21.641603499138824,20.5,21.5
2849.0,21.098567114278726,21.404428460464562,6.218907057035362,21.0,1,-0.4044284604645618,20.394997798818775,20.5,21.5
2850.0,21.115591182267277,21.403066202487345,6.217522858017442,21.0,1,-0.40306620248734504,21.389443622715177,20.5,21.5
2851.0,21.132611568602428,21.440910249557426,6.216137731802901,21.0,0,-0.44091024955742597,21.819350720258235,20.5,21.5
2852.0,21.129628273835067,21.427670582255168,6.214751679446573,21.0,0,-0.42767058225516763,21.295273909232584,20.5,21.5
2853.0,21.126645298516188,21.477575233227526,6.213364702003999,21.0,0,-0.47757523322752604,21.97662174295111,20.5,21.5
2854.0,21.123662642396884,21.556448224641066,6.211976800531422,21.0,0,-0.5564482246410662,22.34517813877647,20.5,21.5
2855.0,21.12068030522851,21.51021489750684,6.210587976085789,21.0,0,-0.5102148975068417,21.047881626164596,20.5,21.5
2856.0,21.117698286762682,21.490622110982503,6.20919822972475,21.0,0,-0.4906221109825033,21.29469424573912,20.5,21.5
2857.0,21.114716586751275,21.48106190018524,6.207807562506657,21.0,0,-0.48106190018523876,21.385459792212593,20.5,21.5
2858.0,21.111735204946427,21.38238898229829,6.2064159754905655,21.0,1,-0.3823889822982913,20.395659803428817,20.5,21.5
2859.0,21.128754141100536,21.3674380807797,6.2050234697362265,21.0,1,-0.3674380807796993,21.21792906559378,20.5,21.5
2860.0,21.145769394966262,21.425221813961137,6.203630046304096,21.0,0,-0.42522181396113723,22.003059145775516,20.5,21.5
2861.0,21.14278096709653,21.433603771689924,6.202235706255328,21.0,0,-0.43360377168992414,21.517423348977793,20.5,21.5
2862.0,21.139792858044363,21.44689585508445,6.200840450651768,21.0,0,-0.44689585508444907,21.5798166890297,20.5,21.5
2863.0,21.136805067562886,21.4948572972746,6.199444280555968,21.0,0,-0.49485729727459926,21.9744717191761,20.5,21.5
2864.0,21.133817595405485,21.57066613210132,6.198047197031172,21.0,0,-0.5706661321013193,22.32875448036852,20.5,21.5
2865.0,21.13083044132581,21.511487303136523,6.196649201141318,21.0,0,-0.5114873031365228,20.919699013488557,20.5,21.5
2866.0,21.12784360507777,21.470736358068542,6.195250293951043,21.0,0,-0.4707363580685424,21.06322690738874,20.5,21.5
2867.0,21.124857086415545,21.4489337589858,6.193850476525673,21.0,0,-0.4489337589857989,21.230907768158364,20.5,21.5
2868.0,21.121870885093568,21.515043061877428,6.192449749931232,21.0,0,-0.515043061877428,22.17613609079372,20.5,21.5
2869.0,21.118885000866534,21.430737175803714,6.191048115234433,21.0,0,-0.4307371758037135,20.58767831506657,20.5,21.5
2870.0,21.115899433489407,21.491950903697067,6.189645573502682,21.0,0,-0.4919509036970666,22.104088182630598,20.5,21.5
2871.0,21.11291418271741,21.474057855631482,6.188242125804077,21.0,0,-0.4740578556314823,21.29512737497564,20.5,21.5
2872.0,21.109929248306027,21.394063973355152,6.186837773207403,21.0,0,-0.3940639733551521,20.59412515059185,20.5,21.5
2873.0,21.106944630011007,21.303566092181494,6.185432516782136,21.0,1,-0.30356609218149444,20.398587280444918,20.5,21.5
2874.0,21.12396032758836,21.338984056387446,6.184026357598439,21.0,0,-0.3389840563874458,21.69316369844696,20.5,21.5
2875.0,21.120972340794363,21.230430646639665,6.1826192967271645,21.0,1,-0.23043064663966462,20.144896549161853,20.5,21.5
2876.0,21.13798467018555,21.253288305994825,6.18121133523985,21.0,1,-0.25328830599482544,21.481864899546434,20.5,21.5
2877.0,21.15499331551856,21.34665012965089,6.179802474208722,21.0,0,-0.3466501296508895,22.28026836621153,20.5,21.5
2878.0,21.151998277350298,21.43166774137932,6.178392714706685,21.0,0,-0.4316677413793215,22.281843858663642,20.5,21.5
2879.0,21.14900355623777,21.431455697293107,6.176982057807334,21.0,0,-0.4314556972931065,21.429335256430956,20.5,21.5
2880.0,21.146009151938085,21.546270972191845,6.175570504584947,21.0,0,-0.5462709721918451,22.69442372117923,20.5,21.5
2881.0,21.143015064208615,21.557713404152782,6.174158056114481,21.0,0,-0.557713404152782,21.67213772376215,20.5,21.5
2882.0,21.140021292806995,21.59107564327848,6.1727447134715785,21.0,0,-0.5910756432784794,21.924698034535453,20.5,21.5
2883.0,21.13702783749113,21.5179997447149,6.171330477732562,21.0,0,-0.5179997447148992,20.787240759079097,20.5,21.5
2884.0,21.134034698019178,21.55245728216435,6.169915349974431,21.0,0,-0.552457282164351,21.89703265665887,20.5,21.5
2885.0,21.13104187414957,21.55917992895133,6.168499331274869,21.0,0,-0.5591799289513304,21.626406396821125,20.5,21.5
2886.0,21.128049365640994,21.529478576172263,6.167082422712235,21.0,0,-0.5294785761722629,21.232465048381588,20.5,21.5
2887.0,21.125057172252408,21.46080896026353,6.165664625365567,21.0,0,-0.460808960263531,20.774112801176212,20.5,21.5
2888.0,21.12206529374303,21.4962988143187,6.164245940314579,21.0,0,-0.49629881431869904,21.85119735487038,20.5,21.5
2889.0,21.119073729872344,21.440066223659528,6.162826368639662,21.0,0,-0.4400662236595281,20.87774031706782,20.5,21.5
2890.0,21.1160824804001,21.35462390005626,6.1614059114218795,21.0,0,-0.35462390005626077,20.500200664023588,20.5,21.5
2891.0,21.113091545086302,21.406699489958633,6.159984569742974,21.0,0,-0.40669948995863336,21.92745538898236,20.5,21.5
2892.0,21.110100923691235,21.44634980387286,6.1585623446853575,21.0,0,-0.4463498038728595,21.84285294301512,20.5,21.5
2893.0,21.107110615975433,21.453209333199542,6.157139237332117,21.0,0,-0.45320933319954193,21.521804626466366,20.5,21.5
2894.0,21.104120621699703,21.502230402520212,6.155715248767011,21.0,0,-0.5022304025202118,21.99244109572691,20.5,21.5
2895.0,21.101130940625115,21.499004171214573,6.1542903800744675,21.0,0,-0.4990041712145725,21.46674185815818,20.5,21.5
2896.0,21.098141572513004,21.493018684120027,6.152864632339586,21.0,0,-0.4930186841200275,21.433163813174577,20.5,21.5
2897.0,21.09515251712497,21.453440047123088,6.151438006648138,21.0,0,-0.45344004712308816,21.057653677153695,20.5,21.5
2898.0,21.092163774222875,21.436074670866184,6.1500105040865565,21.0,0,-0.43607467086618357,21.262420908297138,20.5,21.5
2899.0,21.089175343568847,21.41044751992414,6.148582125741951,21.0,0,-0.41044751992414064,21.15417601050371,20.5,21.5
2900.0,21.086187224925283,21.44395524913705,6.147152872702093,21.0,0,-0.4439552491370513,21.779032541266158,20.5,21.5
2901.0,21.08319941805484,21.444162520492565,6.1457227460554185,21.0,0,-0.444162520492565,21.446235234047702,20.5,21.5
2902.0,21.08021192272044,21.439769995175944,6.1442917468910325,21.0,0,-0.4397699951759435,21.39584474200973,20.5,21.5
2903.0,21.077224738685274,21.422917956274706,6.1428598762987034,21.0,0,-0.42291795627470563,21.254397567262327,20.5,21.5
2904.0,21.074237865712796,21.440400500400536,6.141427135368863,21.0,0,-0.4404005004005356,21.615225941658835,20.5,21.5
2905.0,21.071251303566726,21.39837299320425,6.139993525192606,21.0,0,-0.39837299320425146,20.97809792124141,20.5,21.5
2906.0,21.06826505201105,21.258210766016564,6.138559046861689,21.0,1,-0.258210766016564,19.85658849413969,20.5,21.5
2907.0,21.08527911081002,21.24926924684205,6.1371237014685285,21.0,1,-0.24926924684205076,21.15985405509692,20.5,21.5
2908.0,21.102289479728153,21.32837420707971,6.135687490106202,21.0,0,-0.32837420707971177,22.119423809456322,20.5,21.5
2909.0,21.09929615933023,21.326670846297038,6.1342504138684495,21.0,0,-0.3266708462970378,21.309637238470298,20.5,21.5
2910.0,21.096303150181136,21.364840951928496,6.1328124738496665,21.0,0,-0.3648409519284961,21.74654200824308,20.5,21.5
2911.0,21.09331045204587,21.499765907692808,6.131373671144904,21.0,0,-0.49976590769280804,22.849015465335928,20.5,21.5
2912.0,21.09031806468969,21.521434166061503,6.129934006849876,21.0,0,-0.5214341660615034,21.738116749748457,20.5,21.5
2913.0,21.08732598787812,21.416414907939128,6.128493482060948,21.0,1,-0.41641490793912794,20.366222326715373,20.5,21.5
2914.0,21.104334221376956,21.36979787270555,6.1270520978751435,21.0,1,-0.36979787270555065,20.903627520369778,20.5,21.5
2915.0,21.121338764952256,21.359347538104114,6.125609855390136,21.0,1,-0.3593475381041138,21.254844192089745,20.5,21.5
2916.0,21.138339619170342,21.29333191426629,6.124166755704262,21.0,1,-0.2933319142662896,20.633175675888047,20.5,21.5
2917.0,21.155336784597647,21.32937590934199,6.122722799916499,21.0,0,-0.3293759093419908,21.689815860099003,20.5,21.5
2918.0,21.15233026180071,21.36073887718188,6.121277989126483,21.0,0,-0.36073887718188047,21.674368555580777,20.5,21.5
2919.0,21.149324051346174,21.345332900626953,6.119832324434503,21.0,0,-0.34533290062695343,21.191273135077683,20.5,21.5
2920.0,21.14631815300079,21.372201383972754,6.118385806941494,21.0,0,-0.3722013839727545,21.640886217430765,20.5,21.5
2921.0,21.14331256653158,21.430103744562974,6.116938437749042,21.0,0,-0.43010374456297384,22.009127350465167,20.5,21.5
2922.0,21.140307291705824,21.384258004112514,6.115490217959381,21.0,0,-0.3842580041125139,20.925800599607914,20.5,21.5
2923.0,21.137302328291074,21.391273223461994,6.114041148675394,21.0,0,-0.3912732234619938,21.461425416956793,20.5,21.5
2924.0,21.13429767605515,21.442621176380673,6.112591231000609,21.0,0,-0.44262117638067267,21.95610070556746,20.5,21.5
2925.0,21.13129333476614,21.552530866281643,6.111140466039204,21.0,0,-0.5525308662816428,22.651627765291344,20.5,21.5
2926.0,21.128289304192396,21.49922166656741,6.109688854895999,21.0,0,-0.4992216665674114,20.966129669425097,20.5,21.5
2927.0,21.12528558410254,21.590049049347616,6.108236398676458,21.0,0,-0.5900490493476163,22.498322877149665,20.5,21.5
2928.0,21.122282174265454,21.547585235083613,6.106783098486688,21.0,0,-0.5475852350836128,21.122947092443578,20.5,21.5
2929.0,21.119279074450297,21.488531907718972,6.105328955433444,21.0,0,-0.48853190771897204,20.897998634072565,20.5,21.5
2930.0,21.116276284426494,21.404428674293523,6.103873970624116,21.0,0,-0.40442867429352347,20.563396340039038,20.5,21.5
2931.0,21.113273803963732,21.47198908705027,6.10241814516674,21.0,0,-0.47198908705027165,22.147593214617753,20.5,21.5
2932.0,21.110271632831974,21.399128708904975,6.100961480169992,21.0,0,-0.39912870890497487,20.670524927452007,20.5,21.5
2933.0,21.10726977080144,21.495178954768615,6.099503976743182,21.0,0,-0.4951789547686154,22.45568141340502,20.5,21.5
2934.0,21.10426821764263,21.581003728153274,6.098045635996264,21.0,0,-0.5810037281532736,22.439251461999856,20.5,21.5
2935.0,21.1012669731263,21.491903931721154,6.096586459039828,21.0,0,-0.4919039317211542,20.60090596739996,20.5,21.5
2936.0,21.098266037023482,21.415328267299202,6.0951264469851,21.0,0,-0.415328267299202,20.64957162307968,20.5,21.5
2937.0,21.095265409105473,21.44986422751695,6.093665600943944,21.0,0,-0.4498642275169509,21.79522382969444,20.5,21.5
2938.0,21.09226508914384,21.450219370800788,6.092203922028858,21.0,0,-0.450219370800788,21.45377080363916,20.5,21.5
2939.0,21.08926507691042,21.445293409981506,6.0907414113529725,21.0,0,-0.445293409981506,21.396033801788686,20.5,21.5
2940.0,21.08626537217731,21.521582610032482,6.089278070030055,21.0,0,-0.5215826100324819,22.28447461054224,20.5,21.5
2941.0,21.08326597471688,21.652870673703184,6.0878138991745,21.0,0,-0.652870673703184,22.965751310410205,20.5,21.5
2942.0,21.08026688430177,21.557067363059645,6.086348899901341,21.0,0,-0.5570673630596445,20.59903425662425,20.5,21.5
2943.0,21.07726810070489,21.518275640846525,6.084883073326238,21.0,0,-0.5182756408465252,21.130358418715332,20.5,21.5
2944.0,21.074269623699415,21.459853983635174,6.08341642056548,21.0,0,-0.45985398363517405,20.875637411521662,20.5,21.5
2945.0,21.071271453058788,21.363897044765903,6.081948942735988,21.0,1,-0.3638970447659027,20.40432765607319,20.5,21.5
2946.0,21.088273588556724,21.264143988200498,6.08048064095531,21.0,1,-0.2641439882004981,20.266613422546452,20.5,21.5
2947.0,21.105272029967203,21.29884619397523,6.079011516341621,21.0,0,-0.2988461939752298,21.645868251722547,20.5,21.5
2948.0,21.10226677786448,21.260022344614487,6.077541570013725,21.0,0,-0.26002234461448737,20.871783851007063,20.5,21.5
2949.0,21.099261832822908,21.269476706413382,6.076070803091051,21.0,0,-0.26947670641338206,21.36402032440233,20.5,21.5
2950.0,21.09625719461696,21.29846921912098,6.074599216693648,21.0,0,-0.2984692191209817,21.588394346196978,20.5,21.5
2951.0,21.093252863021377,21.34164823097071,6.0731268119421955,21.0,0,-0.3416482309707085,21.773438349467977,20.5,21.5
2952.0,21.09024883781116,21.315000124037304,6.071653589957993,21.0,0,-0.3150001240373044,21.048519054703263,20.5,21.5
2953.0,21.08724511876159,21.380545409729997,6.070179551862965,21.0,0,-0.3805454097299972,22.035998266656925,20.5,21.5
2954.0,21.08424170564821,21.41708048671659,6.068704698779653,21.0,0,-0.41708048671658915,21.78243125658251,20.5,21.5
2955.0,21.081238598246838,21.490318506130503,6.067229031831223,21.0,0,-0.4903185061305031,22.222698700269643,20.5,21.5
2956.0,21.078235796333555,21.512907092072567,6.06575255214146,21.0,0,-0.5129070920725667,21.738792951493203,20.5,21.5
2957.0,21.075233299684715,21.587418664598133,6.0642752608347665,21.0,0,-0.5874186645981325,22.33253438985379,20.5,21.5
2958.0,21.072231108076945,21.48133270795285,6.062797159036165,21.0,1,-0.48133270795284844,20.420473141500008,20.5,21.5
2959.0,21.089229221287138,21.380889787955375,6.061318247871295,21.0,1,-0.3808897879553754,20.376460587980645,20.5,21.5
2960.0,21.106223639092455,21.30998565459947,6.059838528466411,21.0,1,-0.30998565459946903,20.600944321040405,20.5,21.5
2961.0,21.123214362070332,21.29501972728795,6.058358001948381,21.0,1,-0.2950197272879507,21.145360454172767,20.5,21.5
2962.0,21.140201390798307,21.232065447826866,6.056876669444694,21.0,1,-0.23206544782686578,20.602522653216017,20.5,21.5
2963.0,21.157184725854037,21.284018750334685,6.055394532083449,21.0,0,-0.2840187503346847,21.803551775412874,20.5,21.5
2964.0,21.154164367815284,21.358981877639074,6.053911590993355,21.0,0,-0.3589818776390743,22.10861315068297,20.5,21.5
2965.0,21.15114431725992,21.399731685264186,6.05242784730374,21.0,0,-0.3997316852641859,21.807229761515302,20.5,21.5
2966.0,21.14812457396593,21.383851685543505,6.050943302144536,21.0,0,-0.3838516855435046,21.22505168833669,20.5,21.5
2967.0,21.145105137711568,21.439364116517183,6.04945795664629,21.0,0,-0.4393641165171829,21.994488426253966,20.5,21.5
2968.0,21.142086008275353,21.48957003816022,6.047971811940158,21.0,0,-0.4895700381602204,21.991629254590595,20.5,21.5
2969.0,21.139067185436087,21.44949718960525,6.046484869157903,21.0,0,-0.44949718960524976,21.048768704055544,20.5,21.5
2970.0,21.13604866897283,21.414098874087998,6.044997129431897,21.0,0,-0.4140988740879976,21.060115718915476,20.5,21.5
2971.0,21.133030458664923,21.35613935229207,6.043508593895119,21.0,0,-0.3561393522920717,20.776544134332813,20.5,21.5
2972.0,21.13001255429197,21.339157236276016,6.042019263681153,21.0,0,-0.3391572362760158,21.169336076115457,20.5,21.5
2973.0,21.126994955633847,21.323537095324713,6.040529139924188,21.0,0,-0.3235370953247134,21.16733568581169,20.5,21.5
2974.0,21.123977662470704,21.351968742257103,6.039038223759018,21.0,0,-0.3519687422571032,21.636285211581,20.5,21.5
2975.0,21.12096067458296,21.45685191397613,6.037546516321043,21.0,0,-0.4568519139761307,22.505683631166406,20.5,21.5
2976.0,21.117943991751307,21.494387711244524,6.0360540187462615,21.0,0,-0.4943877112445243,21.86974568392846,20.5,21.5
2977.0,21.114927613756706,21.505382950126354,6.034560732171273,21.0,0,-0.5053829501263536,21.615335338944647,20.5,21.5
2978.0,21.11191154038039,21.50387129408241,6.033066657733284,21.0,0,-0.5038712940824084,21.488754733642956,20.5,21.5
2979.0,21.108895771403862,21.46609144372647,6.031571796570095,21.0,0,-0.4660914437264694,21.08829294016708,20.5,21.5
2980.0,21.105880306608896,21.383550759966766,6.030076149820108,21.0,0,-0.38355075996676646,20.558143922369737,20.5,21.5
2981.0,21.10286514577754,21.423168943227314,6.028579718622324,21.0,0,-0.4231689432273136,21.819350775832785,20.5,21.5
2982.0,21.099850288692107,21.329890193565817,6.027082504116341,21.0,1,-0.3298901935658165,20.397102696950846,20.5,21.5
2983.0,21.11683573513519,21.297968303375782,6.025584507442351,21.0,1,-0.2979683033757823,20.97874940147544,20.5,21.5
2984.0,21.13381748488965,21.34134565210023,6.024085729741143,21.0,0,-0.34134565210023027,21.77511913934471,20.5,21.5
2985.0,21.13079553853862,21.396957485488763,6.022586172154105,21.0,0,-0.39695748548876253,21.953075819374085,20.5,21.5
2986.0,21.127773896665342,21.37533704147724,6.021085835823212,21.0,0,-0.37533704147724123,21.15913260136203,20.5,21.5
2987.0,21.124752559053174,21.461970717319854,6.019584721891037,21.0,0,-0.4619707173198542,22.328307475745984,20.5,21.5
2988.0,21.121731525485743,21.495041929777056,6.018082831500743,21.0,0,-0.49504192977705586,21.825754054349073,20.5,21.5
2989.0,21.118710795746946,21.467682551106194,6.016580165796086,21.0,0,-0.4676825511061935,21.19408876439757,20.5,21.5
2990.0,21.115690369620957,21.478169155688835,6.015076725921408,21.0,0,-0.47816915568883545,21.583035201515255,20.5,21.5
2991.0,21.11267024689222,21.303853978475246,6.013572513021648,21.0,1,-0.30385397847524587,19.56070220633935,20.5,21.5
2992.0,21.129650427345442,21.2468508041399,6.012067528242327,21.0,1,-0.2468508041398998,20.67681906078644,20.5,21.5
2993.0,21.146626910765622,21.216001222771446,6.0105617727295595,21.0,1,-0.21600122277144607,20.90750540908691,20.5,21.5
2994.0,21.163599697738015,21.305847660587112,6.009055247630039,21.0,0,-0.3058476605871121,22.204312038743772,20.5,21.5
2995.0,21.160568788847993,21.357632443523904,6.007547954091053,21.0,0,-0.35763244352390444,21.875480272891828,20.5,21.5
2996.0,21.15753818468104,21.54923721472761,6.00603989326047,21.0,0,-0.5492372147276114,23.46528492676468,20.5,21.5
2997.0,21.154507885022756,21.626921838855882,6.004531066286745,21.0,0,-0.6269218388558819,22.403768080138587,20.5,21.5
2998.0,21.15147788965901,21.746225657888246,6.003021474318915,21.0,0,-0.746225657888246,22.939263848211887,20.5,21.5
2999.0,21.14844819837594,21.70702717711267,6.0015111185066,21.0,0,-0.7070271771126713,21.315042369356924,20.5,21.5
3000.0,21.145418810959967,21.551779700745065,6.0,21.0,1,-0.5517797007450653,19.999304937069006,20.5,21.5
3001.0,21.162389727197777,21.52628148097491,5.9984881199499,21.0,1,-0.5262814809749088,21.271299283273343,20.5,21.5
3002.0,21.17935694687633,21.51205959697186,5.996975479507661,21.0,1,-0.5120595969718593,21.369840756941365,20.5,21.5
3003.0,21.196320470582855,21.463349342433467,5.995462079825224,21.0,1,-0.46334934243346737,20.976246797049548,20.5,21.5
3004.0,21.213280298904703,21.40678550927698,5.993947922055111,21.0,1,-0.406785509276979,20.841147177712095,20.5,21.5
3005.0,21.230236432429333,21.49191757576275,5.992433007350417,21.0,0,-0.4919175757627485,22.343238240620444,20.5,21.5
3006.0,21.227188871744318,21.523144082881977,5.990917336864816,21.0,0,-0.5231440828819771,21.835409154074263,20.5,21.5
3007.0,21.224141617437343,21.46451924556803,5.989400911752556,21.0,0,-0.4645192455680309,20.87827087242857,20.5,21.5
3008.0,21.221094669296207,21.389066631179208,5.987883733168462,21.0,0,-0.38906663117920814,20.63454048729098,20.5,21.5
3009.0,21.21804802710898,21.391358367536885,5.986365802267932,21.0,0,-0.3913583675368848,21.41427573111365,20.5,21.5
3010.0,21.215001690664014,21.384411790274964,5.984847120206934,21.0,0,-0.38441179027496375,21.314946017655753,20.5,21.5
3011.0,21.211955659749922,21.393011485272577,5.983327688142014,21.0,0,-0.39301148527257723,21.479008435248712,20.5,21.5
3012.0,21.2089099341556,21.478044477749815,5.981807507230282,21.0,0,-0.4780444777498154,22.328374402522197,20.5,21.5
3013.0,21.205864513670214,21.489069714386492,5.980286578629423,21.0,0,-0.48906971438649194,21.599322080753257,20.5,21.5
3014.0,21.202819398083207,21.55313634145301,5.978764903497693,21.0,0,-0.5531363414530084,22.193802612118173,20.5,21.5
3015.0,21.19977458718429,21.50137545131762,5.97724248299391,21.0,0,-0.501375451317621,20.983766549963747,20.5,21.5
3016.0,21.19673008076345,21.4765019817665,5.975719318277466,21.0,0,-0.47650198176649994,21.22776728625529,20.5,21.5
3017.0,21.193685878610953,21.508585989669413,5.974195410508315,21.0,0,-0.5085859896694132,21.829426068698545,20.5,21.5
3018.0,21.190641980517334,21.5249016010405,5.972670760846981,21.0,0,-0.5249016010405008,21.688057714751377,20.5,21.5
3019.0,21.1875983862734,21.496686306109314,5.9711453704545505,21.0,0,-0.4966863061093143,21.21453335679745,20.5,21.5
3020.0,21.184555095670238,21.54571308767056,5.9696192404926745,21.0,0,-0.5457130876705598,22.035980903283015,20.5,21.5
3021.0,21.181512108499202,21.5352016833577,5.968092372123567,21.0,0,-0.5352016833576982,21.430087640229083,20.5,21.5
3022.0,21.178469424551928,21.493456148784105,5.966564766510006,21.0,0,-0.49345614878410515,21.076000803048174,20.5,21.5
3023.0,21.17542704362032,21.528879711289978,5.9650364248153265,21.0,0,-0.5288797112899779,21.883115336348705,20.5,21.5
3024.0,21.17238496549656,21.542967778430086,5.96350734820343,21.0,0,-0.5429677784300857,21.683848449831164,20.5,21.5
3025.0,21.169343189973098,21.464445775726368,5.961977537838775,21.0,0,-0.464445775726368,20.67922574868919,20.5,21.5
3026.0,21.16630171684267,21.535955548803898,5.960446994886379,21.0,0,-0.5359555488038978,22.251053279579196,20.5,21.5
3027.0,21.16326054589828,21.599595845016488,5.958915720511813,21.0,0,-0.5995958450164878,22.235998807142387,20.5,21.5
3028.0,21.160219676933202,21.587849391103966,5.957383715881214,21.0,0,-0.5878493911039655,21.470384851978743,20.5,21.5
3029.0,21.15717910974099,21.599754938385114,5.955850982161268,21.0,0,-0.5997549383851144,21.718810411196603,20.5,21.5
3030.0,21.154138844115476,21.63634921196884,5.954317520519217,21.0,0,-0.6363492119688416,22.002291947806114,20.5,21.5
3031.0,21.151098879850757,21.571398853373893,5.952783332122862,21.0,0,-0.5713988533738927,20.921895267424404,20.5,21.5
3032.0,21.14805921674121,21.407346123226834,5.951248418140551,21.0,1,-0.4073461232268336,19.766818821756242,20.5,21.5
3033.0,21.16501985458149,21.4141658853398,5.949712779741189,21.0,1,-0.4141658853397985,21.482363506469447,20.5,21.5
3034.0,21.181976793166523,21.376017685371288,5.948176418094232,21.0,1,-0.37601768537128777,20.99453568568618,20.5,21.5
3035.0,21.198930033091507,21.419100231789113,5.946639334369687,21.0,0,-0.4191002317891126,21.84992569596736,20.5,21.5
3036.0,21.195879574951764,21.359250506465525,5.945101529738108,21.0,0,-0.3592505064655249,20.760753253229648,20.5,21.5
3037.0,21.192829419342722,21.443009801877885,5.943563005370602,21.0,0,-0.44300980187788497,22.280602756001485,20.5,21.5
3038.0,21.18977956605993,21.432146269027204,5.94202376243882,21.0,0,-0.43214626902720354,21.32351094052039,20.5,21.5
3039.0,21.186730014899204,21.39643017028255,5.940483802114965,21.0,0,-0.39643017028254945,21.03926918283601,20.5,21.5
3040.0,21.183680765656646,21.440429417235286,5.9389431255717815,21.0,0,-0.4404294172352863,21.880421886762655,20.5,21.5
3041.0,21.180631818128628,21.490747904805534,5.937401733982563,21.0,0,-0.4907479048055343,21.993932780508015,20.5,21.5
3042.0,21.1775831721118,21.435393069233882,5.935859628521148,21.0,0,-0.4353930692338821,20.88184471351736,20.5,21.5
3043.0,21.174534827403082,21.432651281747965,5.934316810361912,21.0,0,-0.4326512817479653,21.405233406888797,20.5,21.5
3044.0,21.171486783799676,21.481365084707022,5.932773280679783,21.0,0,-0.4813650847070221,21.96850311429759,20.5,21.5
3045.0,21.168439041099052,21.38160545704531,5.931229040650223,21.0,1,-0.38160545704531046,20.384009180428194,20.5,21.5
3046.0,21.185391599098963,21.34080856466244,5.929684091449239,21.0,1,-0.3408085646624386,20.93283964083372,20.5,21.5
3047.0,21.202340457597433,21.41195539005021,5.928138434253378,21.0,0,-0.41195539005020976,22.12342364392792,20.5,21.5
3048.0,21.199285617192764,21.42536128558025,5.926592070239725,21.0,0,-0.42536128558025155,21.55942024088067,20.5,21.5
3049.0,21.196231078483372,21.451561439096864,5.9250450005859,21.0,0,-0.45156143909686364,21.713562974262985,20.5,21.5
3050.0,21.193176841267793,21.52742845792773,5.923497226470068,21.0,0,-0.52742845792773,22.286098646236393,20.5,21.5
3051.0,21.190122905344833,21.648689621931975,5.921948749070925,21.0,0,-0.6486896219319753,22.86130126197443,20.5,21.5
3052.0,21.18706927051358,21.634883729155952,5.920399569567704,21.0,0,-0.6348837291559519,21.496824801395718,20.5,21.5
3053.0,21.184015936573388,21.557983586382953,5.918849689140171,21.0,0,-0.557983586382953,20.788982158652964,20.5,21.5
3054.0,21.180962903323902,21.546622690505764,5.91729910896863,21.0,0,-0.5466226905057638,21.433013731733872,20.5,21.5
3055.0,21.17791017056503,21.55177823571548,5.915747830233914,21.0,0,-0.5517782357154815,21.603333687812658,20.5,21.5
3056.0,21.174857738096964,21.471983916599413,5.914195854117388,21.0,0,-0.4719839165994131,20.67404072543873,20.5,21.5
3057.0,21.17180560572017,21.418882594602575,5.912643181800951,21.0,0,-0.41888259460257515,20.887869374634196,20.5,21.5
3058.0,21.168753773235387,21.426338173628572,5.911089814467031,21.0,0,-0.4263381736285723,21.500893963888544,20.5,21.5
3059.0,21.165702240443633,21.37942815066297,5.909535753298584,21.0,0,-0.37942815066297086,20.910327921006957,20.5,21.5
3060.0,21.162651007146202,21.359564441641812,5.9079809994790935,21.0,0,-0.3595644416418118,21.16092735143022,20.5,21.5
3061.0,21.15960007314467,21.378876102178285,5.906425554192575,21.0,0,-0.3788761021782854,21.57199270754302,20.5,21.5
3062.0,21.15654943824088,21.409190523369606,5.904869418623566,21.0,0,-0.40919052336960604,21.712334735282813,20.5,21.5
3063.0,21.153499102236957,21.487286894876554,5.903312593957131,21.0,0,-0.4872868948765543,22.268250609946037,20.5,21.5
3064.0,21.1504490649353,21.519569116526938,5.901755081378862,21.0,0,-0.519569116526938,21.842391333030776,20.5,21.5
3065.0,21.14739932613859,21.50928948475567,5.900196882074871,21.0,0,-0.5092894847556693,21.40649316704298,20.5,21.5
3066.0,21.144349885649778,21.445458646680812,5.898637997231793,21.0,0,-0.44545864668081236,20.807150265932243,20.5,21.5
3067.0,21.141300743272094,21.478590802200646,5.89707842803679,21.0,0,-0.478590802200646,21.809912357398982,20.5,21.5
3068.0,21.138251898809045,21.416747352454728,5.895518175677539,21.0,0,-0.4167473524547276,20.798312854995544,20.5,21.5
3069.0,21.13520335206442,21.446939925921143,5.893957241342242,21.0,0,-0.44693992592114284,21.748865660585295,20.5,21.5
3070.0,21.132155102842276,21.437047992608058,5.892395626219618,21.0,0,-0.4370479926080577,21.338128659477206,20.5,21.5
3071.0,21.12910715094695,21.44822488917892,5.890833331498904,21.0,0,-0.44822488917892045,21.559993854887548,20.5,21.5
3072.0,21.12605949618306,21.457043393513512,5.889270358369855,21.0,0,-0.4570433935135121,21.54522843685943,20.5,21.5
3073.0,21.1230121383555,21.390087014358397,5.887706708022744,21.0,0,-0.39008701435839654,20.72052322280724,20.5,21.5
3074.0,21.11996507726943,21.434151774674213,5.88614238164836,21.0,0,-0.43415177467421273,21.874799377832375,20.5,21.5
3075.0,21.116918312730306,21.44253341711167,5.884577380438003,21.0,0,-0.4425334171116688,21.52634984148623,20.5,21.5
3076.0,21.113871844543848,21.450588581198907,5.88301170558349,21.0,0,-0.45058858119890743,21.531140222071294,20.5,21.5
3077.0,21.110825672516057,21.41043165044983,5.881445358277153,21.0,0,-0.41043165044983,21.008862342959056,20.5,21.5
3078.0,21.107779796453208,21.481378763322493,5.879878339711831,21.0,0,-0.48137876332249263,22.19084989204912,20.5,21.5
3079.0,21.10473421616186,21.363388164144578,5.878310651080876,21.0,1,-0.36338816414457753,20.183482172365427,20.5,21.5
3080.0,21.121688931448844,21.368621958200656,5.876742293578155,21.0,1,-0.3686219582006558,21.42095989876144,20.5,21.5
3081.0,21.13863994212127,21.415755857020095,5.875173268398038,21.0,0,-0.41575585702009477,21.887094845214484,20.5,21.5
3082.0,21.135587248786525,21.395289800579278,5.873603576735405,21.0,0,-0.39528980057927754,21.190629236171105,20.5,21.5
3083.0,21.132534852052114,21.473740984363275,5.872033219785646,21.0,0,-0.4737409843632747,22.258252822203247,20.5,21.5
3084.0,21.12948275172566,21.467673355345497,5.870462198744655,21.0,0,-0.4676733553454966,21.406997065167715,20.5,21.5
3085.0,21.126430947615063,21.388591025512874,5.868890514808834,21.0,0,-0.3885910255128735,20.597767727186643,20.5,21.5
3086.0,21.123379439528502,21.31119052493785,5.867318169175089,21.0,0,-0.3111905249378495,20.53718551918761,20.5,21.5
3087.0,21.12032822727443,21.350604048078505,5.865745163040828,21.0,0,-0.3506040480785053,21.744739279485064,20.5,21.5
3088.0,21.117277310661585,21.310630056558587,5.864171497603965,21.0,0,-0.3106300565585869,20.910890141359403,20.5,21.5
3089.0,21.114226689498974,21.435508657908432,5.8625971740629135,21.0,0,-0.4355086579084322,22.684294671406885,20.5,21.5
3090.0,21.111176363595888,21.510516892406635,5.8610221936165905,21.0,0,-0.5105168924066348,22.26059923738866,20.5,21.5
3091.0,21.10812633276189,21.54144469500098,5.859446557464411,21.0,0,-0.5414446950009797,21.85072272094443,20.5,21.5
3092.0,21.105076596806832,21.524707978636027,5.857870266806293,21.0,0,-0.5247079786360267,21.357340814986497,20.5,21.5
3093.0,21.10202715554083,21.475272089595272,5.856293322842646,21.0,0,-0.475272089595272,20.980913199187725,20.5,21.5
3094.0,21.098978008774292,21.323388362154,5.854715726774385,21.0,1,-0.3233883621539988,19.804551087741267,20.5,21.5
3095.0,21.115929156317893,21.312370079210353,5.853137479802917,21.0,1,-0.3123700792103534,21.2021872497739,20.5,21.5
3096.0,21.13287659798259,21.342206485861134,5.851558583130145,21.0,0,-0.34220648586113356,21.640570552368935,20.5,21.5
3097.0,21.12982033437962,21.395270810226872,5.8499790379584695,21.0,0,-0.39527081022687227,21.92591405388426,20.5,21.5
3098.0,21.126764366120334,21.390279859892534,5.848398845490781,21.0,0,-0.39027985989253366,21.340370356549148,20.5,21.5
3099.0,21.12370869301621,21.53347535781817,5.846818006930464,21.0,0,-0.533475357818169,22.965430337074523,20.5,21.5
3100.0,21.120653314878993,21.576235189831415,5.8452365234813985,21.0,0,-0.5762351898314151,22.003833509963876,20.5,21.5
3101.0,21.117598231520713,21.52692960128087,5.843654396347952,21.0,0,-0.5269296012808695,21.033873715775414,20.5,21.5
3102.0,21.11454344275368,21.49104245910114,5.842071626734981,21.0,0,-0.4910424591011413,21.13217103730386,20.5,21.5
3103.0,21.111488948390473,21.510380970851692,5.840488215847838,21.0,0,-0.510380970851692,21.7037660883572,20.5,21.5
3104.0,21.108434748243965,21.397865998488392,5.838904164892355,21.0,1,-0.3978659984883919,20.27271627485539,20.5,21.5
3105.0,21.125380842127296,21.39183377240571,5.837319475074857,21.0,1,-0.39183377240571104,21.331511511578903,20.5,21.5
3106.0,21.142323229853886,21.464368930559004,5.835734147602153,21.0,0,-0.4643689305590044,22.189720512091938,20.5,21.5
3107.0,21.139261912037437,21.425093565372116,5.834148183681542,21.0,0,-0.42509356537211573,21.03233991350323,20.5,21.5
3108.0,21.136200889291764,21.47979366773444,5.832561584520803,21.0,0,-0.479793667734441,22.026794691357694,20.5,21.5
3109.0,21.13314016143081,21.56969470915675,5.830974351328199,21.0,0,-0.5696947091567495,22.468705123379834,20.5,21.5
3110.0,21.13007972826879,21.61481895208381,5.829386485312479,21.0,0,-0.6148189520838088,22.0660613813544,20.5,21.5
3111.0,21.127019589620197,21.535619601359556,5.82779798768287,21.0,0,-0.5356196013595564,20.743626094117033,20.5,21.5
3112.0,21.12395974529981,21.533080694867884,5.826208859649083,21.0,0,-0.5330806948678841,21.50769162995116,20.5,21.5
3113.0,21.12090019512268,21.539633470429617,5.82461910242131,21.0,0,-0.5396334704296173,21.60516122604695,20.5,21.5
3114.0,21.117840938904138,21.51506096651782,5.823028717210218,21.0,0,-0.5150609665178187,21.269335927399833,20.5,21.5
3115.0,21.1147819764598,21.41126044573839,5.821437705226955,21.0,1,-0.4112604457383888,20.37325523794409,20.5,21.5
3116.0,21.13172330760555,21.38685196226836,5.819846067683145,21.0,1,-0.3868519622683593,21.142767127568064,20.5,21.5
3117.0,21.148660932157565,21.39427967646672,5.818253805790892,21.0,1,-0.39427967646672,21.468556818450327,20.5,21.5
3118.0,21.16559485073229,21.373801036904126,5.81666092076277,21.0,1,-0.37380103690412625,21.16901464127819,20.5,21.5
3119.0,21.182525063946297,21.41727609782465,5.815067413811832,21.0,0,-0.4172760978246508,21.852026707029896,20.5,21.5
3120.0,21.17945157241627,21.463251787146113,5.813473286151601,21.0,0,-0.46325178714611326,21.923008680360738,20.5,21.5
3121.0,21.176378376759015,21.5459481964025,5.811878538996076,21.0,0,-0.5459481964024988,22.372912288966354,20.5,21.5
3122.0,21.173305476791462,21.569945315402464,5.810283173559725,21.0,0,-0.5699453154024638,21.809916505402114,20.5,21.5
3123.0,21.170232872330818,21.509919629611577,5.80868719105749,21.0,0,-0.5099196296115771,20.90966277170271,20.5,21.5
3124.0,21.167160563194564,21.454114070207957,5.80709059270478,21.0,0,-0.45411407020795735,20.89605847617176,20.5,21.5
3125.0,21.164088549200464,21.44570967725402,5.805493379717475,21.0,0,-0.445709677254019,21.361665747714635,20.5,21.5
3126.0,21.161016830166567,21.496242639455446,5.8038955533119205,21.0,0,-0.49624263945544556,22.00157226146971,20.5,21.5
3127.0,21.157945405911196,21.509459103076217,5.802297114704932,21.0,0,-0.5094591030762174,21.641623739283936,20.5,21.5
3128.0,21.154874276252954,21.497265735760596,5.80069806511379,21.0,0,-0.4972657357605961,21.375332062604382,20.5,21.5
3129.0,21.151803441010728,21.529143636601127,5.79909840575624,21.0,0,-0.5291436366011268,21.847922645006435,20.5,21.5
3130.0,21.148732900003676,21.46933915855809,5.797498137850493,21.0,0,-0.46933915855808905,20.87129437812771,20.5,21.5
3131.0,21.145662653051247,21.3883148970425,5.795897262615221,21.0,0,-0.38831489704249833,20.57807228188659,20.5,21.5
3132.0,21.14259269997316,21.302818077530148,5.794295781269561,21.0,1,-0.3028180775301479,20.447849882406643,20.5,21.5
3133.0,21.15952304058942,21.32532200156836,5.792693695033112,21.0,0,-0.32532200156835955,21.550361241950476,20.5,21.5
3134.0,21.15644967472031,21.24610514450343,5.79109100512593,21.0,1,-0.24610514450343146,20.45393657385415,20.5,21.5
3135.0,21.17337660298639,21.269776256086665,5.789487712768534,21.0,0,-0.269776256086665,21.506487371919,20.5,21.5
3136.0,21.170299825208346,21.339574161100938,5.787883819181903,21.0,0,-0.33957416110093774,22.037553211243665,20.5,21.5
3137.0,21.16722334200714,21.44967658822538,5.7862793255874685,21.0,0,-0.4496765882253797,22.5507008594698,20.5,21.5
3138.0,21.164147153203857,21.47014148475219,5.784674233207123,21.0,0,-0.4701414847521903,21.674790450020296,20.5,21.5
3139.0,21.161071258619856,21.531397274678763,5.783068543263215,21.0,0,-0.5313972746787634,22.143955173944494,20.5,21.5
3140.0,21.157995658076786,21.516288891719768,5.781462256978547,21.0,0,-0.5162888917197677,21.36520506212981,20.5,21.5
3141.0,21.154920351396566,21.47826204354625,5.7798553755763775,21.0,0,-0.47826204354624835,21.097993561811055,20.5,21.5
3142.0,21.1518453384014,21.446105226850953,5.778247900280412,21.0,0,-0.44610522685095333,21.124537059898003,20.5,21.5
3143.0,21.148770618913776,21.469187004319988,5.776639832314818,21.0,0,-0.4691870043199877,21.70000477901033,20.5,21.5
3144.0,21.145696192756457,21.442739309992675,5.775031172904207,21.0,0,-0.44273930999267463,21.178262366719544,20.5,21.5
3145.0,21.142622059752487,21.557710134653185,5.773421923273641,21.0,0,-0.5577101346531848,22.707418381258286,20.5,21.5
3146.0,21.139548219725192,21.562306144723472,5.771812084648637,21.0,0,-0.5623061447234718,21.608266245426343,20.5,21.5
3147.0,21.136474672498178,21.59526921390805,5.770201658255157,21.0,0,-0.5952692139080504,21.924899905753836,20.5,21.5
3148.0,21.133401417895328,21.540069246182572,5.768590645319607,21.0,0,-0.540069246182572,20.988069568927788,20.5,21.5
3149.0,21.130328455740813,21.544768268017005,5.766979047068848,21.0,0,-0.5447682680170054,21.59175848636134,20.5,21.5
3150.0,21.127255785859077,21.522285576703318,5.76536686473018,21.0,0,-0.5222855767033181,21.297458663566445,20.5,21.5
3151.0,21.124183408074853,21.53348292517726,5.763754099531349,21.0,0,-0.5334829251772604,21.645456409916683,20.5,21.5
3152.0,21.121111322213142,21.503084795309952,5.762140752700549,21.0,0,-0.5030847953099524,21.199103496636873,20.5,21.5
3153.0,21.11803952809924,21.56468970405478,5.76052682546641,21.0,0,-0.5646897040547785,22.18073879150304,20.5,21.5
3154.0,21.114968025558714,21.53754546841885,5.758912319058011,21.0,0,-0.5375454684188483,21.266103112059547,20.5,21.5
3155.0,21.111896814417413,21.440081292296213,5.757297234704866,21.0,1,-0.4400812922962132,20.465439531069862,20.5,21.5
3156.0,21.12882589450147,21.39396907802386,5.7556815736369344,21.0,1,-0.3939690780238614,20.932846935300343,20.5,21.5
3157.0,21.145751265637298,21.367118137917828,5.7540653370846115,21.0,1,-0.3671181379178279,21.098608736857493,20.5,21.5
3158.0,21.162672928451588,21.337777804121885,5.752448526278731,21.0,1,-0.33777780412188463,21.044374466162452,20.5,21.5
3159.0,21.179590883571155,21.39443233413018,5.750831142450567,21.0,0,-0.39443233413017964,21.96097763421313,20.5,21.5
3160.0,21.176505131622932,21.373986306143284,5.749213186831825,21.0,0,-0.37398630614328354,21.169526026274323,20.5,21.5
3161.0,21.173419673233973,21.359498633867908,5.747594660654649,21.0,0,-0.3594986338679078,21.21462191111415,20.5,21.5
3162.0,21.170334508231456,21.3916010673178,5.745975565151618,21.0,0,-0.39160106731780076,21.71262540181673,20.5,21.5
3163.0,21.16724963644284,21.425983719240904,5.744355901555744,21.0,0,-0.4259837192409037,21.769810238471933,20.5,21.5
3164.0,21.16416505769586,21.412176340059112,5.742735671100471,21.0,0,-0.4121763400591121,21.274102548241196,20.5,21.5
3165.0,21.161080771818543,21.486624427432325,5.741114875019672,21.0,0,-0.48662442743232504,22.231105301164455,20.5,21.5
3166.0,21.157996778639184,21.4391098365365,5.739493514547659,21.0,0,-0.43910983653649893,20.963963927578238,20.5,21.5
3167.0,21.154913077986365,21.43771535057855,5.737871590919164,21.0,0,-0.43771535057855004,21.42377049099906,20.5,21.5
3168.0,21.15182966968895,21.401340015540484,5.736249105369356,21.0,0,-0.4013400155404838,21.03758666515982,20.5,21.5
3169.0,21.148746553576085,21.334816162081218,5.734626059133826,21.0,0,-0.3348161620812178,20.669577627488557,20.5,21.5
3170.0,21.145663729477196,21.337877061412634,5.733002453448595,21.0,0,-0.33787706141263385,21.368486054726795,20.5,21.5
3171.0,21.14258119722199,21.38065173829116,5.731378289550109,21.0,0,-0.38065173829116006,21.808398507076422,20.5,21.5
3172.0,21.139498956640455,21.46928665601954,5.729753568675239,21.0,0,-0.4692866560195412,22.355635833303353,20.5,21.5
3173.0,21.136417007562862,21.48396601149816,5.728128292061283,21.0,0,-0.4839660114981612,21.63075956628436,20.5,21.5
3174.0,21.133335349819763,21.472906162474608,5.726502460945958,21.0,0,-0.47290616247460804,21.362307672239076,20.5,21.5
3175.0,21.13025398324199,21.464145124903574,5.724876076567403,21.0,0,-0.46414512490357396,21.376534749193233,20.5,21.5
3176.0,21.127172907660654,21.569353152156,5.723249140164185,21.0,0,-0.5693531521560011,22.621433424680273,20.5,21.5
3177.0,21.124092122907154,21.506459600536147,5.721621652975284,21.0,0,-0.5064596005361466,20.8775240843376,20.5,21.5
3178.0,21.121011628813168,21.556102812679605,5.719993616240102,21.0,0,-0.5561028126796046,22.052534934114185,20.5,21.5
3179.0,21.117931425210653,21.646299908348002,5.718365031198462,21.0,0,-0.6462999083480021,22.548270865031977,20.5,21.5
3180.0,21.11485151193185,21.649025874334193,5.716735899090601,21.0,0,-0.6490258743341926,21.676285534196097,20.5,21.5
3181.0,21.111771888809283,21.58368446167154,5.715106221157173,21.0,0,-0.5836844616715418,20.930270335045034,20.5,21.5
3182.0,21.108692555675752,21.581360478521667,5.71347599863925,21.0,0,-0.5813604785216668,21.558120647022918,20.5,21.5
3183.0,21.105613512364346,21.54266431876769,5.711845232778318,21.0,0,-0.5426643187676916,21.15570272122794,20.5,21.5
3184.0,21.10253475870843,21.469703011795097,5.710213924816274,21.0,0,-0.4697030117950973,20.740089942069154,20.5,21.5
3185.0,21.09945629454165,21.43580468326494,5.708582075995432,21.0,0,-0.4358046832649407,21.096821397963375,20.5,21.5
3186.0,21.096378119697942,21.380404782499213,5.706949687558515,21.0,0,-0.3804047824992125,20.82640577484193,20.5,21.5
3187.0,21.093300234011515,21.19730614495893,5.705316760748657,21.0,1,-0.1973061449589295,19.3663197695561,20.5,21.5
3188.0,21.110222637316863,21.126124094417108,5.703683296809404,21.0,1,-0.1261240944171078,20.41430358899889,20.5,21.5
3189.0,21.12714132944876,21.15758653579831,5.702049296984709,21.0,1,-0.15758653579830906,21.47221094961032,20.5,21.5
3190.0,21.14405631104227,21.12721113521328,5.700414762518935,21.0,1,-0.12721113521327965,20.823457129362986,20.5,21.5
3191.0,21.160967582732564,21.226853842054858,5.69877969465685,21.0,0,-0.22685384205485803,22.223280910470642,20.5,21.5
3192.0,21.15787514515495,21.33198017378743,5.6971440946436305,21.0,0,-0.3319801737874286,22.383243491113134,20.5,21.5
3193.0,21.15478299894485,21.351598351780897,5.6955079637248565,21.0,0,-0.35159835178089693,21.54778013171558,20.5,21.5
3194.0,21.151691143937807,21.35963244802321,5.693871303146511,21.0,0,-0.35963244802320915,21.43997341044633,20.5,21.5
3195.0,21.14859957996965,21.380799921360616,5.692234114154986,21.0,0,-0.3807999213606159,21.592474654734684,20.5,21.5
3196.0,21.145508306876486,21.38219086483287,5.69059639799707,21.0,0,-0.38219086483287157,21.396100299555428,20.5,21.5
3197.0,21.142417324494712,21.414171096136634,5.688958155919955,21.0,0,-0.4141710961366343,21.73397340917426,20.5,21.5
3198.0,21.139326632660996,21.526015360540008,5.687319389171233,21.0,0,-0.5260153605400077,22.644458004573742,20.5,21.5
3199.0,21.136236231212298,21.532596481266374,5.685680098998897,21.0,0,-0.5325964812663742,21.59840768853004,20.5,21.5
3200.0,21.133146119985856,21.571372855878334,5.684040286651338,21.0,0,-0.5713728558783338,21.95913660199793,20.5,21.5
3201.0,21.130056298819188,21.514621861698316,5.6823999533773435,21.0,0,-0.5146218616983163,20.94711191989814,20.5,21.5
3202.0,21.1269667675501,21.487849997243796,5.6807591004261,21.0,0,-0.48784999724379574,21.22013135269859,20.5,21.5
3203.0,21.123877526016678,21.35088206711229,5.679117729047189,21.0,1,-0.3508820671122912,19.981202765797246,20.5,21.5
3204.0,21.140788574057282,21.343246601065523,5.677475840490582,21.0,1,-0.3432466010655233,21.266891940597844,20.5,21.5
3205.0,21.15769591151057,21.430828677969462,5.675833436006654,21.0,0,-0.4308286779694619,22.306649447008848,20.5,21.5
3206.0,21.154599539015468,21.423545221924904,5.674190516846164,21.0,0,-0.42354522192490407,21.350710661479326,20.5,21.5
3207.0,21.151503457211035,21.465790359939913,5.672547084260269,21.0,0,-0.4657903599399127,21.88824174009,20.5,21.5
3208.0,21.148407665936446,21.536252641143356,5.67090313950051,21.0,0,-0.5362526411433564,22.240875453177793,20.5,21.5
3209.0,21.145312165031157,21.503446094466355,5.669258683818827,21.0,0,-0.503446094466355,21.17538062769634,20.5,21.5
3210.0,21.142216954334916,21.403992357744812,5.667613718467543,21.0,1,-0.4039923577448121,20.409454990529383,20.5,21.5
3211.0,21.159122033687744,21.373830458542123,5.665968244699369,21.0,1,-0.37383045854212327,21.072211466515235,20.5,21.5
3212.0,21.176023402929946,21.4263246761309,5.664322263767406,21.0,0,-0.42632467613089986,21.951266852018666,20.5,21.5
3213.0,21.172921062702112,21.4427499455093,5.662675776925143,21.0,0,-0.44274994550929847,21.607002639293285,20.5,21.5
3214.0,21.169819013644958,21.5849536031065,5.6610287854264465,21.0,0,-0.5849536031064986,23.0069901790785,20.5,21.5
3215.0,21.166717255599313,21.564334211681068,5.659381290525575,21.0,0,-0.5643342116810679,21.35814029742676,20.5,21.5
3216.0,21.163615788406297,21.67411506607983,5.6577332934771665,21.0,0,-0.6741150660798283,22.771923610067432,20.5,21.5
3217.0,21.16051461190731,21.630487634702174,5.656084795536243,21.0,0,-0.630487634702174,21.19421332092563,20.5,21.5
3218.0,21.157413725944036,21.554985897813346,5.654435797958208,21.0,0,-0.5549858978133457,20.799968528925064,20.5,21.5
3219.0,21.15431313035844,21.440384531240035,5.6527863019988445,21.0,1,-0.44038453124003496,20.294370865506927,20.5,21.5
3220.0,21.171212824992768,21.449023523721845,5.651136308914314,21.0,0,-0.44902352372184495,21.535413448539945,20.5,21.5
3221.0,21.168108809689553,21.405718793567083,5.649485819961159,21.0,0,-0.4057187935670825,20.972671492019458,20.5,21.5
3222.0,21.165005085091607,21.335200569685867,5.647834836396299,21.0,0,-0.33520056968586687,20.63001833087371,20.5,21.5
3223.0,21.16190165104187,21.41376279789842,5.64618335947703,21.0,0,-0.4137627978984213,22.199385080023966,20.5,21.5
3224.0,21.15879850738356,21.457731205780963,5.644531390461022,21.0,0,-0.4577312057809628,21.897415284606378,20.5,21.5
3225.0,21.155695653960173,21.378843036695347,5.642878930606323,21.0,0,-0.378843036695347,20.58996134583919,20.5,21.5
3226.0,21.1525930906155,21.37259276653366,5.6412259811713525,21.0,0,-0.3725927665336606,21.310090064916796,20.5,21.5
3227.0,21.149490817193612,21.41270404196614,5.639572543414903,21.0,0,-0.4127040419661405,21.81381679629094,20.5,21.5
3228.0,21.146388833538857,21.375077146538093,5.63791861859614,21.0,0,-0.3750771465380929,20.998808192257616,20.5,21.5
3229.0,21.143287139495868,21.317305244548294,5.636264207974599,21.0,0,-0.3173052445482938,20.739586224650303,20.5,21.5
3230.0,21.140185734909565,21.34857200064136,5.634609312810185,21.0,0,-0.3485720006413615,21.66123956157204,20.5,21.5
3231.0,21.137084619625146,21.36928564623636,5.632953934363172,21.0,0,-0.36928564623636007,21.576422102186346,20.5,21.5
3232.0,21.133983793488092,21.36042580357243,5.631298073894206,21.0,0,-0.36042580357242926,21.27182737693312,20.5,21.5
3233.0,21.130883256344173,21.296588956257093,5.629641732664292,21.0,0,-0.2965889562570929,20.65822048310373,20.5,21.5
3234.0,21.127783008039437,21.325148526806522,5.627984911934809,21.0,0,-0.3251485268065224,21.610744232300817,20.5,21.5
3235.0,21.124683048420216,21.401204285629397,5.6263276129675,21.0,0,-0.40120428562939736,22.161761873858147,20.5,21.5
3236.0,21.121583377333124,21.416665328477222,5.624669837024466,21.0,0,-0.4166653284772224,21.571275756955473,20.5,21.5
3237.0,21.118483994625063,21.486432414704893,5.623011585368176,21.0,0,-0.4864324147048933,22.184103276981602,20.5,21.5
3238.0,21.115384900143212,21.54948780583343,5.621352859261464,21.0,0,-0.5494878058334294,22.18004171711879,20.5,21.5
3239.0,21.112286093735037,21.572221295267713,5.619693659967519,21.0,0,-0.5722212952677133,21.799556189610552,20.5,21.5
3240.0,21.109187575248285,21.534989710943954,5.618033988749896,21.0,0,-0.5349897109439539,21.16267386770636,20.5,21.5
3241.0,21.106089344530986,21.41302627311178,5.616373846872504,21.0,1,-0.41302627311177886,20.19339189479003,20.5,21.5
3242.0,21.122991401431452,21.333116262240953,5.6147132355996145,21.0,1,-0.3331162622409529,20.534016153532693,20.5,21.5
3243.0,21.139889745798286,21.33343174865852,5.613052156195856,21.0,1,-0.3334317486585192,21.336586612834182,20.5,21.5
3244.0,21.156784378280364,21.275904258094876,5.611390609926211,21.0,1,-0.27590425809487584,20.700629352458442,20.5,21.5
3245.0,21.173675299526693,21.350353025232124,5.609728598056021,21.0,0,-0.3503530252321241,22.094840696604606,20.5,21.5
3246.0,21.1705625101864,21.45183448381962,5.608066121850982,21.0,0,-0.45183448381962066,22.466649069694586,20.5,21.5
3247.0,21.167450010908734,21.607968171813752,5.606403182577136,21.0,0,-0.6079681718137522,23.169305051755067,20.5,21.5
3248.0,21.164337801543066,21.59676668391378,5.604739781500889,21.0,0,-0.5967666839137813,21.484751804914072,20.5,21.5
3249.0,21.161225881939057,21.67097515394561,5.603075919888992,21.0,0,-0.6709751539456086,22.41305985426388,20.5,21.5
3250.0,21.158114251946646,21.602929531685263,5.601411599008546,21.0,0,-0.6029295316852625,20.922473309081802,20.5,21.5
3251.0,21.15500291141606,21.53407935802965,5.599746820127007,21.0,0,-0.5340793580296506,20.84557762147353,20.5,21.5
3252.0,21.1518918601978,21.369185508008222,5.598081584512174,21.0,1,-0.36918550800822203,19.720247007793937,20.5,21.5
3253.0,21.168781098142663,21.425488300313912,5.596415893432197,21.0,0,-0.42548830031391205,21.988516223370812,20.5,21.5
3254.0,21.16566662510172,21.41075547569607,5.5947497481555715,21.0,0,-0.41075547569607096,21.26342722951766,20.5,21.5
3255.0,21.162552441726334,21.369009701607666,5.593083149951142,21.0,0,-0.36900970160766633,20.95155196072362,20.5,21.5
3256.0,21.15943854786798,21.439322278634332,5.591416100088093,21.0,0,-0.43932227863433226,22.14244804890099,20.5,21.5
3257.0,21.156324943378422,21.487449646711617,5.589748599835958,21.0,0,-0.4874496467116174,21.96872332748447,20.5,21.5
3258.0,21.153211628109712,21.482798930802232,5.588080650464608,21.0,0,-0.48279893080223246,21.436291771708383,20.5,21.5
3259.0,21.150098601914184,21.47781370614597,5.586412253244261,21.0,0,-0.4778137061459695,21.42796145958334,20.5,21.5
3260.0,21.14698586464445,21.536327079503526,5.5847434094454735,21.0,0,-0.5363270795035255,22.121460813079086,20.5,21.5
3261.0,21.143873416153408,21.493400250570453,5.583074120339143,21.0,0,-0.49340025057045267,21.064131961239724,20.5,21.5
3262.0,21.140761256294244,21.396290500320095,5.581404387196506,21.0,1,-0.39629050032009516,20.42519299781652,20.5,21.5
3263.0,21.157649384920425,21.354360296377244,5.579734211289136,21.0,1,-0.3543602963772443,20.935058256948736,20.5,21.5
3264.0,21.174533801885698,21.40967484222685,5.578063593888944,21.0,0,-0.409674842226849,21.962820300722896,20.5,21.5
3265.0,21.171414507844098,21.358556541964838,5.5763925362681785,21.0,0,-0.35855654196483755,20.847373539344723,20.5,21.5
3266.0,21.168295503449784,21.404837961744082,5.5747210396994245,21.0,0,-0.40483796174408226,21.86765215953653,20.5,21.5
3267.0,21.165176788557034,21.488425077467,5.573049105455596,21.0,0,-0.48842507746699937,22.32429623469617,20.5,21.5
3268.0,21.162058363020414,21.511768265534208,5.571376734809948,21.0,0,-0.511768265534208,21.745200146206294,20.5,21.5
3269.0,21.15894022669477,21.444519931709458,5.569703929036059,21.0,0,-0.4445199317094577,20.772036593461955,20.5,21.5
3270.0,21.15582237943524,21.480234024779147,5.568030689407845,21.0,0,-0.480234024779147,21.83737495547604,20.5,21.5
3271.0,21.152704821097235,21.426675915379242,5.566357017199552,21.0,0,-0.4266759153792421,20.891094821380193,20.5,21.5
3272.0,21.149587551536456,21.42610169994365,5.564682913685753,21.0,0,-0.42610169994365066,21.420359545587736,20.5,21.5
3273.0,21.146470570608887,21.43311471685302,5.563008380141352,21.0,0,-0.4331147168530194,21.503244885946707,20.5,21.5
3274.0,21.143353878170792,21.41257578137321,5.561333417841576,21.0,0,-0.41257578137321005,21.207186426575117,20.5,21.5
3275.0,21.140237474078727,21.430894402036525,5.5596580280619845,21.0,0,-0.4308944020365253,21.614080608669678,20.5,21.5
3276.0,21.137121358189525,21.50006220537005,5.557982212078459,21.0,0,-0.5000622053700496,22.191740238705293,20.5,21.5
3277.0,21.1340055303603,21.51988350055193,5.556305971167205,21.0,0,-0.5198835005519307,21.71809645237074,20.5,21.5
3278.0,21.130889990448463,21.491558432112573,5.554629306604755,21.0,0,-0.4915584321125728,21.208307747718994,20.5,21.5
3279.0,21.127774738311693,21.446667840012015,5.552952219667962,21.0,0,-0.4466678400120152,20.99776191900644,20.5,21.5
3280.0,21.124659773807963,21.488878398268533,5.551274711633998,21.0,0,-0.4888783982685325,21.910983980833706,20.5,21.5
3281.0,21.12154509679553,21.40665824155911,5.549596783780362,21.0,0,-0.4066582415591107,20.584456674464892,20.5,21.5
3282.0,21.118430707132926,21.35210152553528,5.547918437384865,21.0,0,-0.3521015255352786,20.806534365296958,20.5,21.5
3283.0,21.115316604678977,21.36747531790889,5.546239673725643,21.0,0,-0.367475317908891,21.521213241645015,20.5,21.5
3284.0,21.112202789292787,21.46148470378522,5.544560494081149,21.0,0,-0.4614847037852208,22.40157856254852,20.5,21.5
3285.0,21.109089260833745,21.47235782583247,5.542880899730149,21.0,0,-0.47235782583247143,21.581089046304978,20.5,21.5
3286.0,21.105976019161524,21.485486473022924,5.541200891951728,21.0,0,-0.4854864730229238,21.616772944927447,20.5,21.5
3287.0,21.10286306413608,21.502288955709215,5.539520472025284,21.0,0,-0.502288955709215,21.670313782572126,20.5,21.5
3288.0,21.099750395617658,21.393208418187907,5.537839641230532,21.0,1,-0.39320841818790697,20.302403042974827,20.5,21.5
3289.0,21.11663801346678,21.412708830673743,5.536158400847496,21.0,0,-0.4127088306737434,21.607712955532108,20.5,21.5
3290.0,21.113521917544254,21.266639151357538,5.534476752156514,21.0,1,-0.2666391513575377,19.80594235819548,20.5,21.5
3291.0,21.130406108511178,21.295231148525147,5.532794696438235,21.0,0,-0.2952311485251471,21.58115112020124,20.5,21.5
3292.0,21.127286586228763,21.268577766742506,5.531112234973618,21.0,0,-0.26857776674250644,21.0020439489161,20.5,21.5
3293.0,21.124167351358512,21.328132393527692,5.529429369043929,21.0,0,-0.3281323935276923,21.92367866137955,20.5,21.5
3294.0,21.12104840376205,21.234120462679055,5.527746099930746,21.0,1,-0.23412046267905495,20.29400115419268,20.5,21.5
3295.0,21.13792974330128,21.29738691095057,5.52606242891595,21.0,0,-0.29738691095057135,21.930051393665735,20.5,21.5
3296.0,21.134807369838406,21.205138655144726,5.52437835728173,21.0,1,-0.20513865514472585,20.28265609708627,20.5,21.5
3297.0,21.151685284035896,21.171561570615857,5.522693886310579,21.0,1,-0.1715615706158573,20.835790725327172,20.5,21.5
3298.0,21.16855948575635,21.152416178140157,5.521009017285297,21.0,1,-0.1524161781401574,20.96096225338316,20.5,21.5
3299.0,21.185429975662657,21.193926921284593,5.519323751488983,21.0,0,-0.19392692128459288,21.609034352728948,20.5,21.5
3300.0,21.182296754417823,21.29389582452155,5.5176380902050415,21.0,0,-0.29389582452154883,22.29358485689111,20.5,21.5
3301.0,21.17916382268498,21.372482542629616,5.515952034717177,21.0,0,-0.37248254262961566,22.158349723710284,20.5,21.5
3302.0,21.17603118032739,21.460597525945353,5.514265586309393,21.0,0,-0.46059752594535297,22.341747359102726,20.5,21.5
3303.0,21.172898827208584,21.52569860438647,5.512578746265993,21.0,0,-0.52569860438647,22.17670938879764,20.5,21.5
3304.0,21.169766763192396,21.535107576447192,5.510891515871581,21.0,0,-0.5351075764471922,21.629197297054414,20.5,21.5
3305.0,21.16663498814293,21.465927404358307,5.509203896411055,21.0,0,-0.4659274043583075,20.77412568346946,20.5,21.5
3306.0,21.163503501924584,21.42813108790427,5.507515889169611,21.0,0,-0.42813108790426924,21.050167923363887,20.5,21.5
3307.0,21.16037230440203,21.449076352515902,5.50582749543274,21.0,0,-0.4490763525159025,21.658528998632235,20.5,21.5
3308.0,21.157241395440238,21.469663319482414,5.504138716486228,21.0,0,-0.46966331948241447,21.675532989147534,20.5,21.5
3309.0,21.154110774904446,21.448307926796872,5.5024495536161515,21.0,0,-0.4483079267968719,21.234753999941447,20.5,21.5
3310.0,21.150980442660188,21.445624017414197,5.500760008108883,21.0,0,-0.44562401741419677,21.418784923587445,20.5,21.5
3311.0,21.14785039857328,21.445889010326546,5.499070081251085,21.0,0,-0.44588901032654604,21.44853893945004,20.5,21.5
3312.0,21.144720642509814,21.333260799890937,5.49737977432971,21.0,1,-0.3332607998909367,20.206978695534843,20.5,21.5
3313.0,21.161591174336177,21.32233953377127,5.495689088632,21.0,1,-0.3223395337712702,21.213126872574605,20.5,21.5
3314.0,21.178457993919036,21.373983970950317,5.493998025445486,21.0,0,-0.37398397095031655,21.89042834274078,20.5,21.5
3315.0,21.17532110192534,21.42178495852218,5.492306586057986,21.0,0,-0.42178495852218134,21.89979483424083,20.5,21.5
3316.0,21.17218449902217,21.45455783306698,5.490614771757604,21.0,0,-0.4545578330669784,21.78228657851495,20.5,21.5
3317.0,21.169048185076715,21.55093773636481,5.488922583832734,21.0,0,-0.5509377363648085,22.51473676934311,20.5,21.5
3318.0,21.165912159956466,21.517131793773384,5.487230023572046,21.0,0,-0.5171317937733839,21.17907236785914,20.5,21.5
3319.0,21.162776423529188,21.45784149903552,5.485537092264499,21.0,0,-0.4578414990355206,20.864938551656888,20.5,21.5
3320.0,21.159640975662935,21.49064281028464,5.483843791199336,21.0,0,-0.4906428102846405,21.81865592277584,20.5,21.5
3321.0,21.15650581622604,21.553756968787642,5.482150121666077,21.0,0,-0.553756968787642,22.184898553817657,20.5,21.5
3322.0,21.15337094508713,21.616692094555876,5.480456084954528,21.0,0,-0.6166920945558765,22.24604335223822,20.5,21.5
3323.0,21.150236362115102,21.590365225962728,5.478761682354769,21.0,0,-0.5903652259627279,21.327096540031242,20.5,21.5
3324.0,21.14710206717915,21.65530348192949,5.477066915157162,21.0,0,-0.6553034819294901,22.30468604159711,20.5,21.5
3325.0,21.143968060148747,21.591511938954493,5.475371784652347,21.0,0,-0.5915119389544934,20.953596509204527,20.5,21.5
3326.0,21.140834340893647,21.56589135639483,5.473676292131238,21.0,0,-0.5658913563948289,21.309685530798184,20.5,21.5
3327.0,21.137700909283893,21.483088159846183,5.471980438885026,21.0,0,-0.4830881598461829,20.655056194359723,20.5,21.5
3328.0,21.134567765189814,21.5371633337438,5.47028422620518,21.0,0,-0.5371633337437984,22.077915072719954,20.5,21.5
3329.0,21.131434908482017,21.525864638258525,5.468587655383438,21.0,0,-0.5258646382585255,21.412877683405796,20.5,21.5
3330.0,21.128302339031396,21.481325438540363,5.466890727711811,21.0,0,-0.48132543854036314,21.03593344135874,20.5,21.5
3331.0,21.125170056709134,21.480058276459964,5.465193444482585,21.0,0,-0.4800582764599639,21.46738665565597,20.5,21.5
3332.0,21.12203806138669,21.42334461362002,5.463495806988314,21.0,0,-0.42334461362002074,20.85620798522059,20.5,21.5
3333.0,21.11890635293581,21.457933375321016,5.461797816521824,21.0,0,-0.45793337532101575,21.803820992330966,20.5,21.5
3334.0,21.115774931228525,21.334207480760234,5.460099474376209,21.0,1,-0.33420748076023443,20.09694853515242,20.5,21.5
3335.0,21.132643796137156,21.360533595535706,5.458400781844829,21.0,0,-0.3605335955357063,21.623794743290425,20.5,21.5
3336.0,21.129508947534298,21.372567049208122,5.456701740221312,21.0,0,-0.3725670492081221,21.49290158593228,20.5,21.5
3337.0,21.126374386092834,21.40212156314054,5.455002350799552,21.0,0,-0.4021215631405397,21.697666702464716,20.5,21.5
3338.0,21.123240111685774,21.30146991447292,5.45330261487371,21.0,1,-0.3014699144729214,20.294953427796738,20.5,21.5
3339.0,21.140106124186413,21.398725974756918,5.451602533738207,21.0,0,-0.3987259747569176,22.37128657759688,20.5,21.5
3340.0,21.136968423468325,21.42504913190559,5.449902108687731,21.0,0,-0.42504913190558824,21.688280703392294,20.5,21.5
3341.0,21.13383101020537,21.359464909912866,5.448201341017226,21.0,0,-0.35946490991286595,20.703622689985643,20.5,21.5
3342.0,21.130693884271533,21.380149214746616,5.4465002320219025,21.0,0,-0.38014921474661634,21.58699226308412,20.5,21.5
3343.0,21.127557045541085,21.4180600170193,5.44479878299723,21.0,0,-0.4180600170193003,21.79716803974614,20.5,21.5
3344.0,21.124420493888575,21.450766387363224,5.4430969952389345,21.0,0,-0.45076638736322394,21.77783009080246,20.5,21.5
3345.0,21.121284229188845,21.367542947098,5.441394870043003,21.0,0,-0.3675429470979985,20.535308544445744,20.5,21.5
3346.0,21.118148251317017,21.4158245496639,5.4396924087056755,21.0,0,-0.41582454966389903,21.898640575322904,20.5,21.5
3347.0,21.115012560148493,21.397169390841288,5.4379896125234515,21.0,0,-0.3971693908412881,21.21061780261518,20.5,21.5
3348.0,21.111877155558968,21.413435668164674,5.4362864827930855,21.0,0,-0.4134356681646736,21.57609844139853,20.5,21.5
3349.0,21.108742037424413,21.333143653085152,5.434583020811583,21.0,0,-0.3331436530851519,20.530223502289935,20.5,21.5
3350.0,21.10560720562109,21.409673517622046,5.432879227876206,21.0,0,-0.4096735176220463,22.17497216299099,20.5,21.5
3351.0,21.10247266002554,21.38805302312132,5.431175105284466,21.0,0,-0.3880530231213193,21.17184807811405,20.5,21.5
3352.0,21.099338400514593,21.38092914473213,5.429470654334127,21.0,0,-0.3809291447321286,21.30969036084022,20.5,21.5
3353.0,21.096204426965357,21.331862863921078,5.4277658763232015,21.0,0,-0.3318628639210779,20.84120005581057,20.5,21.5
3354.0,21.09307073925523,21.323915945345853,5.4260607725499534,21.0,0,-0.32391594534585266,21.2444467595936,20.5,21.5
3355.0,21.089937337261887,21.320157960334676,5.424355344312892,21.0,0,-0.3201579603346758,21.282578110222907,20.5,21.5
3356.0,21.086804220863296,21.278958987385842,5.422649592910778,21.0,0,-0.2789589873858418,20.8669692578975,20.5,21.5
3357.0,21.083671389937706,21.19743775297142,5.420943519642612,21.0,1,-0.19743775297142108,20.382225408827214,20.5,21.5
3358.0,21.100538844363648,21.215635760074775,5.419237125807644,21.0,1,-0.21563576007477536,21.397615831108318,20.5,21.5
3359.0,21.117402584019935,21.25339269246129,5.417530412705367,21.0,0,-0.2533926924612899,21.630962016326436,20.5,21.5
3360.0,21.114262609585673,21.21955460152543,5.415823381635518,21.0,0,-0.21955460152543083,20.88117369216684,20.5,21.5
3361.0,21.111122921740083,21.28219670671686,5.414116033898076,21.0,0,-0.28219670671686004,21.908617758631152,20.5,21.5
3362.0,21.107983520362517,21.42956080767807,5.412408370793259,21.0,0,-0.4295608076780688,22.903201817290157,20.5,21.5
3363.0,21.104844405332603,21.422926448988896,5.410700393621528,21.0,0,-0.4229264489888962,21.35658286209717,20.5,21.5
3364.0,21.10170557653026,21.3460094909669,5.408992103683581,21.0,0,-0.3460094909668996,20.576839910746934,20.5,21.5
3365.0,21.098567033835693,21.435255797520362,5.407283502280355,21.0,0,-0.43525579752036236,22.32771886305499,20.5,21.5
3366.0,21.09542877712938,21.428207635387302,5.405574590713025,21.0,0,-0.42820763538730233,21.357726014056702,20.5,21.5
3367.0,21.092290806292098,21.384301445370248,5.403865370283002,21.0,0,-0.384301445370248,20.945239545199705,20.5,21.5
3368.0,21.089153121204895,21.431747485700505,5.40215584229193,21.0,0,-0.43174748570050525,21.906207889003078,20.5,21.5
3369.0,21.086015721749114,21.411086449119164,5.40044600804169,21.0,0,-0.41108644911916414,21.204476083305753,20.5,21.5
3370.0,21.08287860780637,21.3477117859886,5.398735868834395,21.0,0,-0.34771178598860075,20.713965154682967,20.5,21.5
3371.0,21.079741779258576,21.309756974409833,5.39702542597239,21.0,0,-0.30975697440983296,20.930208858622155,20.5,21.5
3372.0,21.07660523598792,21.316780855875944,5.3953146807582515,21.0,0,-0.31678085587594396,21.387019670537054,20.5,21.5
3373.0,21.073468977876875,21.35060000430597,5.393603634494789,21.0,0,-0.3506000043059707,21.68879148860624,20.5,21.5
3374.0,21.070333004808198,21.40545790031353,5.391892288485036,21.0,0,-0.4054579003135288,21.95403686038911,20.5,21.5
3375.0,21.067197316664934,21.455735627484426,5.390180644032256,21.0,0,-0.455735627484426,21.958512899193398,20.5,21.5
3376.0,21.06406191333041,21.492843505780158,5.388468702439944,21.0,0,-0.4928435057801579,21.863922288737477,20.5,21.5
3377.0,21.060926794688232,21.457961714951338,5.386756465011816,21.0,0,-0.4579617149513382,21.10914380666314,20.5,21.5
3378.0,21.057791960622296,21.41867142542377,5.385043933051816,21.0,0,-0.41867142542377067,21.025768530148095,20.5,21.5
3379.0,21.054657411016784,21.422616045120577,5.38333110786411,21.0,0,-0.42261604512057716,21.462062242088642,20.5,21.5
3380.0,21.051523145756153,21.46612058027566,5.38161799075309,21.0,0,-0.4661205802756605,21.901165931826494,20.5,21.5
3381.0,21.04838916472515,21.460579269903633,5.37990458302337,21.0,0,-0.46057926990363285,21.405166166183356,20.5,21.5
3382.0,21.04525546780881,21.46394513342121,5.378190885979782,21.0,0,-0.463945133421209,21.49760376859697,20.5,21.5
3383.0,21.042122054892445,21.422590459270953,5.3764769009273845,21.0,0,-0.4225904592709533,21.009043717768396,20.5,21.5
3384.0,21.038988925861652,21.406069878110273,5.37476262917145,21.0,0,-0.40606987811027295,21.24086406650347,20.5,21.5
3385.0,21.035856080602315,21.27852025270036,5.373048072017469,21.0,1,-0.2785202527003605,20.003023998601236,20.5,21.5
3386.0,21.052723519000597,21.243085194454192,5.371333230771154,21.0,1,-0.24308519445419208,20.888734611992508,20.5,21.5
3387.0,21.06958724094295,21.255811225871582,5.369618106738431,21.0,1,-0.25581122587158234,21.383071540045485,20.5,21.5
3388.0,21.08644724711611,21.33913427019699,5.367902701225439,21.0,0,-0.3391342701969897,22.172364713451064,20.5,21.5
3389.0,21.08330353820693,21.477005359642526,5.366187015538539,21.0,0,-0.47700535964252566,22.855716254097885,20.5,21.5
3390.0,21.080160114902398,21.458480569888987,5.364471050984296,21.0,0,-0.45848056988898733,21.273232672353604,20.5,21.5
3391.0,21.077016977089613,21.464146049191417,5.362754808869492,21.0,0,-0.46414604919141667,21.52080084221571,20.5,21.5
3392.0,21.07387412465597,21.523280051406577,5.36103829050112,21.0,0,-0.5232800514065765,22.114620073558175,20.5,21.5
3393.0,21.07073155748914,21.476846875352138,5.359321497186385,21.0,0,-0.47684687535213754,21.012515114807748,20.5,21.5
3394.0,21.06758927547708,21.39708327256211,5.3576044302326995,21.0,0,-0.39708327256211007,20.599447244661835,20.5,21.5
3395.0,21.06444727850803,21.4003315781979,5.355887090947684,21.0,0,-0.4003315781978998,21.432814634555797,20.5,21.5
3396.0,21.06130556647052,21.40870974820776,5.354169480639166,21.0,0,-0.40870974820775885,21.49249144830635,20.5,21.5
3397.0,21.058164139253353,21.431041115226662,5.352451600615184,21.0,0,-0.43104111522666244,21.6543547854157,20.5,21.5
3398.0,21.055022996745627,21.399096026604944,5.350733452183974,21.0,0,-0.39909602660494414,21.07964514038776,20.5,21.5
3399.0,21.051882138836714,21.345848179143662,5.3490150366539835,21.0,0,-0.34584817914366184,20.81336970453084,20.5,21.5
3400.0,21.04874156541628,21.385142016312994,5.347296355333861,21.0,0,-0.3851420163129937,21.778080388006313,20.5,21.5
3401.0,21.045601276374263,21.4022094671945,5.3455774095324555,21.0,0,-0.4022094671944991,21.572883976009553,20.5,21.5
3402.0,21.042461271600896,21.33819070659235,5.343858200558819,21.0,0,-0.33819070659234995,20.69800310057086,20.5,21.5
3403.0,21.03932155098669,21.34963093363428,5.342138729722206,21.0,0,-0.34963093363428044,21.464033204053585,20.5,21.5
3404.0,21.036182114422434,21.39180649260874,5.340418998332066,21.0,0,-0.39180649260874034,21.81356208235334,20.5,21.5
3405.0,21.033042961799215,21.375658606377762,5.3386990076980485,21.0,0,-0.37565860637776183,21.214179744067977,20.5,21.5
3406.0,21.029904093008394,21.351057846186148,5.336978759130005,21.0,0,-0.35105784618614777,21.105050244270007,20.5,21.5
3407.0,21.02676550794162,21.315989547909176,5.335258253937978,21.0,0,-0.3159895479091759,20.965306565139457,20.5,21.5
3408.0,21.02362720649082,21.29153943191444,5.333537493432204,21.0,0,-0.29153943191444043,21.047038271967086,20.5,21.5
3409.0,21.020489188548208,21.312255405181922,5.3318164789231215,21.0,0,-0.3122554051819222,21.51941513785674,20.5,21.5
3410.0,21.01735145400628,21.200626809910027,5.330095211721355,21.0,1,-0.2006268099100268,20.084340857191073,20.5,21.5
3411.0,21.034214002757825,21.146054832471936,5.328373693137727,21.0,1,-0.14605483247193618,20.60033505809103,20.5,21.5
3412.0,21.0510728346959,21.18105958135477,5.326651924483245,21.0,0,-0.18105958135476996,21.531107070183108,20.5,21.5
3413.0,21.04792795051386,21.28743408713465,5.324929907069113,21.0,0,-0.287434087134649,22.35117914493344,20.5,21.5
3414.0,21.04478335090517,21.241929898841796,5.3232076422067225,21.0,0,-0.2419298988417964,20.78688801591327,20.5,21.5
3415.0,21.04163903576343,21.3320838572715,5.321485131207652,21.0,0,-0.33208385727149903,22.233623441568525,20.5,21.5
3416.0,21.03849500498252,21.43402208053576,5.31976237538367,21.0,0,-0.43402208053576175,22.45340431317839,20.5,21.5
3417.0,21.0353512584566,21.428116103806484,5.3180393760467295,21.0,0,-0.42811610380648446,21.36905633651371,20.5,21.5
3418.0,21.03220779608012,21.4091991007832,5.316316134508967,21.0,0,-0.40919910078320143,21.22002907055037,20.5,21.5
3419.0,21.029064617747803,21.415753788063395,5.314592652082709,21.0,0,-0.4157537880633946,21.481300660865326,20.5,21.5
3420.0,21.02592172335467,21.423020165933973,5.312868930080462,21.0,0,-0.4230201659339734,21.49568394463976,20.5,21.5
3421.0,21.022779112796016,21.397745135668895,5.311144969814913,21.0,0,-0.39774513566889524,21.144994833018114,20.5,21.5
3422.0,21.01963678596742,21.373278834878516,5.309420772598937,21.0,0,-0.37327883487851565,21.12861582697472,20.5,21.5
3423.0,21.01649474276475,21.3410705513904,5.307696339745581,21.0,0,-0.34107055139039844,21.018987716509226,20.5,21.5
3424.0,21.013352983084147,21.342934294011396,5.305971672568077,21.0,0,-0.3429342940113962,21.361571720221374,20.5,21.5
3425.0,21.010211506822042,21.344133400553353,5.304246772379833,21.0,0,-0.3441334005533534,21.356124465972925,20.5,21.5
3426.0,21.007070313875154,21.348491632974934,5.302521640494438,21.0,0,-0.3484916329749339,21.39207395719074,20.5,21.5
3427.0,21.00392940414048,21.37204658547335,5.300796278225654,21.0,0,-0.372046585473349,21.6075961104575,20.5,21.5
3428.0,21.000788777515297,21.359525893075787,5.299070686887419,21.0,0,-0.3595258930757872,21.23431896910017,20.5,21.5
3429.0,20.997648433897172,21.384184584205865,5.297344867793846,21.0,0,-0.3841845842058653,21.630771495506647,20.5,21.5
3430.0,20.99450837318395,21.40031834173424,5.295618822259222,21.0,0,-0.4003183417342413,21.561655917018,20.5,21.5
3431.0,20.991368595273766,21.300887003187565,5.293892551598003,21.0,1,-0.3008870031875652,20.306573617720804,20.5,21.5
3432.0,21.00822910006503,21.298659608611455,5.292166057124823,21.0,1,-0.29865960861145524,21.276385662850355,20.5,21.5
3433.0,21.02508588745644,21.24908597595785,5.290439340154482,21.0,1,-0.24908597595785054,20.753349649421803,20.5,21.5
3434.0,21.041938958146982,21.24847495625912,5.288712402001948,21.0,1,-0.24847495625911975,21.242364759271812,20.5,21.5
3435.0,21.058788312835752,21.304078332385288,5.286985243982358,21.0,0,-0.3040783323852878,21.86011209364697,20.5,21.5
3436.0,21.05563395222198,21.43241011790196,5.2852578674110235,21.0,0,-0.43241011790195927,22.715727973068674,20.5,21.5
3437.0,21.05247987700502,21.416423209124858,5.2835302736034135,21.0,0,-0.41642320912485786,21.256554121353844,20.5,21.5
3438.0,21.04932608708434,21.433567974930522,5.281802463875165,21.0,0,-0.4335679749305221,21.605015632987165,20.5,21.5
3439.0,21.046172582359695,21.41590525189084,5.2800744395420836,21.0,0,-0.41590525189084104,21.23927802149403,20.5,21.5
3440.0,21.04301936273113,21.350553066627967,5.278346201920131,21.0,0,-0.3505530666279668,20.697031213999225,20.5,21.5
3441.0,21.039866428098968,21.305570114284233,5.276617752325437,21.0,0,-0.3055701142842331,20.855740590846896,20.5,21.5
3442.0,21.03671377836381,21.347635501954453,5.274889092074293,21.0,0,-0.3476355019544535,21.768289378656657,20.5,21.5
3443.0,21.033561413426554,21.35952896824532,5.273160222483147,21.0,0,-0.3595289682453213,21.478463631154,20.5,21.5
3444.0,21.030409333188366,21.394098659732226,5.27143114486861,21.0,0,-0.3940986597322258,21.73979557460127,20.5,21.5
3445.0,21.027257537550703,21.403677481008486,5.269701860547446,21.0,0,-0.40367748100848644,21.499465693771093,20.5,21.5
3446.0,21.024106026415303,21.377574758788892,5.267972370836585,21.0,0,-0.37757475878889224,21.11654753659295,20.5,21.5
3447.0,21.020954799684187,21.387179901079627,5.266242677053105,21.0,0,-0.38717990107962663,21.48323132398697,20.5,21.5
3448.0,21.01780385725966,21.34874342330251,5.264512780514244,21.0,0,-0.3487434233025084,20.964378645531326,20.5,21.5
3449.0,21.01465319904431,21.280576039042185,5.262782682537396,21.0,0,-0.28057603904218453,20.598902196438946,20.5,21.5
3450.0,21.011502824941008,21.231906904245943,5.261052384440104,21.0,0,-0.2319069042459425,20.745215556283522,20.5,21.5
3451.0,21.00835273485291,21.207434619174574,5.259321887540064,21.0,0,-0.20743461917457395,20.96271176846089,20.5,21.5
3452.0,21.005202928683445,21.196670833676762,5.257591193155125,21.0,0,-0.1966708336767624,21.089032978698647,20.5,21.5
3453.0,21.00205340633634,21.185035103975228,5.255860302603288,21.0,0,-0.1850351039752276,21.06867780695988,20.5,21.5
3454.0,20.998904167715594,21.219332094987664,5.2541292172027,21.0,0,-0.2193320949876636,21.562302005112024,20.5,21.5
3455.0,20.99575521272549,21.260763259163205,5.25239793827166,21.0,0,-0.2607632591632054,21.675074900918624,20.5,21.5
3456.0,20.9926065412706,21.317701909518654,5.250666467128609,21.0,0,-0.31770190951865374,21.887088413073137,20.5,21.5
3457.0,20.98945815325577,21.304848283273795,5.248934805092139,21.0,0,-0.3048482832737953,21.17631202082521,20.5,21.5
3458.0,20.986310048586137,21.38703968849728,5.247202953480985,21.0,0,-0.38703968849727843,22.20895374073211,20.5,21.5
3459.0,20.983162227167117,21.320627625334865,5.24547091361403,21.0,0,-0.3206276253348648,20.656506993710728,20.5,21.5
3460.0,20.980014688904408,21.311855017975006,5.243738686810295,21.0,0,-0.3118550179750059,21.224128944376417,20.5,21.5
3461.0,20.97686743370399,21.270140552537708,5.242006274388948,21.0,0,-0.27014055253770763,20.852995898164725,20.5,21.5
3462.0,20.973720461472126,21.22279939582888,5.240273677669294,21.0,0,-0.2227993958288792,20.749387828740595,20.5,21.5
3463.0,20.970573772115365,21.13794804630568,5.2385408979707835,21.0,1,-0.1379480463056808,20.289434551073697,20.5,21.5
3464.0,20.987427365540537,21.228886551891613,5.236807936613001,21.0,0,-0.22888655189161256,22.13827160775093,20.5,21.5
3465.0,20.984277241654752,21.251041359680727,5.2350747949156755,21.0,0,-0.2510413596807268,21.47258943757187,20.5,21.5
3466.0,20.981127401165406,21.276277589103643,5.233341474198667,21.0,0,-0.27627758910364264,21.5286398833328,20.5,21.5
3467.0,20.977977843980014,21.29333044647381,5.231607975781975,21.0,0,-0.29333044647381,21.463859020175484,20.5,21.5
3468.0,20.974828570006373,21.31583951307523,5.229874300985733,21.0,0,-0.31583951307522895,21.54093017908942,20.5,21.5
3469.0,20.971679579152568,21.298042595097126,5.228140451130212,21.0,0,-0.29804259509712594,21.120073415316096,20.5,21.5
3470.0,20.968530871326962,21.250858597135014,5.226406427535814,21.0,0,-0.25085859713501435,20.7790186175139,20.5,21.5
3471.0,20.965382446438205,21.22854118961799,5.224672231523071,21.0,0,-0.22854118961798875,21.005367114447733,20.5,21.5
3472.0,20.962234304395224,21.23093421317903,5.222937864412652,21.0,0,-0.2309342131790295,21.254864448789437,20.5,21.5
3473.0,20.95908644510723,21.1908340186101,5.22120332752535,21.0,0,-0.19083401861010074,20.789832072920813,20.5,21.5
3474.0,20.955938868483713,21.170894190896426,5.219468622182091,21.0,0,-0.17089419089642632,20.971495913759682,20.5,21.5
3475.0,20.952791574434453,21.16558845497077,5.217733749703929,21.0,0,-0.16558845497077002,21.112531095714207,20.5,21.5
3476.0,20.94964456286951,21.114290552468777,5.215998711412046,21.0,0,-0.11429055246877695,20.601311527448846,20.5,21.5
3477.0,20.946497833699215,21.20076438104073,5.214263508627749,21.0,0,-0.2007643810407309,22.06550266676027,20.5,21.5
3478.0,20.943351386834202,21.271951997919935,5.212528142672467,21.0,0,-0.27195199791993474,21.983828166711973,20.5,21.5
3479.0,20.94020522218537,21.325800658804706,5.21079261486776,21.0,0,-0.325800658804706,21.86428726765242,20.5,21.5
3480.0,20.937059339663907,21.457835317830018,5.2090569265353075,21.0,0,-0.45783531783001763,22.778181908083134,20.5,21.5
3481.0,20.933913739181282,21.518932489926105,5.207321078996911,21.0,0,-0.5189324899261045,22.129904210886973,20.5,21.5
3482.0,20.930768420649244,21.44282577306266,5.205585073574493,21.0,0,-0.44282577306265836,20.681758604428197,20.5,21.5
3483.0,20.927623383979828,21.421686521228146,5.203848911590101,21.0,0,-0.4216865212281462,21.210294002883025,20.5,21.5
3484.0,20.92447862908535,21.369639380912353,5.202112594365893,21.0,0,-0.3696393809123535,20.849167977754426,20.5,21.5
3485.0,20.921334155878405,21.249273962433996,5.200376123224153,21.0,1,-0.24927396243399613,20.045619777650423,20.5,21.5
3486.0,20.938189964271874,21.232942203466568,5.198639499487278,21.0,1,-0.23294220346656758,21.069624613792282,20.5,21.5
3487.0,20.955042054178918,21.21684010493714,5.196902724477783,21.0,1,-0.21684010493714112,21.055819119642877,20.5,21.5
3488.0,20.971890426312978,21.19738846976553,5.1951657995183,21.0,1,-0.19738846976553148,21.002872118049435,20.5,21.5
3489.0,20.98873508138762,21.172139310532277,5.193428725931569,21.0,1,-0.17213931053227682,20.91964771819973,20.5,21.5
3490.0,21.00557602011653,21.188858911992128,5.191691505040449,21.0,1,-0.1888589119921278,21.356054926590637,20.5,21.5
3491.0,21.022413243213514,21.231342993468083,5.189954138167908,21.0,0,-0.23134299346808262,21.65618380822763,20.5,21.5
3492.0,21.019246751392505,21.253404302474618,5.188216626637029,21.0,0,-0.25340430247461754,21.474017392539967,20.5,21.5
3493.0,21.016080545367554,21.264345094106993,5.186478971771001,21.0,0,-0.2643450941069929,21.373753010430747,20.5,21.5
3494.0,21.012914625052836,21.28477628981049,5.184741174893124,21.0,0,-0.2847762898104911,21.489088246845473,20.5,21.5
3495.0,21.009748990362805,21.313319054079223,5.183003237326806,21.0,0,-0.3133190540792228,21.59874669676654,20.5,21.5
3496.0,21.0065836412122,21.31049624938463,5.181265160395561,21.0,0,-0.31049624938463083,21.28226820243871,20.5,21.5
3497.0,21.003418577516037,21.34037513125805,5.179526945423011,21.0,0,-0.34037513125804963,21.639163949992238,20.5,21.5
3498.0,21.00025379918962,21.42176909155068,5.177788593732883,21.0,0,-0.4217690915506793,22.235708694476976,20.5,21.5
3499.0,20.997089306148528,21.387974501113778,5.176050106649008,21.0,0,-0.38797450111377785,21.050028596744763,20.5,21.5
3500.0,20.993925098308626,21.436089020479045,5.174311485495317,21.0,0,-0.4360890204790451,21.917234214131717,20.5,21.5
3501.0,20.990761175586062,21.488403769825943,5.172572731595847,21.0,0,-0.48840376982594336,22.011551263294926,20.5,21.5
3502.0,20.987597537897265,21.478666086269257,5.170833846274736,21.0,0,-0.4786660862692571,21.381289250702395,20.5,21.5
3503.0,20.984434185158943,21.42257558541418,5.169094830856218,21.0,0,-0.4225755854141795,20.861670576863403,20.5,21.5
3504.0,20.98127111728808,21.48462816642857,5.167355686664631,21.0,0,-0.4846281664285712,22.10515397657249,20.5,21.5
3505.0,20.978108334201956,21.467119020161643,5.1656164150244095,21.0,0,-0.4671190201616433,21.292027557492364,20.5,21.5
3506.0,20.97494583581812,21.416828587314015,5.1638770172600825,21.0,0,-0.41682858731401495,20.91392425883773,20.5,21.5
3507.0,20.971783622054406,21.345539030498017,5.162137494696277,21.0,0,-0.34553903049801704,20.632643462338038,20.5,21.5
3508.0,20.968621692828936,21.40531154167662,5.160397848657718,21.0,0,-0.4053115416766211,22.00303665346266,20.5,21.5
3509.0,20.965460048060102,21.378641183341777,5.158658080469219,21.0,0,-0.3786411833417773,21.11193759999334,20.5,21.5
3510.0,20.962298687666582,21.389337133274292,5.156918191455691,21.0,0,-0.3893371332742923,21.496296632599442,20.5,21.5
3511.0,20.95913761156734,21.36616735016668,5.155178182942132,21.0,0,-0.36616735016668045,21.134469519090562,20.5,21.5
3512.0,20.955976819681613,21.359168334014555,5.153438056253638,21.0,0,-0.35916833401455506,21.2891781724933,20.5,21.5
3513.0,20.952816311928927,21.257383658727,5.151697812715389,21.0,1,-0.25738365872700086,20.23953690585146,20.5,21.5
3514.0,20.969656088229083,21.324463056327815,5.149957453652656,21.0,0,-0.324463056327815,21.995257032335957,20.5,21.5
3515.0,20.96649214850217,21.311682340430156,5.1482169803907984,21.0,0,-0.3116823404301563,21.18387518145357,20.5,21.5
3516.0,20.96332849346855,21.29931058859383,5.146476394255265,21.0,0,-0.29931058859382986,21.175593070230565,20.5,21.5
3517.0,20.960165123048707,21.28313437831506,5.1447356965715825,21.0,0,-0.2831343783150615,21.121372275527378,20.5,21.5
3518.0,20.957002037163413,21.238652516308047,5.142994888665372,21.0,0,-0.23865251630804707,20.793833896237903,20.5,21.5
3519.0,20.953839235733714,21.18878930573525,5.141253971862334,21.0,0,-0.18878930573524855,20.690157200007263,20.5,21.5
3520.0,20.95067671868094,21.125161802300674,5.13951294748825,21.0,1,-0.1251618023006742,20.48888676795493,20.5,21.5
3521.0,20.9675144859267,21.18004017508603,5.13777181686899,21.0,0,-0.18004017508603098,21.7288239029396,20.5,21.5
3522.0,20.964348537392887,21.236980571556806,5.136030581330497,21.0,0,-0.2369805715568063,21.80638453626456,20.5,21.5
3523.0,20.961182873801675,21.253558723391528,5.134289242198799,21.0,0,-0.25355872339152796,21.419340241738745,20.5,21.5
3524.0,20.958017495075357,21.2649619918298,5.1325478008,21.0,0,-0.26496199182980007,21.37899467621252,20.5,21.5
3525.0,20.954852401136502,21.28660652978731,5.130806258460286,21.0,0,-0.28660652978730994,21.50305190936241,20.5,21.5
3526.0,20.951687591907966,21.24422995037037,5.129064616505916,21.0,0,-0.24422995037037154,20.820464156200988,20.5,21.5
3527.0,20.948523067312884,21.3130805306439,5.127322876263226,21.0,0,-0.3130805306439015,22.0015863333792,20.5,21.5
3528.0,20.945358827274674,21.38956160664362,5.125581039058627,21.0,0,-0.38956160664362116,22.154372366640818,20.5,21.5
3529.0,20.94219487171703,21.30628449097532,5.123839106218604,21.0,1,-0.30628449097531885,20.473513334292296,20.5,21.5
3530.0,20.95903120056393,21.28369155053175,5.122097079069714,21.0,1,-0.2836915505317492,21.057762146096053,20.5,21.5
3531.0,20.975863813739632,21.269271551222786,5.120354958938587,21.0,1,-0.26927155122278634,21.125071558133158,20.5,21.5
3532.0,20.992692711968672,21.230464840919883,5.118612747151924,21.0,1,-0.23046484091988262,20.842397737890845,20.5,21.5
3533.0,21.00951789597571,21.25443319034347,5.116870445036493,21.0,1,-0.25443319034346956,21.49411668457934,20.5,21.5
3534.0,21.02633936648552,21.3468566525105,5.115128053919134,21.0,0,-0.3468566525104997,22.2710912741808,20.5,21.5
3535.0,21.023157124223005,21.455736333650243,5.113385575126755,21.0,0,-0.45573633365024335,22.54453314504768,20.5,21.5
3536.0,21.019975169913184,21.510978652873526,5.111643009986328,21.0,0,-0.5109786528735256,22.06340184510635,20.5,21.5
3537.0,21.0167935034812,21.517853792845504,5.109900359824891,21.0,0,-0.5178537928455036,21.586605192565283,20.5,21.5
3538.0,21.013612124852468,21.532705442365152,5.108157625969551,21.0,0,-0.5327054423651525,21.68122193756164,20.5,21.5
3539.0,21.010431033952692,21.503551704847144,5.1064148097474735,21.0,0,-0.5035517048471441,21.21201432966706,20.5,21.5
3540.0,21.00725023070785,21.452924619031585,5.1046719124858875,21.0,0,-0.45292461903158454,20.94665376087599,20.5,21.5
3541.0,21.004069715044206,21.388649806147573,5.102928935512089,21.0,0,-0.3886498061475727,20.745901677307454,20.5,21.5
3542.0,21.0008894868883,21.364587724704688,5.101185880153427,21.0,0,-0.3645877247046876,21.123966910275836,20.5,21.5
3543.0,20.997709546166956,21.319072854150093,5.099442747737316,21.0,0,-0.3190728541500931,20.86392414860415,20.5,21.5
3544.0,20.994529892807268,21.388822143270446,5.097699539591227,21.0,0,-0.3888221432704455,22.08631503447397,20.5,21.5
3545.0,20.991350526736625,21.33357447383634,5.095956257042689,21.0,0,-0.33357447383633954,20.78109777949528,20.5,21.5
3546.0,20.988171447882685,21.418234608660633,5.094212901419285,21.0,0,-0.418234608660633,22.264835956903568,20.5,21.5
3547.0,20.984992656173393,21.35155312351022,5.092469474048659,21.0,0,-0.3515531235102216,20.684738272006108,20.5,21.5
3548.0,20.98181415153697,21.304433425188005,5.090725976258508,21.0,0,-0.3044334251880052,20.83323644196584,20.5,21.5
3549.0,20.978635933901913,21.282557315461965,5.0889824093765785,21.0,0,-0.2825573154619647,21.06379621820156,20.5,21.5
3550.0,20.97545800319701,21.20229341832352,5.087238774730672,21.0,1,-0.20229341832352077,20.39965444693908,20.5,21.5
3551.0,20.992280359351316,21.12338902490154,5.085495073648644,21.0,1,-0.12338902490154169,20.33434509068175,20.5,21.5
3552.0,21.009099002294175,21.155399488338826,5.0837513074583995,21.0,1,-0.15539948833882633,21.475504122711673,20.5,21.5
3553.0,21.02591393275521,21.203045592868914,5.08200747748789,21.0,0,-0.20304559286891433,21.679506638169794,20.5,21.5
3554.0,21.022725151464154,21.181471559479697,5.08026358506512,21.0,0,-0.1814715594796965,20.96573122558752,20.5,21.5
3555.0,21.019536659150873,21.246776147679604,5.078519631518138,21.0,0,-0.2467761476796042,21.89982202967868,20.5,21.5
3556.0,21.016348455745348,21.226069807231898,5.07677561817504,21.0,0,-0.22606980723189807,21.019006402754837,20.5,21.5
3557.0,21.013160541177832,21.21694933449985,5.075031546363969,21.0,0,-0.21694933449985143,21.125744607179385,20.5,21.5
3558.0,21.00997291537887,21.204642672928248,5.073287417413113,21.0,0,-0.204642672928248,21.081576057212214,20.5,21.5
3559.0,21.006785578279278,21.183088081612475,5.071543232650699,21.0,0,-0.1830880816124747,20.96754216845474,20.5,21.5
3560.0,21.00359852981015,21.168546102685745,5.069798993405002,21.0,0,-0.16854610268574532,21.02312631341845,20.5,21.5
3561.0,21.000411769902872,21.210411263063424,5.0680547010043355,21.0,0,-0.21041126306342406,21.62906286684021,20.5,21.5
3562.0,20.99722529848909,21.29517927895742,5.066310356777053,21.0,0,-0.2951792789574199,22.14285943789738,20.5,21.5
3563.0,20.994039115500748,21.331603440235103,5.064565962051549,21.0,0,-0.3316034402351029,21.695845053011933,20.5,21.5
3564.0,20.990853220870058,21.306106566738528,5.062821518156256,21.0,0,-0.3061065667385279,21.051137831772778,20.5,21.5
3565.0,20.987667614529514,21.48909306232766,5.061077026419646,21.0,0,-0.4890930623276617,23.318958018219,20.5,21.5
3566.0,20.98448229641189,21.50087957752415,5.059332488170222,21.0,0,-0.5008795775241488,21.61874472948902,20.5,21.5
3567.0,20.98129726645024,21.43195303964195,5.057587904736527,21.0,0,-0.4319530396419502,20.742687660819964,20.5,21.5
3568.0,20.9781125245779,21.428789073001653,5.0558432774471385,21.0,0,-0.4287890730016528,21.39714940659868,20.5,21.5
3569.0,20.974928070728474,21.437926658249623,5.054098607630663,21.0,0,-0.43792665824962285,21.529302510729323,20.5,21.5
3570.0,20.971743904835854,21.289445084503605,5.052353896615746,21.0,1,-0.28944508450360473,19.804629347043424,20.5,21.5
3571.0,20.98856002683421,21.28951765886676,5.05060914573106,21.0,1,-0.2895176588667603,21.290243402498316,20.5,21.5
3572.0,21.00537243665799,21.327275973760706,5.048864356305307,21.0,0,-0.32727597376070605,21.704859122700164,20.5,21.5
3573.0,21.00218113504192,21.339238698927637,5.047119529667221,21.0,0,-0.33923869892763747,21.45886595059695,20.5,21.5
3574.0,20.998990122720844,21.3412556476863,5.045374667145563,21.0,0,-0.34125564768629957,21.36142513527292,20.5,21.5
3575.0,20.99579939962973,21.36644841247617,5.043629770069122,21.0,0,-0.36644841247617066,21.61837606037488,20.5,21.5
3576.0,20.992608965703816,21.361839749145155,5.041884839766714,21.0,0,-0.3618397491451546,21.315753115834994,20.5,21.5
3577.0,20.98941882087863,21.341281115120545,5.040139877567179,21.0,0,-0.3412811151205446,21.135694774874445,20.5,21.5
3578.0,20.986228965089968,21.300764522187443,5.03839488479938,21.0,0,-0.30076452218744265,20.895598592856423,20.5,21.5
3579.0,20.98303939827391,21.316050252640427,5.036649862792205,21.0,0,-0.3160502526404265,21.468907557170265,20.5,21.5
3580.0,20.979850120366812,21.258095476864167,5.034904812874567,21.0,0,-0.2580954768641668,20.67854771910157,20.5,21.5
3581.0,20.976661131305313,21.24617113569071,5.033159736375395,21.0,0,-0.2461711356907088,21.12692772395613,20.5,21.5
3582.0,20.973472431026327,21.231371354687532,5.031414634623642,21.0,0,-0.231371354687532,21.083373544655764,20.5,21.5
3583.0,20.970284019467048,21.240574797309073,5.029669508948277,21.0,0,-0.2405747973090726,21.33260922352448,20.5,21.5
3584.0,20.967095896564945,21.22112057037305,5.02792436067829,21.0,0,-0.22112057037304922,21.026578301012815,20.5,21.5
3585.0,20.96390806225777,21.217351265496234,5.026179191142689,21.0,0,-0.21735126549623374,21.17965821672808,20.5,21.5
3586.0,20.960720516483544,21.269822219631855,5.024434001670494,21.0,0,-0.2698222196318554,21.79453176098807,20.5,21.5
3587.0,20.957533259180583,21.25695398735108,5.022688793590746,21.0,0,-0.25695398735107844,21.12827166454331,20.5,21.5
3588.0,20.954346290287464,21.20824068505151,5.020943568232492,21.0,0,-0.2082406850515106,20.721107662055832,20.5,21.5
3589.0,20.951159609743055,21.153832221080734,5.0191983269248,21.0,0,-0.1538322210807337,20.609747581372964,20.5,21.5
3590.0,20.947973217486492,21.17234040430941,5.017453070996748,21.0,0,-0.17234040430940922,21.357422236596165,20.5,21.5
3591.0,20.944787113457195,21.15688463777583,5.015707801777423,21.0,0,-0.1568846377758284,21.00232697244002,20.5,21.5
3592.0,20.94160129759486,21.20452567127969,5.013962520595922,21.0,0,-0.2045256712796899,21.680936006318305,20.5,21.5
3593.0,20.938415769839462,21.260734639683953,5.012217228781357,21.0,0,-0.26073463968395316,21.822824323726586,20.5,21.5
3594.0,20.93523053013125,21.242229795594262,5.01047192766284,21.0,0,-0.2422297955942625,21.057181354697356,20.5,21.5
3595.0,20.932045578410754,21.26603059734868,5.008726618569494,21.0,0,-0.2660305973486814,21.50403861489287,20.5,21.5
3596.0,20.928860914618785,21.22340106819657,5.0069813028304475,21.0,0,-0.22340106819656924,20.797105776675448,20.5,21.5
3597.0,20.925676538696425,21.227332727446672,5.0052359817748355,21.0,0,-0.22733272744667232,21.266649319947703,20.5,21.5
3598.0,20.92249245058504,21.16850569992547,5.003490656731797,21.0,0,-0.16850569992546838,20.58023542471343,20.5,21.5
3599.0,20.91930865022627,21.230969887196373,5.00174532903047,21.0,0,-0.23096988719637324,21.855611759905422,20.5,21.5
